2026-09-02 16:14:09 | INFO | app | StockFlow logging initialized | level=INFO | dir=logs
2026-09-02 16:14:11 | INFO | app | Flask application initialized
2026-09-02 16:14:24 | INFO | app | HTTP GET / -> 200 123.1ms request_id=6a44b9f2ac25 user_id=1
2026-09-02 16:14:24 | INFO | app | HTTP GET /static/css/app.css -> 200 1.3ms request_id=abdea09b0a98 user_id=1
2026-09-02 16:14:24 | INFO | app | HTTP GET /static/css/components.css -> 200 5.8ms request_id=7184dcab9a71 user_id=1
2026-09-02 16:14:24 | INFO | app | HTTP GET /static/js/app.js -> 200 7.0ms request_id=a34abdb9e7df user_id=1
2026-09-02 16:14:29 | INFO | app | HTTP GET / -> 200 9.5ms request_id=0d5406562009 user_id=1
2026-09-02 16:14:29 | INFO | app | HTTP GET /static/css/app.css -> 304 1.6ms request_id=d0befe92ac4c user_id=1
2026-09-02 16:14:29 | INFO | app | HTTP GET /static/css/components.css -> 304 2.6ms request_id=95834e4b218a user_id=1
2026-09-02 16:14:29 | INFO | app | HTTP GET /static/js/app.js -> 304 3.1ms request_id=4628f6566fb8 user_id=1
2026-09-02 16:14:30 | INFO | app | HTTP GET /upload -> 200 6.6ms request_id=48256672d227 user_id=1
2026-09-02 16:14:30 | INFO | app | HTTP GET /static/css/app.css -> 304 0.7ms request_id=d691c23d1b87 user_id=1
2026-09-02 16:14:30 | INFO | app | HTTP GET /static/css/components.css -> 304 0.5ms request_id=ddf5efe2884d user_id=1
2026-09-02 16:14:30 | INFO | app | HTTP GET /static/js/app.js -> 304 0.9ms request_id=3f3a90512639 user_id=1
2026-09-02 16:14:32 | INFO | app | HTTP GET /chat -> 200 6.3ms request_id=1a942f0cfd17 user_id=1
2026-09-02 16:14:32 | INFO | app | HTTP GET /static/css/app.css -> 304 2.0ms request_id=2ffcb03e252f user_id=1
2026-09-02 16:14:32 | INFO | app | HTTP GET /static/js/app.js -> 304 9.2ms request_id=f26c6c6d74c1 user_id=1
2026-09-02 16:14:32 | INFO | app | HTTP GET /static/css/components.css -> 304 6.1ms request_id=9d3089f10ba8 user_id=1
2026-09-02 16:14:32 | INFO | app | HTTP GET /static/js/chat.js -> 200 8.6ms request_id=5cc875449ab2 user_id=1
2026-09-02 16:14:33 | INFO | app | HTTP GET /api/files -> 200 13.7ms request_id=b222901e8e15 user_id=1
2026-09-02 16:14:33 | INFO | app | HTTP GET /files -> 200 20.2ms request_id=6c3de7891f89 user_id=1
2026-09-02 16:14:34 | INFO | app | HTTP GET /static/css/app.css -> 304 0.9ms request_id=3a4e28ec0781 user_id=1
2026-09-02 16:14:34 | INFO | app | HTTP GET /static/css/components.css -> 304 1.2ms request_id=f00393948265 user_id=1
2026-09-02 16:14:34 | INFO | app | HTTP GET /static/js/app.js -> 304 1.7ms request_id=cf6326bc3c9c user_id=1
2026-09-02 16:14:35 | INFO | app | HTTP GET /inventory -> 200 4.8ms request_id=40306de2726e user_id=1
2026-09-02 16:14:36 | INFO | app | HTTP GET /static/css/app.css -> 304 2.1ms request_id=39aeeecad110 user_id=1
2026-09-02 16:14:36 | INFO | app | HTTP GET /static/css/components.css -> 304 1.9ms request_id=d79f51a2ed4d user_id=1
2026-09-02 16:14:36 | INFO | app | HTTP GET /static/js/inventory.js -> 200 25.2ms request_id=ea9022eab837 user_id=1
2026-09-02 16:14:36 | INFO | app | HTTP GET /static/js/app.js -> 304 1.2ms request_id=633c2d3e7274 user_id=1
2026-09-02 16:14:36 | INFO | app | HTTP GET /api/files -> 200 5.3ms request_id=dbe62bb575d7 user_id=1
2026-09-02 16:14:36 | INFO | app | HTTP GET /api/sheets/1 -> 200 23.1ms request_id=3b3502222310 user_id=1
2026-09-02 16:14:37 | INFO | app | HTTP GET /api/filters -> 200 68.7ms request_id=2754723785e4 user_id=1
2026-09-02 16:14:37 | INFO | app.routes.inventory | Inventory search | file_id= | sheet_ids=None | q_present=False
2026-09-02 16:14:37 | INFO | app | HTTP GET /api/search -> 200 56.0ms request_id=de9251f56e4e user_id=1
2026-09-02 16:14:42 | INFO | app | HTTP GET /api/sheets/1 -> 200 8.4ms request_id=ad68539faba5 user_id=1
2026-09-02 16:14:42 | INFO | app | HTTP GET /api/filters -> 200 40.7ms request_id=0eb24693f15b user_id=1
2026-09-02 16:14:43 | INFO | app.routes.inventory | Inventory search | file_id=1 | sheet_ids=None | q_present=False
2026-09-02 16:14:43 | INFO | app | HTTP GET /api/search -> 200 31.4ms request_id=5047d45afbf3 user_id=1
2026-09-02 16:14:44 | INFO | app | HTTP GET /api/filters -> 200 15.9ms request_id=c165ced7fbc6 user_id=1
2026-09-02 16:14:44 | INFO | app.routes.inventory | Inventory search | file_id=1 | sheet_ids=1 | q_present=False
2026-09-02 16:14:44 | INFO | app | HTTP GET /api/search -> 200 11.7ms request_id=6a8fe6497638 user_id=1
2026-09-02 16:14:44 | INFO | app | HTTP GET /api/filters -> 200 30.0ms request_id=7ff22c6e3f71 user_id=1
2026-09-02 16:14:44 | INFO | app.routes.inventory | Inventory search | file_id=1 | sheet_ids=1,2 | q_present=False
2026-09-02 16:14:44 | INFO | app | HTTP GET /api/search -> 200 19.4ms request_id=714459581476 user_id=1
2026-09-02 16:14:44 | INFO | app | HTTP GET /api/filters -> 200 13.8ms request_id=c17dcd8d709f user_id=1
2026-09-02 16:14:45 | INFO | app.routes.inventory | Inventory search | file_id=1 | sheet_ids=1,2,3 | q_present=False
2026-09-02 16:14:45 | INFO | app | HTTP GET /api/search -> 200 11.5ms request_id=4402609e82b6 user_id=1
2026-09-02 16:14:45 | INFO | app | HTTP GET /api/filters -> 200 10.0ms request_id=76b9d5189ecd user_id=1
2026-09-02 16:14:45 | INFO | app.routes.inventory | Inventory search | file_id=1 | sheet_ids=1,2,3,4 | q_present=False
2026-09-02 16:14:45 | INFO | app | HTTP GET /api/search -> 200 13.6ms request_id=55c9bb1d05b1 user_id=1
2026-09-02 16:14:45 | INFO | app | HTTP GET /api/filters -> 200 14.7ms request_id=89c26368084a user_id=1
2026-09-02 16:14:45 | INFO | app.routes.inventory | Inventory search | file_id=1 | sheet_ids=1,2,3,4,6 | q_present=False
2026-09-02 16:14:45 | INFO | app | HTTP GET /api/search -> 200 42.4ms request_id=4b4023119816 user_id=1
2026-09-02 16:14:46 | INFO | app | HTTP GET /api/filters -> 200 17.5ms request_id=cc29ee2ca01c user_id=1
2026-09-02 16:14:46 | INFO | app.routes.inventory | Inventory search | file_id=1 | sheet_ids=1,2,3,4,5,6 | q_present=False
2026-09-02 16:14:46 | INFO | app | HTTP GET /api/search -> 200 44.6ms request_id=eef229d8ceb2 user_id=1
2026-09-02 16:14:46 | INFO | app | HTTP GET /api/filters -> 200 17.4ms request_id=2decce28ab15 user_id=1
2026-09-02 16:14:46 | INFO | app.routes.inventory | Inventory search | file_id=1 | sheet_ids=1,2,3,4,5,6,7 | q_present=False
2026-09-02 16:14:47 | INFO | app | HTTP GET /api/search -> 200 48.1ms request_id=7f378a5ce247 user_id=1
2026-09-02 16:14:48 | INFO | app.routes.inventory | Inventory search | file_id=1 | sheet_ids=1,2,3,4,5,6,7 | q_present=False
2026-09-02 16:14:48 | INFO | app | HTTP GET /api/search -> 200 19.9ms request_id=43f27d88e1d3 user_id=1
2026-09-02 16:14:51 | INFO | app.routes.inventory | Inventory search | file_id=1 | sheet_ids=1,2,3,4,5,6,7 | q_present=False
2026-09-02 16:14:51 | INFO | app | HTTP GET /api/search -> 200 20.4ms request_id=6d8ea6b39ef9 user_id=1
2026-09-02 16:14:52 | INFO | app.routes.inventory | Inventory search | file_id=1 | sheet_ids=1,2,3,4,5,6,7 | q_present=False
2026-09-02 16:14:52 | INFO | app | HTTP GET /api/search -> 200 26.6ms request_id=15cfb442f188 user_id=1
2026-09-02 16:14:54 | INFO | app.routes.inventory | Inventory search | file_id=1 | sheet_ids=1,2,3,4,5,6,7 | q_present=False
2026-09-02 16:14:54 | INFO | app | HTTP GET /api/search -> 200 49.3ms request_id=eff13266776a user_id=1
2026-09-02 16:14:56 | INFO | app.routes.inventory | Inventory search | file_id=1 | sheet_ids=1,2,3,4,5,6,7 | q_present=False
2026-09-02 16:14:56 | INFO | app | HTTP GET /api/search -> 200 24.8ms request_id=6d42bedb8f25 user_id=1
2026-09-02 16:14:57 | INFO | app.routes.inventory | Inventory search | file_id=1 | sheet_ids=1,2,3,4,5,6,7 | q_present=False
2026-09-02 16:14:57 | INFO | app | HTTP GET /api/search -> 200 37.8ms request_id=119e453ab2e1 user_id=1
2026-09-02 16:14:59 | INFO | app.routes.inventory | Inventory search | file_id=1 | sheet_ids=1,2,3,4,5,6,7 | q_present=False
2026-09-02 16:14:59 | INFO | app | HTTP GET /api/search -> 200 9.0ms request_id=5c38c221b887 user_id=1
2026-09-02 16:15:00 | INFO | app.routes.inventory | Inventory search | file_id=1 | sheet_ids=1,2,3,4,5,6,7 | q_present=False
2026-09-02 16:15:00 | INFO | app | HTTP GET /api/search -> 200 28.2ms request_id=20829e37d6f5 user_id=1
2026-09-02 16:15:02 | INFO | app.routes.inventory | Inventory search | file_id=1 | sheet_ids=1,2,3,4,5,6,7 | q_present=False
2026-09-02 16:15:02 | INFO | app | HTTP GET /api/search -> 200 24.0ms request_id=b3f306b86836 user_id=1
2026-09-02 16:15:02 | INFO | app.routes.inventory | Inventory search | file_id=1 | sheet_ids=1,2,3,4,5,6,7 | q_present=False
2026-09-02 16:15:02 | INFO | app | HTTP GET /api/search -> 200 16.0ms request_id=d169398d31bd user_id=1
2026-09-02 16:15:04 | INFO | app.routes.inventory | Inventory search | file_id=1 | sheet_ids=1,2,3,4,5,6,7 | q_present=False
2026-09-02 16:15:04 | INFO | app | HTTP GET /api/search -> 200 26.3ms request_id=d16182c9dd6f user_id=1
2026-09-02 16:15:05 | INFO | app.routes.inventory | Inventory search | file_id=1 | sheet_ids=1,2,3,4,5,6,7 | q_present=False
2026-09-02 16:15:05 | INFO | app | HTTP GET /api/search -> 200 18.0ms request_id=0df20a58d839 user_id=1
2026-09-02 16:15:05 | INFO | app.routes.inventory | Inventory search | file_id=1 | sheet_ids=1,2,3,4,5,6,7 | q_present=False
2026-09-02 16:15:05 | INFO | app | HTTP GET /api/search -> 200 31.7ms request_id=d2f03534594e user_id=1
2026-09-02 16:15:07 | INFO | app.routes.inventory | Inventory search | file_id=1 | sheet_ids=1,2,3,4,5,6,7 | q_present=False
2026-09-02 16:15:07 | INFO | app | HTTP GET /api/search -> 200 37.9ms request_id=2ed4f7a14930 user_id=1
2026-09-02 16:15:09 | INFO | app.routes.inventory | Inventory search | file_id=1 | sheet_ids=1,2,3,4,5,6,7 | q_present=False
2026-09-02 16:15:09 | INFO | app | HTTP GET /api/search -> 200 22.8ms request_id=ecdb13b4ae7b user_id=1
2026-09-02 16:15:10 | INFO | app.routes.inventory | Inventory search | file_id=1 | sheet_ids=1,2,3,4,5,6,7 | q_present=False
2026-09-02 16:15:10 | INFO | app | HTTP GET /api/search -> 200 16.1ms request_id=df8e9fb4fba8 user_id=1
2026-09-02 16:15:11 | INFO | app.routes.inventory | Inventory search | file_id=1 | sheet_ids=1,2,3,4,5,6,7 | q_present=False
2026-09-02 16:15:11 | INFO | app | HTTP GET /api/search -> 200 20.0ms request_id=6d0ce89a9db2 user_id=1
2026-09-02 16:15:13 | INFO | app.routes.inventory | Inventory search | file_id=1 | sheet_ids=1,2,3,4,5,6,7 | q_present=False
2026-09-02 16:15:13 | INFO | app | HTTP GET /api/search -> 200 9.2ms request_id=b7f06c448f23 user_id=1
2026-09-02 16:15:14 | INFO | app.routes.inventory | Inventory search | file_id=1 | sheet_ids=1,2,3,4,5,6,7 | q_present=False
2026-09-02 16:15:14 | INFO | app | HTTP GET /api/search -> 200 36.6ms request_id=62cde4082a0f user_id=1
2026-09-02 16:15:17 | INFO | app | HTTP GET /upload -> 200 2.8ms request_id=d2f113e00164 user_id=1
2026-09-02 16:15:17 | INFO | app | HTTP GET /static/css/app.css -> 304 0.7ms request_id=1dcd97684dd9 user_id=1
2026-09-02 16:15:17 | INFO | app | HTTP GET /static/js/app.js -> 304 1.7ms request_id=a7d58430e3bd user_id=1
2026-09-02 16:15:17 | INFO | app | HTTP GET /static/css/components.css -> 304 3.3ms request_id=aa63b68fb889 user_id=1
2026-09-02 16:15:20 | INFO | app | HTTP GET /files -> 200 6.5ms request_id=c7a9b3ce2619 user_id=1
2026-09-02 16:15:20 | INFO | app | HTTP GET /static/css/app.css -> 304 0.6ms request_id=cff72dd2a749 user_id=1
2026-09-02 16:15:20 | INFO | app | HTTP GET /static/css/components.css -> 304 0.6ms request_id=78e86d36c73f user_id=1
2026-09-02 16:15:20 | INFO | app | HTTP GET /static/js/app.js -> 304 0.6ms request_id=f6b38882666c user_id=1
2026-09-02 16:15:20 | INFO | app | HTTP GET /files/1 -> 200 11.0ms request_id=2282b351e60b user_id=1
2026-09-02 16:15:21 | INFO | app | HTTP GET /static/css/app.css -> 304 3.2ms request_id=4232fc9c4479 user_id=1
2026-09-02 16:15:21 | INFO | app | HTTP GET /static/js/app.js -> 304 4.8ms request_id=57fd33d8a0f2 user_id=1
2026-09-02 16:15:21 | INFO | app | HTTP GET /static/js/sheet.js -> 200 4.6ms request_id=e9a0440ec8fb user_id=1
2026-09-02 16:15:21 | INFO | app | HTTP GET /static/css/components.css -> 304 6.1ms request_id=39a65d4f7120 user_id=1
2026-09-02 16:15:21 | INFO | app | HTTP GET /api/sheets/1 -> 200 3.3ms request_id=006f7720fe56 user_id=1
2026-09-02 16:15:21 | INFO | app | HTTP GET /api/filters -> 200 37.4ms request_id=34ee657c9068 user_id=1
2026-09-02 16:15:22 | INFO | app.routes.inventory | Inventory search | file_id=1 | sheet_ids=None | q_present=False
2026-09-02 16:15:22 | INFO | app | HTTP GET /api/search -> 200 34.8ms request_id=a031e8dcc9ad user_id=1
2026-09-02 16:15:24 | INFO | app | HTTP GET /api/filters -> 200 8.7ms request_id=1c5fd204da73 user_id=1
2026-09-02 16:15:24 | INFO | app.routes.inventory | Inventory search | file_id=1 | sheet_ids=1 | q_present=False
2026-09-02 16:15:24 | INFO | app | HTTP GET /api/search -> 200 21.5ms request_id=a6e3237b5b1f user_id=1
2026-09-02 16:15:24 | INFO | app | HTTP GET /api/filters -> 200 13.6ms request_id=139763a4fc65 user_id=1
2026-09-02 16:15:25 | INFO | app.routes.inventory | Inventory search | file_id=1 | sheet_ids=1,2 | q_present=False
2026-09-02 16:15:25 | INFO | app | HTTP GET /api/search -> 200 32.2ms request_id=a6c678d5db61 user_id=1
2026-09-02 16:15:25 | INFO | app | HTTP GET /api/filters -> 200 7.7ms request_id=6d95fc9587c8 user_id=1
2026-09-02 16:15:25 | INFO | app.routes.inventory | Inventory search | file_id=1 | sheet_ids=1,2,3 | q_present=False
2026-09-02 16:15:25 | INFO | app | HTTP GET /api/search -> 200 30.7ms request_id=29106b45defc user_id=1
2026-09-02 16:15:27 | INFO | app | HTTP GET /api/filters -> 200 10.0ms request_id=e493b532db08 user_id=1
2026-09-02 16:15:27 | INFO | app.routes.inventory | Inventory search | file_id=1 | sheet_ids=1,2,3,4 | q_present=False
2026-09-02 16:15:27 | INFO | app | HTTP GET /api/search -> 200 19.2ms request_id=0797cfab0cd8 user_id=1
2026-09-02 16:15:28 | INFO | app | HTTP GET /api/filters -> 200 28.3ms request_id=0acd2eb9f657 user_id=1
2026-09-02 16:15:28 | INFO | app | HTTP GET /api/filters -> 200 17.6ms request_id=ae597d71664e user_id=1
2026-09-02 16:15:28 | INFO | app.routes.inventory | Inventory search | file_id=1 | sheet_ids=1,2,3,4,5,6 | q_present=False
2026-09-02 16:15:28 | INFO | app | HTTP GET /api/search -> 200 48.9ms request_id=7a1ee0c04eac user_id=1
2026-09-02 16:15:28 | INFO | app | HTTP GET /api/filters -> 200 27.0ms request_id=ce4633145278 user_id=1
2026-09-02 16:15:28 | INFO | app.routes.inventory | Inventory search | file_id=1 | sheet_ids=1,2,3,4,5,6 | q_present=False
2026-09-02 16:15:28 | INFO | app | HTTP GET /api/search -> 200 25.6ms request_id=058325833f9f user_id=1
2026-09-02 16:15:28 | INFO | app.routes.inventory | Inventory search | file_id=1 | sheet_ids=1,2,3,4,5,6,7 | q_present=False
2026-09-02 16:15:29 | INFO | app | HTTP GET /api/search -> 200 42.6ms request_id=bf10fecfb863 user_id=1
2026-09-02 16:15:29 | INFO | app | HTTP GET /api/filters -> 200 18.4ms request_id=de64c6b12cef user_id=1
2026-09-02 16:15:29 | INFO | app | HTTP GET /api/filters -> 200 14.8ms request_id=38b0d207964d user_id=1
2026-09-02 16:15:29 | INFO | app.routes.inventory | Inventory search | file_id=1 | sheet_ids=1,2,3,4,5 | q_present=False
2026-09-02 16:15:29 | INFO | app | HTTP GET /api/search -> 200 24.7ms request_id=5663323db494 user_id=1
2026-09-02 16:15:29 | INFO | app | HTTP GET /api/filters -> 200 14.4ms request_id=0b67438f22c0 user_id=1
2026-09-02 16:15:29 | INFO | app.routes.inventory | Inventory search | file_id=1 | sheet_ids=1,2,3,4 | q_present=False
2026-09-02 16:15:30 | INFO | app | HTTP GET /api/search -> 200 40.3ms request_id=51f624a4ea4d user_id=1
2026-09-02 16:15:30 | INFO | app | HTTP GET /api/filters -> 200 21.0ms request_id=e68abb233038 user_id=1
2026-09-02 16:15:30 | INFO | app.routes.inventory | Inventory search | file_id=1 | sheet_ids=1,2,3,4 | q_present=False
2026-09-02 16:15:30 | INFO | app | HTTP GET /api/search -> 200 34.4ms request_id=bb6b273082bd user_id=1
2026-09-02 16:15:30 | INFO | app.routes.inventory | Inventory search | file_id=1 | sheet_ids=1,2,3 | q_present=False
2026-09-02 16:15:30 | INFO | app | HTTP GET /api/search -> 200 19.5ms request_id=e301839284fa user_id=1
2026-09-02 16:15:30 | INFO | app | HTTP GET /api/filters -> 200 12.7ms request_id=9c463c666013 user_id=1
2026-09-02 16:15:30 | INFO | app.routes.inventory | Inventory search | file_id=1 | sheet_ids=1,2 | q_present=False
2026-09-02 16:15:30 | INFO | app | HTTP GET /api/search -> 200 43.7ms request_id=7322eef65295 user_id=1
2026-09-02 16:15:30 | INFO | app | HTTP GET /api/filters -> 200 10.2ms request_id=1fa4704b8121 user_id=1
2026-09-02 16:15:30 | INFO | app | HTTP GET /api/filters -> 200 20.1ms request_id=99d1481cd43c user_id=1
2026-09-02 16:15:31 | INFO | app.routes.inventory | Inventory search | file_id=1 | sheet_ids=None | q_present=False
2026-09-02 16:15:31 | INFO | app | HTTP GET /api/search -> 200 19.3ms request_id=eda9501589e3 user_id=1
2026-09-02 16:15:31 | INFO | app.routes.inventory | Inventory search | file_id=1 | sheet_ids=None | q_present=False
2026-09-02 16:15:31 | INFO | app | HTTP GET /api/search -> 200 30.9ms request_id=d101a15cc39c user_id=1
2026-09-02 16:15:37 | INFO | app | HTTP GET /api/filters -> 200 10.2ms request_id=a4eee474f6ca user_id=1
2026-09-02 16:15:37 | INFO | app.routes.inventory | Inventory search | file_id=1 | sheet_ids=1 | q_present=False
2026-09-02 16:15:37 | INFO | app | HTTP GET /api/search -> 200 14.0ms request_id=a66c37a282e8 user_id=1
2026-09-02 16:15:38 | INFO | app.routes.inventory | Inventory search | file_id=1 | sheet_ids=1 | q_present=False
2026-09-02 16:15:38 | INFO | app | HTTP GET /api/search -> 200 16.1ms request_id=480ae370d9c1 user_id=1
2026-09-02 16:15:51 | INFO | app.routes.sheets | Inventory row updated | row_id=44 | sheet_id=1 | changes=4 | user_id=1
2026-09-02 16:15:51 | INFO | app | HTTP PATCH /api/rows/44 -> 200 70.0ms request_id=76d0ea1295a7 user_id=1
2026-09-02 16:15:55 | INFO | app.routes.inventory | Inventory search | file_id=1 | sheet_ids=1 | q_present=False
2026-09-02 16:15:55 | INFO | app | HTTP GET /api/search -> 200 16.7ms request_id=3c510d94d6da user_id=1
2026-09-02 16:15:57 | INFO | app.routes.inventory | Inventory search | file_id=1 | sheet_ids=1 | q_present=False
2026-09-02 16:15:57 | INFO | app | HTTP GET /api/search -> 200 33.0ms request_id=a6a9520a8ba6 user_id=1
2026-09-02 16:15:57 | INFO | app.routes.inventory | Inventory search | file_id=1 | sheet_ids=1 | q_present=False
2026-09-02 16:15:57 | INFO | app | HTTP GET /api/search -> 200 13.3ms request_id=3b2035c7131d user_id=1
2026-09-02 16:15:58 | INFO | app.routes.inventory | Inventory search | file_id=1 | sheet_ids=1 | q_present=False
2026-09-02 16:15:58 | INFO | app | HTTP GET /api/search -> 200 15.3ms request_id=193fcdeb46d8 user_id=1
2026-09-02 16:16:01 | INFO | app.routes.sheets | Inventory row updated | row_id=44 | sheet_id=1 | changes=1 | user_id=1
2026-09-02 16:16:01 | INFO | app | HTTP PATCH /api/rows/44 -> 200 48.3ms request_id=2d97a5dc0ee9 user_id=1
2026-09-02 16:16:03 | INFO | app.routes.inventory | Inventory search | file_id=1 | sheet_ids=1 | q_present=False
2026-09-02 16:16:03 | INFO | app | HTTP GET /api/search -> 200 17.3ms request_id=1ccc225647ce user_id=1
2026-09-02 16:16:05 | INFO | app.routes.files | Excel export started | file_id=1 | filename=사내재고 변경 버전.xlsx | user_id=1
2026-09-02 16:16:05 | INFO | app.services.excel.exporter | Export workbook load | file_id=1 | path=C:\Users\leegg\Documents\StockFlow_refactored_export_fixed\app\uploads\942c059b17274fdc96faabd4ee202e72_inventory.xlsx
2026-09-02 16:16:05 | WARNING | app.routes.files | Excel export source missing | file_id=1 | path=C:\Users\leegg\Documents\StockFlow_refactored_export_fixed\app\uploads\942c059b17274fdc96faabd4ee202e72_inventory.xlsx
2026-09-02 16:16:05 | INFO | app | HTTP GET /files/1/export -> 404 13.6ms request_id=893a385f2c6d user_id=1
2026-09-02 16:16:32 | INFO | app | StockFlow logging initialized | level=INFO | dir=logs
2026-09-02 16:16:32 | INFO | app | Flask application initialized
2026-09-02 16:16:54 | INFO | app | HTTP GET /api/filters -> 200 85.2ms request_id=90795edc032c user_id=1
2026-09-02 16:16:54 | INFO | app.routes.inventory | Inventory search | file_id=1 | sheet_ids=None | q_present=False
2026-09-02 16:16:54 | INFO | app | HTTP GET /api/search -> 200 28.0ms request_id=ade8a693ebff user_id=1
2026-09-02 16:17:03 | INFO | app.routes.files | Excel delete started | file_id=1 | filename=사내재고 변경 버전.xlsx | user_id=1
2026-09-02 16:17:03 | INFO | app.routes.files | Excel delete completed | file_id=1 | filename=사내재고 변경 버전.xlsx
2026-09-02 16:17:03 | INFO | app | HTTP POST /files/1/delete -> 302 867.1ms request_id=71cdbfa79f9a user_id=1
2026-09-02 16:17:03 | INFO | app | HTTP GET /files -> 200 18.9ms request_id=0c064a5316f5 user_id=1
2026-09-02 16:17:04 | INFO | app | HTTP GET /static/css/app.css -> 304 5.1ms request_id=d78ceb13845c user_id=1
2026-09-02 16:17:04 | INFO | app | HTTP GET /static/css/components.css -> 304 6.6ms request_id=8159c70d41a4 user_id=1
2026-09-02 16:17:04 | INFO | app | HTTP GET /static/js/app.js -> 304 6.3ms request_id=b0b55bb6e77f user_id=1
2026-09-02 16:17:27 | INFO | app | HTTP GET / -> 200 41.6ms request_id=7285d7262f35 user_id=1
2026-09-02 16:17:27 | INFO | app | HTTP GET /static/css/app.css -> 304 0.9ms request_id=52e9574a260d user_id=1
2026-09-02 16:17:27 | INFO | app | HTTP GET /static/css/components.css -> 304 1.7ms request_id=817212b7d1a7 user_id=1
2026-09-02 16:17:27 | INFO | app | HTTP GET /static/js/app.js -> 304 2.7ms request_id=3d09f28a3e2d user_id=1
2026-09-02 16:17:29 | INFO | app | HTTP GET /inventory -> 200 6.7ms request_id=3690a969b9b5 user_id=1
2026-09-02 16:17:29 | INFO | app | HTTP GET /static/css/app.css -> 304 0.8ms request_id=d9d7d1aedfca user_id=1
2026-09-02 16:17:29 | INFO | app | HTTP GET /static/css/components.css -> 304 0.9ms request_id=f38b39530646 user_id=1
2026-09-02 16:17:29 | INFO | app | HTTP GET /static/js/inventory.js -> 304 1.0ms request_id=b3837556f52b user_id=1
2026-09-02 16:17:29 | INFO | app | HTTP GET /static/js/app.js -> 304 4.8ms request_id=3fc7c4bfd564 user_id=1
2026-09-02 16:17:29 | INFO | app | HTTP GET /api/files -> 200 5.7ms request_id=d258f720008f user_id=1
2026-09-02 16:17:29 | INFO | app | HTTP GET /api/filters -> 200 33.3ms request_id=83580e8ee30d user_id=1
2026-09-02 16:17:29 | INFO | app.routes.inventory | Inventory search | file_id= | sheet_ids=None | q_present=False
2026-09-02 16:17:29 | INFO | app | HTTP GET /api/search -> 200 32.8ms request_id=2868f048ad87 user_id=1
2026-09-02 16:17:30 | INFO | app | HTTP GET /files -> 200 7.4ms request_id=61d481a1d3e2 user_id=1
2026-09-02 16:17:30 | INFO | app | HTTP GET /static/css/app.css -> 304 2.3ms request_id=76bf4a93e72d user_id=1
2026-09-02 16:17:30 | INFO | app | HTTP GET /static/css/components.css -> 304 3.0ms request_id=33ac3e3bf2a0 user_id=1
2026-09-02 16:17:30 | INFO | app | HTTP GET /static/js/app.js -> 304 3.2ms request_id=80f15b37ea1e user_id=1
2026-09-02 16:17:31 | INFO | app | HTTP GET /chat -> 200 21.0ms request_id=3a49d50c7ff8 user_id=1
2026-09-02 16:17:31 | INFO | app | HTTP GET /static/css/app.css -> 304 2.0ms request_id=c3351db97da1 user_id=1
2026-09-02 16:17:31 | INFO | app | HTTP GET /static/css/components.css -> 304 0.6ms request_id=3f79bae3fb3a user_id=1
2026-09-02 16:17:31 | INFO | app | HTTP GET /static/js/chat.js -> 304 0.9ms request_id=67e344810fde user_id=1
2026-09-02 16:17:31 | INFO | app | HTTP GET /static/js/app.js -> 304 2.8ms request_id=07c053acc768 user_id=1
2026-09-02 16:17:31 | INFO | app | HTTP GET /api/files -> 200 5.4ms request_id=14ab0aab7099 user_id=1
2026-09-02 16:34:44 | INFO | app | StockFlow logging initialized | level=INFO | dir=logs
2026-09-02 16:34:45 | INFO | app | Flask application initialized
2026-09-02 16:35:00 | INFO | app | HTTP GET /chat -> 200 62.6ms request_id=28081199bf17 user_id=1
2026-09-02 16:35:00 | INFO | app | HTTP GET /static/css/app.css -> 304 1.9ms request_id=4aa9aebe7d0a user_id=1
2026-09-02 16:35:00 | INFO | app | HTTP GET /static/css/components.css -> 304 0.6ms request_id=96365f165633 user_id=1
2026-09-02 16:35:00 | INFO | app | HTTP GET /static/js/app.js -> 304 1.6ms request_id=b3be1aa79926 user_id=1
2026-09-02 16:35:00 | INFO | app | HTTP GET /static/js/chat.js -> 304 1.6ms request_id=d0a46d329b8a user_id=1
2026-09-02 16:35:00 | INFO | app | HTTP GET /api/files -> 200 21.1ms request_id=d11f9a92d3d4 user_id=1
2026-09-02 16:35:06 | INFO | app | HTTP GET / -> 200 35.0ms request_id=d6d4af745808 user_id=1
2026-09-02 16:35:06 | INFO | app | HTTP GET /static/css/app.css -> 304 1.4ms request_id=88ca8523eeb6 user_id=1
2026-09-02 16:35:06 | INFO | app | HTTP GET /static/js/app.js -> 304 0.8ms request_id=28428aec029c user_id=1
2026-09-02 16:35:06 | INFO | app | HTTP GET /static/css/components.css -> 304 3.3ms request_id=9231fda079b6 user_id=1
2026-09-02 16:35:07 | INFO | app | HTTP GET /inventory -> 200 24.4ms request_id=d8cdab67302d user_id=1
2026-09-02 16:35:07 | INFO | app | HTTP GET /static/css/app.css -> 304 3.5ms request_id=892cf5973df9 user_id=1
2026-09-02 16:35:08 | INFO | app | HTTP GET /static/css/components.css -> 304 1.4ms request_id=4f4fab2c1d14 user_id=1
2026-09-02 16:35:08 | INFO | app | HTTP GET /static/js/inventory.js -> 304 1.3ms request_id=e598a3774718 user_id=1
2026-09-02 16:35:08 | INFO | app | HTTP GET /static/js/app.js -> 304 2.2ms request_id=6c884f9c7b98 user_id=1
2026-09-02 16:35:08 | INFO | app | HTTP GET /api/files -> 200 4.3ms request_id=a986917287c1 user_id=1
2026-09-02 16:35:08 | INFO | app | HTTP GET /api/filters -> 200 39.9ms request_id=e2d3168083a4 user_id=1
2026-09-02 16:35:08 | INFO | app.routes.inventory | Inventory search | file_id= | sheet_ids=None | q_present=False
2026-09-02 16:35:08 | INFO | app | HTTP GET /api/search -> 200 27.3ms request_id=40d15b711f4c user_id=1
2026-09-02 16:35:11 | INFO | app | HTTP GET /upload -> 200 5.8ms request_id=8087171a74d1 user_id=1
2026-09-02 16:35:11 | INFO | app | HTTP GET /static/css/app.css -> 304 0.6ms request_id=1f5170d8d908 user_id=1
2026-09-02 16:35:11 | INFO | app | HTTP GET /static/css/components.css -> 304 3.5ms request_id=cd4ceb781b2b user_id=1
2026-09-02 16:35:11 | INFO | app | HTTP GET /static/js/app.js -> 304 2.6ms request_id=19a7480faaba user_id=1
2026-09-02 16:35:16 | INFO | app.routes.files | Excel upload request received | user_id=1 | filename=사내재고 변경 버전.xlsx
2026-09-02 16:35:16 | INFO | app.routes.files | Excel upload directory resolved | path=C:\Users\leegg\Documents\StockFlow_final_logging\uploads
2026-09-02 16:35:16 | INFO | app.routes.files | Excel upload saved | user_id=1 | path=C:\Users\leegg\Documents\StockFlow_final_logging\uploads\6d1ec77fa29d46af859bb38933ff71a2_inventory.xlsx | size=47385
2026-09-02 16:35:17 | INFO | app.services.excel.parser | Workbook parse completed | path=C:\Users\leegg\Documents\StockFlow_final_logging\uploads\6d1ec77fa29d46af859bb38933ff71a2_inventory.xlsx
2026-09-02 16:35:18 | INFO | app.routes.files | Excel upload completed | file_id=2 | filename=사내재고 변경 버전.xlsx | rows=139 | user_id=1
2026-09-02 16:35:18 | INFO | app | HTTP POST /upload -> 302 1655.3ms request_id=cc9d9f39c2f4 user_id=1
2026-09-02 16:35:18 | INFO | app | HTTP GET /files/2 -> 200 9.0ms request_id=7cfb6257fd1a user_id=1
2026-09-02 16:35:18 | INFO | app | HTTP GET /static/css/app.css -> 304 2.0ms request_id=4cadf19c27eb user_id=1
2026-09-02 16:35:18 | INFO | app | HTTP GET /static/css/components.css -> 304 9.0ms request_id=96c2f8014b65 user_id=1
2026-09-02 16:35:18 | INFO | app | HTTP GET /static/js/app.js -> 304 10.0ms request_id=88e28c71924a user_id=1
2026-09-02 16:35:18 | INFO | app | HTTP GET /static/js/sheet.js -> 304 11.3ms request_id=d19dda8a358a user_id=1
2026-09-02 16:35:18 | INFO | app | HTTP GET /api/sheets/2 -> 200 29.7ms request_id=f60db3cb6788 user_id=1
2026-09-02 16:35:19 | INFO | app | HTTP GET /api/filters -> 200 46.4ms request_id=a590052b8990 user_id=1
2026-09-02 16:35:19 | INFO | app.routes.inventory | Inventory search | file_id=2 | sheet_ids=None | q_present=False
2026-09-02 16:35:19 | INFO | app | HTTP GET /api/search -> 200 52.3ms request_id=7ef7059319b4 user_id=1
2026-09-02 16:40:33 | INFO | app.routes.files | Excel export started | file_id=2 | filename=사내재고 변경 버전.xlsx | user_id=1
2026-09-02 16:40:33 | INFO | app.routes.files | Excel export source resolved | file_id=2 | path=C:\Users\leegg\Documents\StockFlow_final_logging\uploads\6d1ec77fa29d46af859bb38933ff71a2_inventory.xlsx
2026-09-02 16:40:33 | INFO | app.services.excel.exporter | Export workbook load | file_id=2 | path=C:\Users\leegg\Documents\StockFlow_final_logging\uploads\6d1ec77fa29d46af859bb38933ff71a2_inventory.xlsx
2026-09-02 16:40:33 | INFO | app.services.excel.exporter | Export workbook opened | file_id=2 | sheets=7
2026-09-02 16:40:33 | INFO | app.services.excel.exporter | Export workbook saved | file_id=2 | bytes=32088
2026-09-02 16:40:33 | INFO | app.routes.files | Excel export completed | file_id=2 | filename=사내재고 변경 버전.xlsx
2026-09-02 16:40:33 | INFO | app | HTTP GET /files/2/export -> 200 579.8ms request_id=f314b7d310cb user_id=1
2026-09-02 16:42:52 | INFO | app.routes.files | Excel export started | file_id=2 | filename=사내재고 변경 버전.xlsx | user_id=1
2026-09-02 16:42:52 | INFO | app.routes.files | Excel export source resolved | file_id=2 | path=C:\Users\leegg\Documents\StockFlow_final_logging\uploads\6d1ec77fa29d46af859bb38933ff71a2_inventory.xlsx
2026-09-02 16:42:52 | INFO | app.services.excel.exporter | Export workbook load | file_id=2 | path=C:\Users\leegg\Documents\StockFlow_final_logging\uploads\6d1ec77fa29d46af859bb38933ff71a2_inventory.xlsx
2026-09-02 16:42:53 | INFO | app.services.excel.exporter | Export workbook opened | file_id=2 | sheets=7
2026-09-02 16:42:53 | INFO | app.services.excel.exporter | Export workbook saved | file_id=2 | bytes=32088
2026-09-02 16:42:53 | INFO | app.routes.files | Excel export completed | file_id=2 | filename=사내재고 변경 버전.xlsx
2026-09-02 16:42:53 | INFO | app | HTTP GET /files/2/export -> 200 523.2ms request_id=72185084c4dc user_id=1
2026-09-02 16:43:52 | INFO | app | HTTP GET /api/filters -> 200 15.7ms request_id=b5ea65522664 user_id=1
2026-09-02 16:43:53 | INFO | app.routes.inventory | Inventory search | file_id=2 | sheet_ids=8 | q_present=False
2026-09-02 16:43:53 | INFO | app | HTTP GET /api/search -> 200 29.6ms request_id=c544f52d4f7e user_id=1
2026-09-02 16:43:54 | INFO | app.routes.inventory | Inventory search | file_id=2 | sheet_ids=8 | q_present=False
2026-09-02 16:43:54 | INFO | app | HTTP GET /api/search -> 200 15.5ms request_id=f8bcf06831ad user_id=1
2026-09-02 16:44:15 | INFO | app.routes.sheets | Inventory row updated | row_id=183 | sheet_id=8 | changes=4 | user_id=1
2026-09-02 16:44:15 | INFO | app | HTTP PATCH /api/rows/183 -> 200 83.9ms request_id=1b5bcca0b787 user_id=1
2026-09-02 16:44:28 | INFO | app.routes.inventory | Inventory search | file_id=2 | sheet_ids=8 | q_present=False
2026-09-02 16:44:28 | INFO | app | HTTP GET /api/search -> 200 34.0ms request_id=73d38beb7087 user_id=1
2026-09-02 16:44:31 | INFO | app.routes.files | Excel export started | file_id=2 | filename=사내재고 변경 버전.xlsx | user_id=1
2026-09-02 16:44:31 | INFO | app.routes.files | Excel export source resolved | file_id=2 | path=C:\Users\leegg\Documents\StockFlow_final_logging\uploads\6d1ec77fa29d46af859bb38933ff71a2_inventory.xlsx
2026-09-02 16:44:31 | INFO | app.services.excel.exporter | Export workbook load | file_id=2 | path=C:\Users\leegg\Documents\StockFlow_final_logging\uploads\6d1ec77fa29d46af859bb38933ff71a2_inventory.xlsx
2026-09-02 16:44:31 | INFO | app.services.excel.exporter | Export workbook opened | file_id=2 | sheets=7
2026-09-02 16:44:32 | INFO | app.services.excel.exporter | Export workbook saved | file_id=2 | bytes=32090
2026-09-02 16:44:32 | INFO | app.routes.files | Excel export completed | file_id=2 | filename=사내재고 변경 버전.xlsx
2026-09-02 16:44:32 | INFO | app | HTTP GET /files/2/export -> 200 1602.2ms request_id=dc81d0dcb7a2 user_id=1
2026-09-02 16:45:03 | INFO | app | HTTP GET / -> 200 31.4ms request_id=d28368e74ca7 user_id=1
2026-09-02 16:45:03 | INFO | app | HTTP GET /static/css/app.css -> 304 1.7ms request_id=c691b59d354e user_id=1
2026-09-02 16:45:04 | INFO | app | HTTP GET /static/css/components.css -> 304 3.0ms request_id=bb92ad2c9341 user_id=1
2026-09-02 16:45:04 | INFO | app | HTTP GET /static/js/app.js -> 304 12.7ms request_id=093ffcad0c97 user_id=1
2026-09-02 16:45:05 | INFO | app | HTTP GET /inventory -> 200 3.4ms request_id=d6b4e1269313 user_id=1
2026-09-02 16:45:05 | INFO | app | HTTP GET /static/css/app.css -> 304 1.1ms request_id=f3a5305ebd5d user_id=1
2026-09-02 16:45:05 | INFO | app | HTTP GET /static/css/components.css -> 304 1.0ms request_id=9f56d54d801e user_id=1
2026-09-02 16:45:05 | INFO | app | HTTP GET /static/js/inventory.js -> 304 1.4ms request_id=f3d7a9fbc436 user_id=1
2026-09-02 16:45:05 | INFO | app | HTTP GET /static/js/app.js -> 304 9.9ms request_id=02b2f03f133e user_id=1
2026-09-02 16:45:05 | INFO | app | HTTP GET /api/files -> 200 15.4ms request_id=cb0f1553c280 user_id=1
2026-09-02 16:45:05 | INFO | app | HTTP GET /api/sheets/2 -> 200 16.8ms request_id=419299d0294f user_id=1
2026-09-02 16:45:06 | INFO | app | HTTP GET /api/filters -> 200 60.1ms request_id=4a17c5c69870 user_id=1
2026-09-02 16:45:06 | INFO | app.routes.inventory | Inventory search | file_id= | sheet_ids=None | q_present=False
2026-09-02 16:45:06 | INFO | app | HTTP GET /api/search -> 200 93.3ms request_id=f7ad47b69343 user_id=1
2026-09-02 16:45:08 | INFO | app.routes.inventory | Inventory search | file_id= | sheet_ids=None | q_present=False
2026-09-02 16:45:08 | INFO | app | HTTP GET /api/search -> 200 105.9ms request_id=18be0e975c8a user_id=1
2026-09-02 16:45:09 | INFO | app.routes.inventory | Inventory search | file_id= | sheet_ids=None | q_present=False
2026-09-02 16:45:09 | INFO | app | HTTP GET /api/search -> 200 41.0ms request_id=ae1d3fb1d0b3 user_id=1
2026-09-02 16:45:11 | INFO | app | HTTP GET /api/sheets/2 -> 200 9.4ms request_id=5d5c309c3115 user_id=1
2026-09-02 16:45:11 | INFO | app | HTTP GET /api/filters -> 200 21.9ms request_id=15db94c8dd2b user_id=1
2026-09-02 16:45:11 | INFO | app.routes.inventory | Inventory search | file_id=2 | sheet_ids=None | q_present=False
2026-09-02 16:45:11 | INFO | app | HTTP GET /api/search -> 200 75.6ms request_id=5118142dc477 user_id=1
2026-09-02 16:45:12 | INFO | app | HTTP GET /api/filters -> 200 19.8ms request_id=9dd2ea578c21 user_id=1
2026-09-02 16:45:13 | INFO | app.routes.inventory | Inventory search | file_id=2 | sheet_ids=8 | q_present=False
2026-09-02 16:45:13 | INFO | app | HTTP GET /api/search -> 200 66.7ms request_id=930b1b2ccfc7 user_id=1
2026-09-02 16:45:13 | INFO | app | HTTP GET /api/filters -> 200 29.8ms request_id=b8d2c242b84d user_id=1
2026-09-02 16:45:13 | INFO | app.routes.inventory | Inventory search | file_id=2 | sheet_ids=8,10 | q_present=False
2026-09-02 16:45:13 | INFO | app | HTTP GET /api/search -> 200 80.1ms request_id=329bcd903980 user_id=1
2026-09-02 16:45:13 | INFO | app | HTTP GET /api/filters -> 200 18.1ms request_id=d99eb23bf885 user_id=1
2026-09-02 16:45:14 | INFO | app.routes.inventory | Inventory search | file_id=2 | sheet_ids=8,9,10 | q_present=False
2026-09-02 16:45:14 | INFO | app | HTTP GET /api/search -> 200 79.6ms request_id=dd30375ae45f user_id=1
2026-09-02 16:45:14 | INFO | app | HTTP GET /api/filters -> 200 21.0ms request_id=2459bf24ddf4 user_id=1
2026-09-02 16:45:14 | INFO | app.routes.inventory | Inventory search | file_id=2 | sheet_ids=8,9 | q_present=False
2026-09-02 16:45:14 | INFO | app | HTTP GET /api/search -> 200 38.6ms request_id=fcd670c44fad user_id=1
2026-09-02 16:45:14 | INFO | app | HTTP GET /api/filters -> 200 14.0ms request_id=8e588bb5a80b user_id=1
2026-09-02 16:45:14 | INFO | app | HTTP GET /api/filters -> 200 46.1ms request_id=5566f5184470 user_id=1
2026-09-02 16:45:15 | INFO | app.routes.inventory | Inventory search | file_id=2 | sheet_ids=None | q_present=False
2026-09-02 16:45:15 | INFO | app | HTTP GET /api/search -> 200 55.0ms request_id=cd0120f80eca user_id=1
2026-09-02 16:45:15 | INFO | app.routes.inventory | Inventory search | file_id=2 | sheet_ids=None | q_present=False
2026-09-02 16:45:15 | INFO | app | HTTP GET /api/search -> 200 67.8ms request_id=6bd6e882a5df user_id=1
2026-09-02 16:45:16 | INFO | app | HTTP GET /files -> 200 42.6ms request_id=85cc7dbc32a8 user_id=1
2026-09-02 16:45:17 | INFO | app | HTTP GET /static/css/app.css -> 304 2.5ms request_id=e96c8d38fb3e user_id=1
2026-09-02 16:45:17 | INFO | app | HTTP GET /static/css/components.css -> 304 2.3ms request_id=3a262182d7e5 user_id=1
2026-09-02 16:45:17 | INFO | app | HTTP GET /static/js/app.js -> 304 3.9ms request_id=69afb042059e user_id=1
2026-09-02 16:45:17 | INFO | app | HTTP GET /files/2 -> 200 9.8ms request_id=9346214ee8d9 user_id=1
2026-09-02 16:45:18 | INFO | app | HTTP GET /static/css/app.css -> 304 3.2ms request_id=255b8b7262cf user_id=1
2026-09-02 16:45:18 | INFO | app | HTTP GET /static/css/components.css -> 304 7.3ms request_id=1b99bceba87b user_id=1
2026-09-02 16:45:18 | INFO | app | HTTP GET /static/js/app.js -> 304 7.4ms request_id=3b438482ea2b user_id=1
2026-09-02 16:45:18 | INFO | app | HTTP GET /static/js/sheet.js -> 304 6.3ms request_id=1dc51c671361 user_id=1
2026-09-02 16:45:18 | INFO | app | HTTP GET /api/sheets/2 -> 200 26.7ms request_id=3abbcbd60625 user_id=1
2026-09-02 16:45:18 | INFO | app | HTTP GET /api/filters -> 200 17.1ms request_id=f4b8cb48827a user_id=1
2026-09-02 16:45:19 | INFO | app.routes.inventory | Inventory search | file_id=2 | sheet_ids=None | q_present=False
2026-09-02 16:45:19 | INFO | app | HTTP GET /api/search -> 200 66.0ms request_id=8400449df802 user_id=1
2026-09-02 16:45:21 | INFO | app | HTTP GET /upload -> 200 5.2ms request_id=97a0e105eb79 user_id=1
2026-09-02 16:45:21 | INFO | app | HTTP GET /static/css/app.css -> 304 1.5ms request_id=727b98a7f845 user_id=1
2026-09-02 16:45:21 | INFO | app | HTTP GET /static/js/app.js -> 304 2.2ms request_id=a8d4e543b050 user_id=1
2026-09-02 16:45:21 | INFO | app | HTTP GET /static/css/components.css -> 304 6.3ms request_id=290e78731671 user_id=1
2026-09-02 16:45:22 | INFO | app | HTTP GET /chat -> 200 16.6ms request_id=2fe207150b1c user_id=1
2026-09-02 16:45:22 | INFO | app | HTTP GET /static/css/app.css -> 304 2.3ms request_id=a2deb992ea98 user_id=1
2026-09-02 16:45:22 | INFO | app | HTTP GET /static/css/components.css -> 304 1.4ms request_id=f25e57ee0f68 user_id=1
2026-09-02 16:45:22 | INFO | app | HTTP GET /static/js/chat.js -> 304 3.7ms request_id=2611cf083689 user_id=1
2026-09-02 16:45:22 | INFO | app | HTTP GET /static/js/app.js -> 304 12.8ms request_id=833912bded75 user_id=1
2026-09-02 16:45:22 | INFO | app | HTTP GET /api/files -> 200 17.4ms request_id=1c31521b286c user_id=1
2026-09-02 16:45:23 | INFO | app | HTTP GET /files -> 200 12.8ms request_id=b53dcd30a0fb user_id=1
2026-09-02 16:45:23 | INFO | app | HTTP GET /static/css/app.css -> 304 1.0ms request_id=9586afda36df user_id=1
2026-09-02 16:45:23 | INFO | app | HTTP GET /static/css/components.css -> 304 1.3ms request_id=ab3565265312 user_id=1
2026-09-02 16:45:24 | INFO | app | HTTP GET /static/js/app.js -> 304 6.8ms request_id=27df20a010ba user_id=1
2026-09-02 17:43:37 | INFO | app | HTTP GET / -> 200 257.3ms request_id=6e824026bbea user_id=1
2026-09-02 17:43:37 | INFO | app | HTTP GET /inventory -> 200 39.5ms request_id=fa0c0dc6dec2 user_id=1
2026-09-02 17:43:37 | INFO | app | HTTP GET /static/css/app.css -> 304 12.1ms request_id=661f7204c19f user_id=1
2026-09-02 17:43:38 | INFO | app | HTTP GET /static/css/components.css -> 304 8.3ms request_id=749a85a2d8ee user_id=1
2026-09-02 17:43:38 | INFO | app | HTTP GET /static/js/inventory.js -> 304 6.6ms request_id=9f08e266da7c user_id=1
2026-09-02 17:43:38 | INFO | app | HTTP GET /static/js/app.js -> 304 7.2ms request_id=560d6e74ad22 user_id=1
2026-09-02 17:43:38 | INFO | app | HTTP GET /api/files -> 200 7.2ms request_id=1eac8bf3d287 user_id=1
2026-09-02 17:43:38 | INFO | app | HTTP GET /api/sheets/2 -> 200 34.1ms request_id=071441bde944 user_id=1
2026-09-02 17:43:39 | INFO | app | HTTP GET /api/filters -> 200 54.3ms request_id=34018c0fc83e user_id=1
2026-09-02 17:43:39 | INFO | app.routes.inventory | Inventory search | file_id= | sheet_ids=None | q_present=False
2026-09-02 17:43:39 | INFO | app | HTTP GET /api/search -> 200 61.5ms request_id=2c6884f66074 user_id=1
2026-09-02 17:43:43 | INFO | app | HTTP GET /files -> 200 20.4ms request_id=420bb1043911 user_id=1
2026-09-02 17:43:44 | INFO | app | HTTP GET /static/css/app.css -> 304 3.3ms request_id=8612ef75a035 user_id=1
2026-09-02 17:43:44 | INFO | app | HTTP GET /static/css/components.css -> 304 5.5ms request_id=a17d5e95cd5c user_id=1
2026-09-02 17:43:44 | INFO | app | HTTP GET /static/js/app.js -> 304 5.6ms request_id=4082ec0d6e58 user_id=1
2026-09-02 17:43:53 | INFO | app | HTTP GET /chat -> 200 5.6ms request_id=725661a70b12 user_id=1
2026-09-02 17:43:53 | INFO | app | HTTP GET /static/css/app.css -> 304 1.0ms request_id=4f1dbc13840f user_id=1
2026-09-02 17:43:53 | INFO | app | HTTP GET /static/css/components.css -> 304 1.5ms request_id=5bc09b854fda user_id=1
2026-09-02 17:43:53 | INFO | app | HTTP GET /static/js/app.js -> 304 1.7ms request_id=2c8195e53b51 user_id=1
2026-09-02 17:43:53 | INFO | app | HTTP GET /static/js/chat.js -> 304 1.9ms request_id=d9bac67baad8 user_id=1
2026-09-02 17:43:53 | INFO | app | HTTP GET /api/files -> 200 4.2ms request_id=9b2d62b6b37c user_id=1
2026-09-02 17:43:55 | INFO | app | HTTP GET /files -> 200 25.2ms request_id=1c575bd99911 user_id=1
2026-09-02 17:43:56 | INFO | app | HTTP GET /static/css/app.css -> 304 2.8ms request_id=dc0c9bad7017 user_id=1
2026-09-02 17:43:56 | INFO | app | HTTP GET /static/css/components.css -> 304 1.7ms request_id=cb08c834ff00 user_id=1
2026-09-02 17:43:56 | INFO | app | HTTP GET /static/js/app.js -> 304 1.7ms request_id=4198dd3f3268 user_id=1
2026-09-02 17:43:59 | INFO | app | HTTP GET /upload -> 200 4.7ms request_id=0ae7892fe8bd user_id=1
2026-09-02 17:43:59 | INFO | app | HTTP GET /static/css/app.css -> 304 1.0ms request_id=73d1daeb2c82 user_id=1
2026-09-02 17:43:59 | INFO | app | HTTP GET /static/js/app.js -> 304 1.7ms request_id=3378e83bf6a7 user_id=1
2026-09-02 17:43:59 | INFO | app | HTTP GET /static/css/components.css -> 304 4.7ms request_id=6a7d21a50fdc user_id=1
2026-09-02 17:44:00 | INFO | app | HTTP GET /chat -> 200 4.1ms request_id=195d11929617 user_id=1
2026-09-02 17:44:00 | INFO | app | HTTP GET /static/css/app.css -> 304 1.5ms request_id=ee18565dacd9 user_id=1
2026-09-02 17:44:00 | INFO | app | HTTP GET /static/css/components.css -> 304 0.6ms request_id=0c20b0adbabe user_id=1
2026-09-02 17:44:00 | INFO | app | HTTP GET /static/js/app.js -> 304 2.4ms request_id=7b2346430eb3 user_id=1
2026-09-02 17:44:00 | INFO | app | HTTP GET /static/js/chat.js -> 304 2.8ms request_id=60e9465b202b user_id=1
2026-09-02 17:44:00 | INFO | app | HTTP GET /api/files -> 200 7.2ms request_id=aac02d6b1175 user_id=1
2026-09-02 17:44:01 | INFO | app | HTTP GET /files -> 200 8.9ms request_id=274668d0cf05 user_id=1
2026-09-02 17:44:01 | INFO | app | HTTP GET /static/css/app.css -> 304 0.8ms request_id=69da981f3d32 user_id=1
2026-09-02 17:44:01 | INFO | app | HTTP GET /static/css/components.css -> 304 0.9ms request_id=88f68ebd7ffb user_id=1
2026-09-02 17:44:01 | INFO | app | HTTP GET /static/js/app.js -> 304 0.8ms request_id=cc09bdeedf7c user_id=1
2026-09-02 17:44:02 | INFO | app | HTTP GET /inventory -> 200 7.7ms request_id=b40fcaff4504 user_id=1
2026-09-02 17:44:02 | INFO | app | HTTP GET /static/css/app.css -> 304 2.2ms request_id=69da057c19d1 user_id=1
2026-09-02 17:44:02 | INFO | app | HTTP GET /static/css/components.css -> 304 3.6ms request_id=a0be148d7436 user_id=1
2026-09-02 17:44:02 | INFO | app | HTTP GET /static/js/app.js -> 304 2.0ms request_id=1feda7a357b8 user_id=1
2026-09-02 17:44:02 | INFO | app | HTTP GET /static/js/inventory.js -> 304 2.1ms request_id=4aa4007db13e user_id=1
2026-09-02 17:44:02 | INFO | app | HTTP GET /api/files -> 200 8.1ms request_id=36e4c16a2d4e user_id=1
2026-09-02 17:44:02 | INFO | app | HTTP GET /api/sheets/2 -> 200 26.3ms request_id=776ca8135484 user_id=1
2026-09-02 17:44:03 | INFO | app | HTTP GET /api/filters -> 200 38.8ms request_id=17da39254ca3 user_id=1
2026-09-02 17:44:03 | INFO | app.routes.inventory | Inventory search | file_id= | sheet_ids=None | q_present=False
2026-09-02 17:44:03 | INFO | app | HTTP GET /api/search -> 200 31.0ms request_id=037fa29afe6e user_id=1
2026-09-02 17:44:04 | INFO | app.routes.inventory | Inventory search | file_id= | sheet_ids=None | q_present=False
2026-09-02 17:44:04 | INFO | app | HTTP GET /api/search -> 200 32.9ms request_id=ff82ab136909 user_id=1
2026-09-02 17:44:05 | INFO | app.routes.inventory | Inventory search | file_id= | sheet_ids=None | q_present=False
2026-09-02 17:44:05 | INFO | app | HTTP GET /api/search -> 200 40.5ms request_id=ca6c0ed90ca3 user_id=1
2026-09-02 17:44:11 | INFO | app.routes.inventory | Inventory search | file_id= | sheet_ids=None | q_present=False
2026-09-02 17:44:11 | INFO | app | HTTP GET /api/search -> 200 105.0ms request_id=cf3588c7bdcf user_id=1
2026-09-02 17:44:13 | INFO | app | HTTP GET /files -> 200 18.8ms request_id=83d826751980 user_id=1
2026-09-02 17:44:13 | INFO | app | HTTP GET /static/css/app.css -> 304 2.1ms request_id=36e676322253 user_id=1
2026-09-02 17:44:14 | INFO | app | HTTP GET /static/css/components.css -> 304 1.6ms request_id=b3d5f56a4ac2 user_id=1
2026-09-02 17:44:14 | INFO | app | HTTP GET /static/js/app.js -> 304 3.0ms request_id=bad523e1c7c3 user_id=1
2026-09-02 17:44:16 | INFO | app | HTTP GET /files/2 -> 200 7.2ms request_id=8b2839e55f5b user_id=1
2026-09-02 17:44:17 | INFO | app | HTTP GET /static/css/app.css -> 304 1.6ms request_id=553fd3dc5a09 user_id=1
2026-09-02 17:44:17 | INFO | app | HTTP GET /static/js/sheet.js -> 304 3.6ms request_id=a60140ae5b1f user_id=1
2026-09-02 17:44:17 | INFO | app | HTTP GET /static/js/app.js -> 304 4.9ms request_id=b2dd9246a912 user_id=1
2026-09-02 17:44:17 | INFO | app | HTTP GET /static/css/components.css -> 304 12.2ms request_id=47790fca80fb user_id=1
2026-09-02 17:44:17 | INFO | app | HTTP GET /api/sheets/2 -> 200 19.0ms request_id=439e2881f7ff user_id=1
2026-09-02 17:44:17 | INFO | app | HTTP GET /api/filters -> 200 29.5ms request_id=7a636c51e53b user_id=1
2026-09-02 17:44:17 | INFO | app.routes.inventory | Inventory search | file_id=2 | sheet_ids=None | q_present=False
2026-09-02 17:44:17 | INFO | app | HTTP GET /api/search -> 200 67.5ms request_id=84fe0d2ab308 user_id=1
2026-09-02 17:44:18 | INFO | app.routes.inventory | Inventory search | file_id=2 | sheet_ids=None | q_present=False
2026-09-02 17:44:19 | INFO | app | HTTP GET /api/search -> 200 45.9ms request_id=f39001137474 user_id=1
2026-09-02 17:44:20 | INFO | app.routes.inventory | Inventory search | file_id=2 | sheet_ids=None | q_present=False
2026-09-02 17:44:20 | INFO | app | HTTP GET /api/search -> 200 32.3ms request_id=196d46d6db9e user_id=1
2026-09-02 17:44:20 | INFO | app.routes.inventory | Inventory search | file_id=2 | sheet_ids=None | q_present=False
2026-09-02 17:44:20 | INFO | app | HTTP GET /api/search -> 200 33.1ms request_id=0f0f47aaaf27 user_id=1
2026-09-02 17:44:34 | INFO | app | HTTP GET /api/filters -> 200 16.6ms request_id=ebcb0e3d9136 user_id=1
2026-09-02 17:44:34 | INFO | app.routes.inventory | Inventory search | file_id=2 | sheet_ids=10 | q_present=False
2026-09-02 17:44:34 | INFO | app | HTTP GET /api/search -> 200 18.7ms request_id=f47acc5da86b user_id=1
2026-09-02 17:44:35 | INFO | app.routes.inventory | Inventory search | file_id=2 | sheet_ids=10 | q_present=False
2026-09-02 17:44:35 | INFO | app | HTTP GET /api/search -> 200 9.2ms request_id=6ee6a6c51693 user_id=1
2026-09-02 17:44:42 | INFO | app.routes.sheets | Inventory row updated | row_id=214 | sheet_id=10 | changes=1 | user_id=1
2026-09-02 17:44:42 | INFO | app | HTTP PATCH /api/rows/214 -> 200 147.8ms request_id=07e804afbe7d user_id=1
2026-09-02 17:44:44 | INFO | app.routes.inventory | Inventory search | file_id=2 | sheet_ids=10 | q_present=False
2026-09-02 17:44:44 | INFO | app | HTTP GET /api/search -> 200 10.7ms request_id=6da2ab65d606 user_id=1
2026-09-02 17:44:45 | INFO | app.routes.files | Excel export started | file_id=2 | filename=사내재고 변경 버전.xlsx | user_id=1
2026-09-02 17:44:45 | INFO | app.routes.files | Excel export source resolved | file_id=2 | path=C:\Users\leegg\Documents\StockFlow_final_logging\uploads\6d1ec77fa29d46af859bb38933ff71a2_inventory.xlsx
2026-09-02 17:44:45 | INFO | app.services.excel.exporter | Export workbook load | file_id=2 | path=C:\Users\leegg\Documents\StockFlow_final_logging\uploads\6d1ec77fa29d46af859bb38933ff71a2_inventory.xlsx
2026-09-02 17:44:45 | INFO | app.services.excel.exporter | Export workbook opened | file_id=2 | sheets=7
2026-09-02 17:44:46 | INFO | app.services.excel.exporter | Export workbook saved | file_id=2 | bytes=32094
2026-09-02 17:44:46 | INFO | app.routes.files | Excel export completed | file_id=2 | filename=사내재고 변경 버전.xlsx
2026-09-02 17:44:46 | INFO | app | HTTP GET /files/2/export -> 200 772.6ms request_id=51a3bb1f6acd user_id=1
2026-09-02 17:45:55 | INFO | app | HTTP GET /files/2 -> 200 6.3ms request_id=fd77e277284b user_id=1
2026-09-02 17:45:55 | INFO | app | HTTP GET /static/css/app.css -> 304 0.6ms request_id=e8830eb7c7b8 user_id=1
2026-09-02 17:45:55 | INFO | app | HTTP GET /static/css/components.css -> 304 0.7ms request_id=139b7ea38c31 user_id=1
2026-09-02 17:45:55 | INFO | app | HTTP GET /static/js/sheet.js -> 304 0.7ms request_id=db8a629a7b84 user_id=1
2026-09-02 17:45:55 | INFO | app | HTTP GET /static/js/app.js -> 304 1.5ms request_id=c08b3ef109e9 user_id=1
2026-09-02 17:45:56 | INFO | app | HTTP GET /api/sheets/2 -> 200 10.5ms request_id=e0114670c357 user_id=1
2026-09-02 17:45:56 | INFO | app | HTTP GET /api/filters -> 200 24.1ms request_id=9aea927acbff user_id=1
2026-09-02 17:45:56 | INFO | app.routes.inventory | Inventory search | file_id=2 | sheet_ids=None | q_present=False
2026-09-02 17:45:56 | INFO | app | HTTP GET /api/search -> 200 28.4ms request_id=f53afd99e94c user_id=1
2026-09-02 17:46:06 | INFO | app | HTTP GET /inventory -> 200 2.8ms request_id=7f145ad41205 user_id=1
2026-09-02 17:46:07 | INFO | app | HTTP GET /static/css/app.css -> 304 0.7ms request_id=2b5d429ab62c user_id=1
2026-09-02 17:46:07 | INFO | app | HTTP GET /static/js/app.js -> 304 2.0ms request_id=98db143a5e65 user_id=1
2026-09-02 17:46:07 | INFO | app | HTTP GET /static/js/inventory.js -> 304 4.1ms request_id=1fc4fd0d7a11 user_id=1
2026-09-02 17:46:07 | INFO | app | HTTP GET /static/css/components.css -> 304 2.5ms request_id=3cf8156309b8 user_id=1
2026-09-02 17:46:07 | INFO | app | HTTP GET /api/files -> 200 7.4ms request_id=f6fbd2cebce3 user_id=1
2026-09-02 17:46:07 | INFO | app | HTTP GET /api/sheets/2 -> 200 5.8ms request_id=7a8eaf244d74 user_id=1
2026-09-02 17:46:07 | INFO | app | HTTP GET /api/filters -> 200 16.3ms request_id=7ec6d760c08d user_id=1
2026-09-02 17:46:07 | INFO | app | HTTP GET /files -> 200 11.9ms request_id=e8b26ce611eb user_id=1
2026-09-02 17:46:08 | INFO | app | HTTP GET /static/css/app.css -> 304 2.7ms request_id=33b5240a1759 user_id=1
2026-09-02 17:46:08 | INFO | app | HTTP GET /static/css/components.css -> 304 2.3ms request_id=fd658346f21e user_id=1
2026-09-02 17:46:08 | INFO | app.routes.inventory | Inventory search | file_id= | sheet_ids=None | q_present=False
2026-09-02 17:46:08 | INFO | app | HTTP GET /static/js/app.js -> 304 2.4ms request_id=7e012e0856bd user_id=1
2026-09-02 17:46:08 | INFO | app | HTTP GET /api/search -> 200 45.2ms request_id=05cdbe90ffa9 user_id=1
2026-09-02 17:46:09 | INFO | app | HTTP GET / -> 200 17.9ms request_id=1c9ae4e5d234 user_id=1
2026-09-02 17:46:09 | INFO | app | HTTP GET /static/css/app.css -> 304 1.3ms request_id=addc195e6a2e user_id=1
2026-09-02 17:46:09 | INFO | app | HTTP GET /static/css/components.css -> 304 2.2ms request_id=a5ef9dbadc8c user_id=1
2026-09-02 17:46:09 | INFO | app | HTTP GET /static/js/app.js -> 304 2.3ms request_id=6a5b9a32dac9 user_id=1
2026-09-02 17:46:11 | INFO | app | HTTP GET /inventory -> 200 2.6ms request_id=cec00eb35e09 user_id=1
2026-09-02 17:46:11 | INFO | app | HTTP GET /static/css/app.css -> 304 0.7ms request_id=4ab034a58fdd user_id=1
2026-09-02 17:46:11 | INFO | app | HTTP GET /static/css/components.css -> 304 1.8ms request_id=f798877e8843 user_id=1
2026-09-02 17:46:11 | INFO | app | HTTP GET /static/js/app.js -> 304 1.8ms request_id=5a53ea7fc3b0 user_id=1
2026-09-02 17:46:11 | INFO | app | HTTP GET /static/js/inventory.js -> 304 2.1ms request_id=599661c55e51 user_id=1
2026-09-02 17:46:11 | INFO | app | HTTP GET /api/files -> 200 6.5ms request_id=02a5f907b3a6 user_id=1
2026-09-02 17:46:11 | INFO | app | HTTP GET /files -> 200 8.0ms request_id=34aa9e82cfde user_id=1
2026-09-02 17:46:11 | INFO | app | HTTP GET /static/css/app.css -> 304 1.1ms request_id=f78521202b1b user_id=1
2026-09-02 17:46:12 | INFO | app | HTTP GET /static/css/components.css -> 304 0.7ms request_id=6bb8bd9b247d user_id=1
2026-09-02 17:46:12 | INFO | app | HTTP GET /static/js/app.js -> 304 1.4ms request_id=172565998ae2 user_id=1
2026-09-02 17:46:12 | INFO | app | HTTP GET /api/sheets/2 -> 200 6.8ms request_id=f16b31066b36 user_id=1
2026-09-02 17:46:14 | INFO | app | HTTP GET /chat -> 200 2.3ms request_id=5e26fd19d0da user_id=1
2026-09-02 17:46:14 | INFO | app | HTTP GET /static/css/app.css -> 304 0.7ms request_id=f2f0e791469e user_id=1
2026-09-02 17:46:14 | INFO | app | HTTP GET /static/css/components.css -> 304 2.2ms request_id=69c5cf46485f user_id=1
2026-09-02 17:46:14 | INFO | app | HTTP GET /static/js/chat.js -> 304 3.5ms request_id=f8feb03967f5 user_id=1
2026-09-02 17:46:14 | INFO | app | HTTP GET /static/js/app.js -> 304 1.8ms request_id=65d64f6089b0 user_id=1
2026-09-02 17:46:15 | INFO | app | HTTP GET /api/files -> 200 9.6ms request_id=8c2961769eb2 user_id=1
2026-09-02 17:46:16 | INFO | app | HTTP GET /inventory -> 200 2.7ms request_id=c16f7a058e7e user_id=1
2026-09-02 17:46:17 | INFO | app | HTTP GET /static/css/app.css -> 304 2.5ms request_id=5a4607a29301 user_id=1
2026-09-02 17:46:17 | INFO | app | HTTP GET /static/css/components.css -> 304 6.2ms request_id=aa166396d125 user_id=1
2026-09-02 17:46:17 | INFO | app | HTTP GET /static/js/app.js -> 304 7.3ms request_id=9365a317c57e user_id=1
2026-09-02 17:46:17 | INFO | app | HTTP GET /static/js/inventory.js -> 304 6.4ms request_id=6d63ffc3080d user_id=1
2026-09-02 17:46:17 | INFO | app | HTTP GET /api/files -> 200 20.5ms request_id=0fc23b138cf6 user_id=1
2026-09-02 17:46:17 | INFO | app | HTTP GET /api/sheets/2 -> 200 3.7ms request_id=35617fef64f3 user_id=1
2026-09-02 17:46:18 | INFO | app | HTTP GET /upload -> 200 2.2ms request_id=6549b9db01fc user_id=1
2026-09-02 17:46:18 | INFO | app | HTTP GET /static/css/app.css -> 304 1.0ms request_id=3bfedeb10238 user_id=1
2026-09-02 17:46:18 | INFO | app | HTTP GET /static/css/components.css -> 304 0.7ms request_id=6332134d2453 user_id=1
2026-09-02 17:46:18 | INFO | app | HTTP GET /static/js/app.js -> 304 3.0ms request_id=95fd9c601d94 user_id=1
2026-09-02 17:46:18 | INFO | app | HTTP GET /api/filters -> 200 17.7ms request_id=85588c5488ab user_id=1
2026-09-02 17:46:19 | INFO | app | HTTP GET /files -> 200 18.5ms request_id=baad484a1df2 user_id=1
2026-09-02 17:46:20 | INFO | app | HTTP GET /static/css/app.css -> 304 2.7ms request_id=b1e47182c87d user_id=1
2026-09-02 17:46:20 | INFO | app | HTTP GET /static/css/components.css -> 304 3.1ms request_id=fbfadd651d93 user_id=1
2026-09-02 17:46:20 | INFO | app | HTTP GET /static/js/app.js -> 304 3.1ms request_id=bed543043839 user_id=1
2026-09-02 17:46:20 | INFO | app | HTTP GET /files/2 -> 200 7.7ms request_id=938896174fa0 user_id=1
2026-09-02 17:46:21 | INFO | app | HTTP GET /static/css/app.css -> 304 2.7ms request_id=da8355c17fe5 user_id=1
2026-09-02 17:46:21 | INFO | app | HTTP GET /static/css/components.css -> 304 1.7ms request_id=9053fce6324f user_id=1
2026-09-02 17:46:21 | INFO | app | HTTP GET /static/js/app.js -> 304 14.4ms request_id=34c107a6df86 user_id=1
2026-09-02 17:46:21 | INFO | app | HTTP GET /static/js/sheet.js -> 304 4.4ms request_id=31f34bd1441d user_id=1
2026-09-02 17:46:21 | INFO | app | HTTP GET /api/sheets/2 -> 200 8.2ms request_id=c40a10414674 user_id=1
2026-09-02 17:46:21 | INFO | app | HTTP GET /api/filters -> 200 30.0ms request_id=4ca992310689 user_id=1
2026-09-02 17:46:21 | INFO | app.routes.inventory | Inventory search | file_id=2 | sheet_ids=None | q_present=False
2026-09-02 17:46:21 | INFO | app | HTTP GET /api/search -> 200 18.8ms request_id=4c2fa203d8ad user_id=1
2026-09-02 17:46:24 | INFO | app | HTTP GET / -> 200 13.0ms request_id=992ae5e9a15e user_id=1
2026-09-02 17:46:25 | INFO | app | HTTP GET /static/css/app.css -> 304 2.8ms request_id=bd7d75c88728 user_id=1
2026-09-02 17:46:25 | INFO | app | HTTP GET /static/js/app.js -> 304 2.3ms request_id=237fd2b05f4a user_id=1
2026-09-02 17:46:25 | INFO | app | HTTP GET /static/css/components.css -> 304 11.1ms request_id=5bfd68fe068c user_id=1
2026-09-02 17:46:41 | INFO | app | HTTP GET /inventory -> 200 5.3ms request_id=0091d653aa65 user_id=1
2026-09-02 17:46:41 | INFO | app | HTTP GET /static/css/app.css -> 304 0.8ms request_id=a7fe825261bf user_id=1
2026-09-02 17:46:41 | INFO | app | HTTP GET /static/css/components.css -> 304 2.0ms request_id=b0807a801849 user_id=1
2026-09-02 17:46:41 | INFO | app | HTTP GET /static/js/app.js -> 304 1.6ms request_id=a197b91aa820 user_id=1
2026-09-02 17:46:41 | INFO | app | HTTP GET /static/js/inventory.js -> 304 2.8ms request_id=9e1464d368aa user_id=1
2026-09-02 17:46:41 | INFO | app | HTTP GET /api/files -> 200 5.6ms request_id=bb62a0204de9 user_id=1
2026-09-02 17:46:41 | INFO | app | HTTP GET /api/sheets/2 -> 200 8.5ms request_id=3a22180b17b6 user_id=1
2026-09-02 17:46:42 | INFO | app | HTTP GET /api/filters -> 200 37.8ms request_id=e49b56711266 user_id=1
2026-09-02 17:46:42 | INFO | app.routes.inventory | Inventory search | file_id= | sheet_ids=None | q_present=False
2026-09-02 17:46:42 | INFO | app | HTTP GET /api/search -> 200 32.2ms request_id=4b97ee4e3d41 user_id=1
2026-09-02 17:46:51 | INFO | app | HTTP GET / -> 200 24.5ms request_id=15e6bb3edcce user_id=1
2026-09-02 17:46:51 | INFO | app | HTTP GET /static/css/app.css -> 304 0.8ms request_id=87e37b40a6e6 user_id=1
2026-09-02 17:46:52 | INFO | app | HTTP GET /static/css/components.css -> 304 2.1ms request_id=5eb161d7c6f2 user_id=1
2026-09-02 17:46:52 | INFO | app | HTTP GET /static/js/app.js -> 304 2.3ms request_id=4e9b95a93cfe user_id=1
2026-09-02 17:46:58 | INFO | app | HTTP GET /inventory -> 200 3.8ms request_id=efa36d45e829 user_id=1
2026-09-02 17:46:58 | INFO | app | HTTP GET /static/css/app.css -> 304 0.8ms request_id=30c5cf533099 user_id=1
2026-09-02 17:46:58 | INFO | app | HTTP GET /static/js/inventory.js -> 304 2.1ms request_id=5cf94557e450 user_id=1
2026-09-02 17:46:58 | INFO | app | HTTP GET /static/js/app.js -> 304 3.5ms request_id=393ff1421032 user_id=1
2026-09-02 17:46:58 | INFO | app | HTTP GET /static/css/components.css -> 304 4.0ms request_id=4fb9cdf727fa user_id=1
2026-09-02 17:46:58 | INFO | app | HTTP GET /api/files -> 200 3.1ms request_id=cc267b18abe8 user_id=1
2026-09-02 17:46:59 | INFO | app | HTTP GET / -> 200 5.9ms request_id=5463f35ea6db user_id=1
2026-09-02 17:46:59 | INFO | app | HTTP GET /static/css/app.css -> 304 1.4ms request_id=a5036151a59e user_id=1
2026-09-02 17:46:59 | INFO | app | HTTP GET /static/css/components.css -> 304 1.1ms request_id=1d50945f02d1 user_id=1
2026-09-02 17:46:59 | INFO | app | HTTP GET /api/sheets/2 -> 200 19.5ms request_id=1e7f5eecf157 user_id=1
2026-09-02 17:46:59 | INFO | app | HTTP GET /static/js/app.js -> 304 8.4ms request_id=50e6d0c6f25c user_id=1
2026-09-02 17:47:48 | INFO | app | HTTP GET /inventory -> 200 3.9ms request_id=5f139170d3f1 user_id=1
2026-09-02 17:47:48 | INFO | app | HTTP GET /static/css/app.css -> 304 0.6ms request_id=0de9fa809006 user_id=1
2026-09-02 17:47:48 | INFO | app | HTTP GET /static/css/components.css -> 304 5.4ms request_id=0d920a4eccef user_id=1
2026-09-02 17:47:48 | INFO | app | HTTP GET /static/js/app.js -> 304 5.2ms request_id=014548f52502 user_id=1
2026-09-02 17:47:48 | INFO | app | HTTP GET /static/js/inventory.js -> 304 3.9ms request_id=4354502ad659 user_id=1
2026-09-02 17:47:49 | INFO | app | HTTP GET /api/files -> 200 13.2ms request_id=755d07e3d04b user_id=1
2026-09-02 17:47:49 | INFO | app | HTTP GET /api/sheets/2 -> 200 7.8ms request_id=c94d91f8b35a user_id=1
2026-09-02 17:47:49 | INFO | app | HTTP GET /api/filters -> 200 11.2ms request_id=678686961ada user_id=1
2026-09-02 17:47:49 | INFO | app.routes.inventory | Inventory search | file_id= | sheet_ids=None | q_present=False
2026-09-02 17:47:49 | INFO | app | HTTP GET /api/search -> 200 15.7ms request_id=07837b05b835 user_id=1
2026-09-02 17:47:58 | INFO | app | HTTP GET /api/sheets/2 -> 200 7.6ms request_id=50b02f69164d user_id=1
2026-09-02 17:47:59 | INFO | app | HTTP GET /api/filters -> 200 31.0ms request_id=315924f99945 user_id=1
2026-09-02 17:47:59 | INFO | app.routes.inventory | Inventory search | file_id=2 | sheet_ids=None | q_present=False
2026-09-02 17:47:59 | INFO | app | HTTP GET /api/search -> 200 20.7ms request_id=1f1c7d805c92 user_id=1
2026-09-02 17:48:00 | INFO | app.routes.inventory | Inventory search | file_id=2 | sheet_ids=None | q_present=False
2026-09-02 17:48:00 | INFO | app | HTTP GET /api/search -> 200 18.8ms request_id=50002bdfd0d3 user_id=1
2026-09-02 17:48:01 | INFO | app.routes.inventory | Inventory search | file_id=2 | sheet_ids=None | q_present=False
2026-09-02 17:48:01 | INFO | app | HTTP GET /api/search -> 200 35.7ms request_id=0b7947fd5b7a user_id=1
2026-09-02 17:48:02 | INFO | app.routes.inventory | Inventory search | file_id=2 | sheet_ids=None | q_present=False
2026-09-02 17:48:02 | INFO | app | HTTP GET /api/search -> 200 28.1ms request_id=d9d60bf9ba61 user_id=1
2026-09-02 17:48:04 | INFO | app | HTTP GET /files -> 200 7.4ms request_id=c1c9d211f268 user_id=1
2026-09-02 17:48:04 | INFO | app | HTTP GET /static/css/app.css -> 304 0.8ms request_id=a7dc8f0c4243 user_id=1
2026-09-02 17:48:04 | INFO | app | HTTP GET /static/css/components.css -> 304 1.1ms request_id=3a8c97ed378e user_id=1
2026-09-02 17:48:04 | INFO | app | HTTP GET /static/js/app.js -> 304 1.4ms request_id=5b7d820b33d1 user_id=1
2026-09-02 17:48:07 | INFO | app | HTTP GET /files/2 -> 200 9.1ms request_id=9b9d017013aa user_id=1
2026-09-02 17:48:08 | INFO | app | HTTP GET /static/css/app.css -> 304 0.7ms request_id=31caf491c650 user_id=1
2026-09-02 17:48:08 | INFO | app | HTTP GET /static/css/components.css -> 304 0.5ms request_id=5a6eaa77ad22 user_id=1
2026-09-02 17:48:08 | INFO | app | HTTP GET /static/js/app.js -> 304 1.3ms request_id=a0f14a5e744b user_id=1
2026-09-02 17:48:08 | INFO | app | HTTP GET /static/js/sheet.js -> 304 1.7ms request_id=7f6b20f06a9f user_id=1
2026-09-02 17:48:08 | INFO | app | HTTP GET /api/sheets/2 -> 200 7.5ms request_id=751c40b8439a user_id=1
2026-09-02 17:48:08 | INFO | app | HTTP GET /api/filters -> 200 10.2ms request_id=f8aa187344bf user_id=1
2026-09-02 17:48:08 | INFO | app.routes.inventory | Inventory search | file_id=2 | sheet_ids=None | q_present=False
2026-09-02 17:48:08 | INFO | app | HTTP GET /api/search -> 200 66.8ms request_id=13f7325d6f61 user_id=1
2026-09-02 17:54:35 | INFO | app | HTTP GET /upload -> 200 4.7ms request_id=1ac4f3d80180 user_id=1
2026-09-02 17:54:35 | INFO | app | HTTP GET /static/css/app.css -> 304 0.7ms request_id=df173b4b6919 user_id=1
2026-09-02 17:54:35 | INFO | app | HTTP GET /static/css/components.css -> 304 0.7ms request_id=be18a75d4a3d user_id=1
2026-09-02 17:54:35 | INFO | app | HTTP GET /static/js/app.js -> 304 0.8ms request_id=e30ff5c2f8ac user_id=1
2026-09-02 17:54:36 | INFO | app | HTTP GET / -> 200 19.3ms request_id=944f9554f833 user_id=1
2026-09-02 17:54:36 | INFO | app | HTTP GET /static/css/app.css -> 304 1.3ms request_id=30e83b4e5c6c user_id=1
2026-09-02 17:54:36 | INFO | app | HTTP GET /static/css/components.css -> 304 1.5ms request_id=c962a7a4eb2c user_id=1
2026-09-02 17:54:36 | INFO | app | HTTP GET /static/js/app.js -> 304 1.3ms request_id=ea433d4f3b27 user_id=1
2026-09-03 08:53:36 | INFO | app | StockFlow logging initialized | level=INFO | dir=logs
2026-09-03 08:53:37 | INFO | app | Flask application initialized
2026-09-03 08:53:55 | INFO | app | HTTP GET / -> 302 2.9ms request_id=b5660967cf09 user_id=-
2026-09-03 08:53:55 | INFO | app | HTTP GET /login -> 200 154.0ms request_id=7dfa32af4e8b user_id=-
2026-09-03 08:53:56 | INFO | app | HTTP GET /static/css/app.css -> 304 3.9ms request_id=edb481cd7ade user_id=-
2026-09-03 08:53:56 | INFO | app | HTTP GET / -> 302 0.3ms request_id=8ab81a50e779 user_id=-
2026-09-03 08:53:56 | INFO | app | HTTP GET /login -> 200 0.2ms request_id=789a0421e17b user_id=-
2026-09-03 08:53:56 | INFO | app | HTTP GET /static/css/app.css -> 304 0.6ms request_id=c8d6149d1645 user_id=-
2026-09-03 08:53:56 | INFO | app | HTTP GET /favicon.ico -> 404 0.3ms request_id=3f15933f0e0f user_id=-
2026-09-03 08:54:02 | INFO | app.routes.auth | Login attempt | username=yeon12345
2026-09-03 08:54:02 | WARNING | app.routes.auth | Login failed | username=yeon12345
2026-09-03 08:54:02 | INFO | app | HTTP POST /login -> 200 160.4ms request_id=91cbfae38b18 user_id=-
2026-09-03 08:54:02 | INFO | app | HTTP GET /static/css/app.css -> 304 0.7ms request_id=dd75467e5bb7 user_id=-
2026-09-03 08:54:09 | INFO | app.routes.auth | Login attempt | username=yeon12345
2026-09-03 08:54:09 | WARNING | app.routes.auth | Login failed | username=yeon12345
2026-09-03 08:54:09 | INFO | app | HTTP POST /login -> 200 4.3ms request_id=3f917df593eb user_id=-
2026-09-03 08:54:09 | INFO | app | HTTP GET /static/css/app.css -> 304 0.7ms request_id=c0a126a08910 user_id=-
2026-09-03 08:54:20 | INFO | app.routes.auth | Login attempt | username=yeon
2026-09-03 08:54:20 | WARNING | app.routes.auth | Login failed | username=yeon
2026-09-03 08:54:20 | INFO | app | HTTP POST /login -> 200 218.1ms request_id=0db5902c0889 user_id=-
2026-09-03 08:54:20 | INFO | app | HTTP GET /static/css/app.css -> 304 0.7ms request_id=87c11629053d user_id=-
2026-09-03 08:54:23 | INFO | app | HTTP GET /register -> 200 0.4ms request_id=92433d1a4770 user_id=-
2026-09-03 08:54:24 | INFO | app | HTTP GET /static/css/app.css -> 304 0.8ms request_id=64bd9c992094 user_id=-
2026-09-03 08:54:29 | INFO | app.routes.auth | User registered | user_id=2 | username=y123
2026-09-03 08:54:29 | INFO | app.routes.auth | Login success | user_id=2 | username=y123
2026-09-03 08:54:29 | INFO | app | HTTP POST /register -> 302 289.9ms request_id=b835f704cb98 user_id=2
2026-09-03 08:54:29 | INFO | app | HTTP GET / -> 200 44.0ms request_id=ece7e451ba47 user_id=2
2026-09-03 08:54:29 | INFO | app | HTTP GET /static/css/components.css -> 304 3.7ms request_id=67587a106e8b user_id=2
2026-09-03 08:54:29 | INFO | app | HTTP GET /static/js/app.js -> 304 4.4ms request_id=fcf88ba74901 user_id=2
2026-09-03 08:54:29 | INFO | app | HTTP GET /static/css/app.css -> 304 5.3ms request_id=dd7f05a73cdc user_id=2
2026-09-03 08:54:35 | INFO | app | HTTP GET /files/2 -> 200 17.4ms request_id=98bc7ef48665 user_id=2
2026-09-03 08:54:35 | INFO | app | HTTP GET /static/css/app.css -> 304 1.0ms request_id=482863147292 user_id=2
2026-09-03 08:54:35 | INFO | app | HTTP GET /static/js/app.js -> 304 7.9ms request_id=510212eb55f8 user_id=2
2026-09-03 08:54:35 | INFO | app | HTTP GET /static/css/components.css -> 304 4.8ms request_id=3c47fa7113c2 user_id=2
2026-09-03 08:54:35 | INFO | app | HTTP GET /static/js/sheet.js -> 304 3.6ms request_id=d2c7adb5df1d user_id=2
2026-09-03 08:54:35 | INFO | app | HTTP GET /api/sheets/2 -> 200 6.0ms request_id=bf147f37a2c2 user_id=2
2026-09-03 08:54:35 | INFO | app | HTTP GET /api/filters -> 200 18.4ms request_id=5954c19cd159 user_id=2
2026-09-03 08:54:35 | INFO | app.routes.inventory | Inventory search | file_id=2 | sheet_ids=None | q_present=False
2026-09-03 08:54:35 | INFO | app | HTTP GET /api/search -> 200 25.8ms request_id=e1281b9f6365 user_id=2
2026-09-03 08:54:41 | INFO | app | HTTP GET /inventory -> 200 7.4ms request_id=59f587fea021 user_id=2
2026-09-03 08:54:41 | INFO | app | HTTP GET /static/css/app.css -> 304 0.6ms request_id=9b1d4fa85a6e user_id=2
2026-09-03 08:54:41 | INFO | app | HTTP GET /static/css/components.css -> 304 1.3ms request_id=d2bc48e52d8d user_id=2
2026-09-03 08:54:41 | INFO | app | HTTP GET /static/js/app.js -> 304 2.0ms request_id=34944ffa12ac user_id=2
2026-09-03 08:54:41 | INFO | app | HTTP GET /static/js/inventory.js -> 304 2.5ms request_id=0b7d250ac6c9 user_id=2
2026-09-03 08:54:41 | INFO | app | HTTP GET /api/files -> 200 4.4ms request_id=2ba8da696ab7 user_id=2
2026-09-03 08:54:42 | INFO | app | HTTP GET /api/sheets/2 -> 200 15.5ms request_id=4848dfd9c819 user_id=2
2026-09-03 08:54:42 | INFO | app | HTTP GET /api/filters -> 200 12.1ms request_id=fd9f5712b86f user_id=2
2026-09-03 08:54:42 | INFO | app.routes.inventory | Inventory search | file_id= | sheet_ids=None | q_present=False
2026-09-03 08:54:42 | INFO | app | HTTP GET /api/search -> 200 36.1ms request_id=66120681de18 user_id=2
2026-09-03 08:54:42 | INFO | app | HTTP GET /files -> 200 15.3ms request_id=c5f35ead6cc3 user_id=2
2026-09-03 08:54:42 | INFO | app | HTTP GET /static/css/app.css -> 304 0.9ms request_id=6bda3e3f6e4a user_id=2
2026-09-03 08:54:42 | INFO | app | HTTP GET /static/css/components.css -> 304 2.6ms request_id=2464d18697b4 user_id=2
2026-09-03 08:54:42 | INFO | app | HTTP GET /static/js/app.js -> 304 1.8ms request_id=4deb6ce98b61 user_id=2
2026-09-03 08:54:45 | INFO | app | HTTP GET /files/2 -> 200 6.3ms request_id=8defbc370c58 user_id=2
2026-09-03 08:54:45 | INFO | app | HTTP GET /static/css/app.css -> 304 1.8ms request_id=fc29d2f05ce2 user_id=2
2026-09-03 08:54:45 | INFO | app | HTTP GET /static/css/components.css -> 304 4.2ms request_id=1e9a2b721c28 user_id=2
2026-09-03 08:54:45 | INFO | app | HTTP GET /static/js/app.js -> 304 2.7ms request_id=7936866db27a user_id=2
2026-09-03 08:54:45 | INFO | app | HTTP GET /static/js/sheet.js -> 304 4.2ms request_id=57857469bc8a user_id=2
2026-09-03 08:54:45 | INFO | app | HTTP GET /api/sheets/2 -> 200 15.1ms request_id=c236b675d751 user_id=2
2026-09-03 08:54:45 | INFO | app | HTTP GET /api/filters -> 200 25.6ms request_id=162f151b6393 user_id=2
2026-09-03 08:54:45 | INFO | app.routes.inventory | Inventory search | file_id=2 | sheet_ids=None | q_present=False
2026-09-03 08:54:45 | INFO | app | HTTP GET /api/search -> 200 27.1ms request_id=896eed283a37 user_id=2
2026-09-03 08:54:47 | INFO | app | HTTP GET /chat -> 200 7.6ms request_id=a698ecaf5ab3 user_id=2
2026-09-03 08:54:47 | INFO | app | HTTP GET /static/css/app.css -> 304 0.5ms request_id=4786f3f8bfc9 user_id=2
2026-09-03 08:54:47 | INFO | app | HTTP GET /static/css/components.css -> 304 1.6ms request_id=356b13196246 user_id=2
2026-09-03 08:54:47 | INFO | app | HTTP GET /static/js/app.js -> 304 2.0ms request_id=d82330bf933c user_id=2
2026-09-03 08:54:47 | INFO | app | HTTP GET /static/js/chat.js -> 304 2.9ms request_id=13c1d2588745 user_id=2
2026-09-03 08:54:47 | INFO | app | HTTP GET /api/files -> 200 3.8ms request_id=54da699bf663 user_id=2
2026-09-03 08:54:47 | INFO | app | HTTP GET /upload -> 200 6.1ms request_id=ec611eee0133 user_id=2
2026-09-03 08:54:47 | INFO | app | HTTP GET /static/css/app.css -> 304 0.6ms request_id=eb19c66f050a user_id=2
2026-09-03 08:54:47 | INFO | app | HTTP GET /static/css/components.css -> 304 1.4ms request_id=e08b86dd8aa5 user_id=2
2026-09-03 08:54:47 | INFO | app | HTTP GET /static/js/app.js -> 304 1.3ms request_id=44ca8879d83f user_id=2
2026-09-03 08:54:48 | INFO | app | HTTP GET /files -> 200 9.6ms request_id=1e3faa992535 user_id=2
2026-09-03 08:54:48 | INFO | app | HTTP GET /static/css/app.css -> 304 0.5ms request_id=8dbedd909cd7 user_id=2
2026-09-03 08:54:48 | INFO | app | HTTP GET /static/css/components.css -> 304 1.5ms request_id=e831115615fb user_id=2
2026-09-03 08:54:48 | INFO | app | HTTP GET /static/js/app.js -> 304 1.5ms request_id=991de8d26a2a user_id=2
2026-09-03 08:54:53 | INFO | app | HTTP GET / -> 200 8.2ms request_id=61d8f756e1e5 user_id=2
2026-09-03 08:54:53 | INFO | app | HTTP GET /static/css/app.css -> 304 0.6ms request_id=37da0e5cdba4 user_id=2
2026-09-03 08:54:53 | INFO | app | HTTP GET /static/css/components.css -> 304 2.3ms request_id=a7702cde6795 user_id=2
2026-09-03 08:54:53 | INFO | app | HTTP GET /static/js/app.js -> 304 3.1ms request_id=64d755fdbba6 user_id=2
2026-09-03 08:54:55 | INFO | app | HTTP GET /files -> 200 7.7ms request_id=979a64f794d5 user_id=2
2026-09-03 08:54:55 | INFO | app | HTTP GET /static/css/app.css -> 304 0.5ms request_id=1ac7da23e7d8 user_id=2
2026-09-03 08:54:55 | INFO | app | HTTP GET /static/css/components.css -> 304 1.1ms request_id=44a590a6fd79 user_id=2
2026-09-03 08:54:55 | INFO | app | HTTP GET /static/js/app.js -> 304 1.3ms request_id=993126e30641 user_id=2
2026-09-03 08:59:35 | INFO | app | HTTP GET /inventory -> 200 22.0ms request_id=50dbb3790b6a user_id=2
2026-09-03 08:59:35 | INFO | app | HTTP GET /static/css/app.css -> 304 3.5ms request_id=4694d1b3ee11 user_id=2
2026-09-03 08:59:35 | INFO | app | HTTP GET /static/css/components.css -> 304 15.1ms request_id=cc46a1b6ba9f user_id=2
2026-09-03 08:59:35 | INFO | app | HTTP GET /static/js/app.js -> 304 8.9ms request_id=ec98cf9fe163 user_id=2
2026-09-03 08:59:35 | INFO | app | HTTP GET /static/js/inventory.js -> 304 9.9ms request_id=09e66f28afd8 user_id=2
2026-09-03 08:59:35 | INFO | app | HTTP GET /api/files -> 200 18.3ms request_id=f4e1ed89f628 user_id=2
2026-09-03 08:59:35 | INFO | app | HTTP GET /api/sheets/2 -> 200 22.9ms request_id=5adcd5876491 user_id=2
2026-09-03 08:59:35 | INFO | app | HTTP GET /api/filters -> 200 14.4ms request_id=04292c614b71 user_id=2
2026-09-03 08:59:35 | INFO | app.routes.inventory | Inventory search | file_id= | sheet_ids=None | q_present=False
2026-09-03 08:59:35 | INFO | app | HTTP GET /api/search -> 200 67.1ms request_id=9f421d8f1c9b user_id=2
2026-09-03 09:00:00 | INFO | app | HTTP GET /api/sheets/2 -> 200 5.4ms request_id=0d9e2993f12e user_id=2
2026-09-03 09:00:00 | INFO | app | HTTP GET /api/filters -> 200 14.1ms request_id=8d9fc0380360 user_id=2
2026-09-03 09:00:00 | INFO | app.routes.inventory | Inventory search | file_id=2 | sheet_ids=None | q_present=False
2026-09-03 09:00:00 | INFO | app | HTTP GET /api/search -> 200 14.8ms request_id=45d70ea2c542 user_id=2
2026-09-03 09:01:04 | INFO | app | HTTP GET / -> 200 39.2ms request_id=3534a68215c2 user_id=2
2026-09-03 09:01:04 | INFO | app | HTTP GET /static/css/app.css -> 304 1.4ms request_id=4e794cedfee2 user_id=2
2026-09-03 09:01:05 | INFO | app | HTTP GET /static/css/components.css -> 304 2.9ms request_id=a36907ec1024 user_id=2
2026-09-03 09:01:05 | INFO | app | HTTP GET /static/js/app.js -> 304 2.5ms request_id=1a5623278ef9 user_id=2
2026-09-03 09:01:06 | INFO | app | HTTP GET /inventory -> 200 2.7ms request_id=416b5b9fc71d user_id=2
2026-09-03 09:01:06 | INFO | app | HTTP GET /static/css/app.css -> 304 1.1ms request_id=07e7912fafd0 user_id=2
2026-09-03 09:01:06 | INFO | app | HTTP GET /static/css/components.css -> 304 2.1ms request_id=90914d475f7d user_id=2
2026-09-03 09:01:06 | INFO | app | HTTP GET /static/js/app.js -> 304 3.1ms request_id=06e8e9ef9fb7 user_id=2
2026-09-03 09:01:06 | INFO | app | HTTP GET /static/js/inventory.js -> 304 2.0ms request_id=646b46068455 user_id=2
2026-09-03 09:01:06 | INFO | app | HTTP GET /api/files -> 200 5.0ms request_id=7cd0e6215ab7 user_id=2
2026-09-03 09:01:06 | INFO | app | HTTP GET /api/sheets/2 -> 200 6.0ms request_id=437e37b94ab0 user_id=2
2026-09-03 09:01:06 | INFO | app | HTTP GET /api/filters -> 200 17.5ms request_id=7d6c1689546e user_id=2
2026-09-03 09:01:06 | INFO | app.routes.inventory | Inventory search | file_id= | sheet_ids=None | q_present=False
2026-09-03 09:01:06 | INFO | app | HTTP GET /api/search -> 200 25.0ms request_id=94a9d5831994 user_id=2
2026-09-03 09:19:36 | INFO | app | HTTP GET /api/sheets/2 -> 200 235.5ms request_id=943b73e1d23b user_id=2
2026-09-03 09:19:36 | INFO | app | HTTP GET /api/filters -> 200 56.7ms request_id=acfeda267266 user_id=2
2026-09-03 09:19:36 | INFO | app.routes.inventory | Inventory search | file_id= | sheet_ids=None | q_present=False
2026-09-03 09:19:36 | INFO | app | HTTP GET /api/search -> 200 79.3ms request_id=44a3c807098b user_id=2
2026-09-03 09:24:04 | INFO | app | HTTP GET / -> 200 76.8ms request_id=65cc87315004 user_id=2
2026-09-03 09:24:04 | INFO | app | HTTP GET /static/css/app.css -> 304 37.1ms request_id=0980232caf01 user_id=2
2026-09-03 09:24:04 | INFO | app | HTTP GET /static/css/components.css -> 304 13.6ms request_id=9e348d54a4fc user_id=2
2026-09-03 09:24:04 | INFO | app | HTTP GET /static/js/app.js -> 304 26.1ms request_id=5c1f2f323283 user_id=2
2026-09-03 09:24:14 | INFO | app | HTTP GET /chat -> 200 6.2ms request_id=fc90e6581b91 user_id=2
2026-09-03 09:24:14 | INFO | app | HTTP GET /static/css/app.css -> 304 0.7ms request_id=40da8ee62b1c user_id=2
2026-09-03 09:24:14 | INFO | app | HTTP GET /static/css/components.css -> 304 2.7ms request_id=55ddc75e979d user_id=2
2026-09-03 09:24:14 | INFO | app | HTTP GET /static/js/app.js -> 304 3.1ms request_id=cae83b10b51b user_id=2
2026-09-03 09:24:14 | INFO | app | HTTP GET /static/js/chat.js -> 304 88.6ms request_id=8833deb0c562 user_id=2
2026-09-03 09:24:14 | INFO | app | HTTP GET /api/files -> 200 6.0ms request_id=2a78b0635401 user_id=2
2026-09-03 09:24:17 | INFO | app | HTTP GET /files -> 200 28.1ms request_id=ab2c360acef6 user_id=2
2026-09-03 09:24:17 | INFO | app | HTTP GET /static/css/app.css -> 304 0.8ms request_id=7b9421e811c0 user_id=2
2026-09-03 09:24:17 | INFO | app | HTTP GET /static/css/components.css -> 304 2.4ms request_id=a36c98dc6508 user_id=2
2026-09-03 09:24:17 | INFO | app | HTTP GET /static/js/app.js -> 304 3.1ms request_id=a42cafa4ce6a user_id=2
2026-09-03 09:24:21 | INFO | app | HTTP GET /upload -> 200 5.0ms request_id=0ce805c4897e user_id=2
2026-09-03 09:24:21 | INFO | app | HTTP GET /static/css/app.css -> 304 1.9ms request_id=2608cfeed23d user_id=2
2026-09-03 09:24:21 | INFO | app | HTTP GET /static/css/components.css -> 304 3.3ms request_id=6d33f37a13ff user_id=2
2026-09-03 09:24:21 | INFO | app | HTTP GET /static/js/app.js -> 304 2.5ms request_id=cb019364b5f7 user_id=2
2026-09-03 09:24:22 | INFO | app | HTTP GET /chat -> 200 2.8ms request_id=92f6e10e3d2d user_id=2
2026-09-03 09:24:22 | INFO | app | HTTP GET /static/css/app.css -> 304 2.6ms request_id=2ab3208a4cf4 user_id=2
2026-09-03 09:24:22 | INFO | app | HTTP GET /static/css/components.css -> 304 2.7ms request_id=18f35955666d user_id=2
2026-09-03 09:24:22 | INFO | app | HTTP GET /static/js/chat.js -> 304 3.9ms request_id=aa5dc72227b1 user_id=2
2026-09-03 09:24:22 | INFO | app | HTTP GET /static/js/app.js -> 304 8.6ms request_id=3fabd1b9854a user_id=2
2026-09-03 09:24:22 | INFO | app | HTTP GET /api/files -> 200 9.1ms request_id=442cc96b7e47 user_id=2
2026-09-03 09:24:22 | INFO | app | HTTP GET /upload -> 200 3.5ms request_id=60933433d24b user_id=2
2026-09-03 09:24:22 | INFO | app | HTTP GET /static/css/components.css -> 304 3.1ms request_id=81c10b851a81 user_id=2
2026-09-03 09:24:22 | INFO | app | HTTP GET /static/css/app.css -> 304 8.0ms request_id=9da7fd240569 user_id=2
2026-09-03 09:24:23 | INFO | app | HTTP GET /static/js/app.js -> 304 4.9ms request_id=43d5595a9e08 user_id=2
2026-09-03 09:24:25 | INFO | app | HTTP GET /inventory -> 200 3.7ms request_id=9cad4cc064c7 user_id=2
2026-09-03 09:24:25 | INFO | app | HTTP GET /static/css/app.css -> 304 0.8ms request_id=ac056050a59d user_id=2
2026-09-03 09:24:25 | INFO | app | HTTP GET /static/css/components.css -> 304 6.2ms request_id=66b403f5234d user_id=2
2026-09-03 09:24:25 | INFO | app | HTTP GET /static/js/app.js -> 304 4.4ms request_id=3728421dc9ea user_id=2
2026-09-03 09:24:25 | INFO | app | HTTP GET /static/js/inventory.js -> 304 89.5ms request_id=ea73e9c7e4f0 user_id=2
2026-09-03 09:24:25 | INFO | app | HTTP GET /api/files -> 200 11.6ms request_id=2fb80bba7e3e user_id=2
2026-09-03 09:24:25 | INFO | app | HTTP GET /api/sheets/2 -> 200 8.9ms request_id=515f011529ff user_id=2
2026-09-03 09:24:25 | INFO | app | HTTP GET /api/filters -> 200 51.9ms request_id=7cc4bfa13815 user_id=2
2026-09-03 09:24:25 | INFO | app.routes.inventory | Inventory search | file_id= | sheet_ids=None | q_present=False
2026-09-03 09:24:25 | INFO | app | HTTP GET /api/search -> 200 28.7ms request_id=cb41687ee41d user_id=2
2026-09-03 09:24:25 | INFO | app | HTTP GET / -> 200 28.5ms request_id=13583a5e362b user_id=2
2026-09-03 09:24:25 | INFO | app | HTTP GET /static/css/app.css -> 304 1.0ms request_id=c99f4426c0c7 user_id=2
2026-09-03 09:24:25 | INFO | app | HTTP GET /static/css/components.css -> 304 0.9ms request_id=a29e756c1562 user_id=2
2026-09-03 09:24:25 | INFO | app | HTTP GET /static/js/app.js -> 304 3.8ms request_id=89038cf81da7 user_id=2
2026-09-03 09:34:40 | INFO | app | StockFlow logging initialized | level=INFO | dir=logs
2026-09-03 09:34:42 | INFO | app | Flask application initialized
2026-09-03 09:34:43 | INFO | app | HTTP GET / -> 200 152.2ms request_id=e47dac9794cd user_id=2
2026-09-03 09:34:43 | INFO | app | HTTP GET /static/css/app.css -> 200 11.6ms request_id=bf1b15a77009 user_id=2
2026-09-03 09:34:44 | INFO | app | HTTP GET /static/css/components.css -> 304 3.7ms request_id=64da0d2fed6c user_id=2
2026-09-03 09:34:44 | INFO | app | HTTP GET /static/js/app.js -> 304 2.4ms request_id=bd4a39a19c48 user_id=2
2026-09-03 09:34:45 | INFO | app | HTTP GET /inventory -> 200 30.6ms request_id=3f2df5441016 user_id=2
2026-09-03 09:34:45 | INFO | app | HTTP GET /static/css/app.css -> 304 1.0ms request_id=5a805b39a643 user_id=2
2026-09-03 09:34:45 | INFO | app | HTTP GET /static/js/app.js -> 304 4.1ms request_id=6eb4659a83f7 user_id=2
2026-09-03 09:34:45 | INFO | app | HTTP GET /static/css/components.css -> 304 2.0ms request_id=53fdfa6fe02a user_id=2
2026-09-03 09:34:45 | INFO | app | HTTP GET /static/js/inventory.js -> 200 2.2ms request_id=0a9e2613ffd6 user_id=2
2026-09-03 09:34:45 | INFO | app | HTTP GET /api/files -> 200 3.5ms request_id=d7abc2c541a3 user_id=2
2026-09-03 09:34:45 | INFO | app | HTTP GET /api/sheets/2 -> 200 6.7ms request_id=2d146a204a22 user_id=2
2026-09-03 09:34:45 | INFO | app | HTTP GET /api/filters -> 200 15.2ms request_id=16f1b31564e2 user_id=2
2026-09-03 09:34:45 | INFO | app.routes.inventory | Inventory search | file_id= | sheet_ids=None | q_present=False | low_only=True
2026-09-03 09:34:45 | INFO | app | HTTP GET /api/search -> 200 43.8ms request_id=c0023f5e88f6 user_id=2
2026-09-03 09:35:08 | INFO | app.routes.inventory | Inventory search | file_id= | sheet_ids=None | q_present=True | low_only=True
2026-09-03 09:35:08 | INFO | app | HTTP GET /api/search -> 200 31.7ms request_id=274a53ffe92b user_id=2
2026-09-03 09:35:08 | INFO | app.routes.inventory | Inventory search | file_id= | sheet_ids=None | q_present=True | low_only=True
2026-09-03 09:35:08 | INFO | app | HTTP GET /api/search -> 200 25.0ms request_id=7382079d98ca user_id=2
2026-09-03 09:35:09 | INFO | app.routes.inventory | Inventory search | file_id= | sheet_ids=None | q_present=True | low_only=True
2026-09-03 09:35:09 | INFO | app | HTTP GET /api/search -> 200 16.2ms request_id=b6d84a079fa3 user_id=2
2026-09-03 09:35:10 | INFO | app.routes.inventory | Inventory search | file_id= | sheet_ids=None | q_present=False | low_only=True
2026-09-03 09:35:10 | INFO | app | HTTP GET /api/search -> 200 25.6ms request_id=fcb702dac36a user_id=2
2026-09-03 09:35:14 | INFO | app.routes.inventory | Inventory search | file_id= | sheet_ids=None | q_present=True | low_only=True
2026-09-03 09:35:14 | INFO | app | HTTP GET /api/search -> 200 26.4ms request_id=4eeb1033c719 user_id=2
2026-09-03 09:35:14 | INFO | app.routes.inventory | Inventory search | file_id= | sheet_ids=None | q_present=True | low_only=True
2026-09-03 09:35:15 | INFO | app | HTTP GET /api/search -> 200 44.3ms request_id=e36312eadc98 user_id=2
2026-09-03 09:35:17 | INFO | app.routes.inventory | Inventory search | file_id= | sheet_ids=None | q_present=False | low_only=True
2026-09-03 09:35:17 | INFO | app | HTTP GET /api/search -> 200 52.9ms request_id=42a6ab13d4d7 user_id=2
2026-09-03 09:35:17 | INFO | app.routes.inventory | Inventory search | file_id= | sheet_ids=None | q_present=False | low_only=True
2026-09-03 09:35:18 | INFO | app | HTTP GET /api/search -> 200 53.5ms request_id=0552c12f9a80 user_id=2
2026-09-03 09:35:18 | INFO | app.routes.inventory | Inventory search | file_id= | sheet_ids=None | q_present=False | low_only=True
2026-09-03 09:35:18 | INFO | app | HTTP GET /api/search -> 200 58.3ms request_id=71f8ebc6d00c user_id=2
2026-09-03 09:35:19 | INFO | app.routes.inventory | Inventory search | file_id= | sheet_ids=None | q_present=False | low_only=True
2026-09-03 09:35:19 | INFO | app | HTTP GET /api/search -> 200 10.7ms request_id=bd287d6cd4f1 user_id=2
2026-09-03 09:35:19 | INFO | app.routes.inventory | Inventory search | file_id= | sheet_ids=None | q_present=False | low_only=True
2026-09-03 09:35:19 | INFO | app | HTTP GET /api/search -> 200 23.8ms request_id=e4f59f631640 user_id=2
2026-09-03 09:35:20 | INFO | app.routes.inventory | Inventory search | file_id= | sheet_ids=None | q_present=False | low_only=True
2026-09-03 09:35:20 | INFO | app | HTTP GET /api/search -> 200 20.8ms request_id=f8ad536ac156 user_id=2
2026-09-03 09:35:21 | INFO | app.routes.inventory | Inventory search | file_id= | sheet_ids=None | q_present=False | low_only=True
2026-09-03 09:35:21 | INFO | app | HTTP GET /api/search -> 200 28.5ms request_id=30e2d10ed793 user_id=2
2026-09-03 09:35:21 | INFO | app.routes.inventory | Inventory search | file_id= | sheet_ids=None | q_present=False | low_only=True
2026-09-03 09:35:21 | INFO | app | HTTP GET /api/search -> 200 25.8ms request_id=3ef2e43f72d1 user_id=2
2026-09-03 09:35:21 | INFO | app.routes.inventory | Inventory search | file_id= | sheet_ids=None | q_present=False | low_only=True
2026-09-03 09:35:22 | INFO | app | HTTP GET /api/search -> 200 60.7ms request_id=45883f23b917 user_id=2
2026-09-03 09:35:22 | INFO | app | HTTP GET / -> 200 16.7ms request_id=f2fe47f27397 user_id=2
2026-09-03 09:35:22 | INFO | app | HTTP GET /static/css/app.css -> 304 1.5ms request_id=b22cc2456074 user_id=2
2026-09-03 09:35:22 | INFO | app | HTTP GET /static/css/components.css -> 304 1.2ms request_id=f698f5aac955 user_id=2
2026-09-03 09:35:22 | INFO | app | HTTP GET /static/js/app.js -> 304 1.4ms request_id=15aacaa871f5 user_id=2
2026-09-03 09:35:25 | INFO | app | HTTP GET /inventory -> 200 3.3ms request_id=bcc356b8a55c user_id=2
2026-09-03 09:35:25 | INFO | app | HTTP GET /static/css/app.css -> 304 0.7ms request_id=b1de6c46425f user_id=2
2026-09-03 09:35:25 | INFO | app | HTTP GET /static/css/components.css -> 304 4.5ms request_id=af028d890fc9 user_id=2
2026-09-03 09:35:25 | INFO | app | HTTP GET /static/js/inventory.js -> 304 2.6ms request_id=4cb242548648 user_id=2
2026-09-03 09:35:25 | INFO | app | HTTP GET /static/js/app.js -> 304 8.0ms request_id=f6201e4b4065 user_id=2
2026-09-03 09:35:25 | INFO | app | HTTP GET /api/files -> 200 8.4ms request_id=870bf1790ce3 user_id=2
2026-09-03 09:35:25 | INFO | app | HTTP GET /api/sheets/2 -> 200 4.7ms request_id=3fc8d293f86e user_id=2
2026-09-03 09:35:25 | INFO | app | HTTP GET /api/filters -> 200 18.3ms request_id=393b9201c690 user_id=2
2026-09-03 09:35:25 | INFO | app.routes.inventory | Inventory search | file_id= | sheet_ids=None | q_present=False | low_only=True
2026-09-03 09:35:25 | INFO | app | HTTP GET /api/search -> 200 20.9ms request_id=1d89410e45e3 user_id=2
2026-09-03 09:41:27 | INFO | app.routes.inventory | Inventory search | file_id= | sheet_ids=None | q_present=False | low_only=False
2026-09-03 09:41:27 | INFO | app | HTTP GET /api/search -> 200 31.2ms request_id=26bbcf2275b6 user_id=2
2026-09-03 09:41:29 | INFO | app | HTTP GET / -> 200 18.2ms request_id=ffffdddf8286 user_id=2
2026-09-03 09:41:29 | INFO | app | HTTP GET /static/css/app.css -> 304 1.1ms request_id=20ae324d3e17 user_id=2
2026-09-03 09:41:29 | INFO | app | HTTP GET /static/css/components.css -> 304 1.8ms request_id=b4b516acd6b4 user_id=2
2026-09-03 09:41:29 | INFO | app | HTTP GET /static/js/app.js -> 304 2.1ms request_id=22b3f20e6e13 user_id=2
2026-09-03 09:41:37 | INFO | app | HTTP GET /inventory -> 200 4.0ms request_id=d2d1d499f98f user_id=2
2026-09-03 09:41:37 | INFO | app | HTTP GET /static/css/app.css -> 304 2.4ms request_id=d9b1908ccb95 user_id=2
2026-09-03 09:41:37 | INFO | app | HTTP GET /static/css/components.css -> 304 4.8ms request_id=67d68fde201d user_id=2
2026-09-03 09:41:37 | INFO | app | HTTP GET /static/js/app.js -> 304 7.8ms request_id=d1d4489c6fff user_id=2
2026-09-03 09:41:37 | INFO | app | HTTP GET /static/js/inventory.js -> 304 4.5ms request_id=10a9c8834672 user_id=2
2026-09-03 09:41:37 | INFO | app | HTTP GET /api/files -> 200 12.4ms request_id=15c55d4e34bf user_id=2
2026-09-03 09:41:37 | INFO | app | HTTP GET /api/sheets/2 -> 200 27.5ms request_id=cca38fd97f27 user_id=2
2026-09-03 09:41:37 | INFO | app | HTTP GET /api/filters -> 200 11.9ms request_id=3ccdae509435 user_id=2
2026-09-03 09:41:37 | INFO | app.routes.inventory | Inventory search | file_id= | sheet_ids=None | q_present=False | low_only=True
2026-09-03 09:41:37 | INFO | app | HTTP GET /api/search -> 200 12.4ms request_id=fa4dccf08261 user_id=2
2026-09-03 09:50:49 | INFO | app | StockFlow logging initialized | level=INFO | dir=logs
2026-09-03 09:51:13 | INFO | app | StockFlow logging initialized | level=INFO | dir=logs
2026-09-03 09:51:14 | INFO | app | Flask application initialized
2026-09-03 09:52:09 | INFO | app | HTTP GET / -> 200 111.1ms request_id=71194f3eb594 user_id=2
2026-09-03 09:52:09 | INFO | app | HTTP GET /static/css/components.css -> 304 2.4ms request_id=3548ea448830 user_id=2
2026-09-03 09:52:09 | INFO | app | HTTP GET /static/js/app.js -> 304 2.7ms request_id=0b1d7955884c user_id=2
2026-09-03 09:52:09 | INFO | app | HTTP GET /static/css/app.css -> 200 22.9ms request_id=d75ed5dc87e9 user_id=2
2026-09-03 09:52:10 | INFO | app | HTTP GET /inventory -> 200 9.3ms request_id=38cec072c8b9 user_id=2
2026-09-03 09:52:10 | INFO | app | HTTP GET /static/css/app.css -> 304 0.7ms request_id=f8f373877d45 user_id=2
2026-09-03 09:52:10 | INFO | app | HTTP GET /static/js/app.js -> 304 3.7ms request_id=6ef740de2136 user_id=2
2026-09-03 09:52:10 | INFO | app | HTTP GET /static/css/components.css -> 304 6.7ms request_id=b27ac63ea905 user_id=2
2026-09-03 09:52:10 | INFO | app | HTTP GET /static/js/inventory.js -> 200 73.7ms request_id=0c6c89bdc16d user_id=2
2026-09-03 09:52:11 | INFO | app | HTTP GET /api/files -> 200 12.9ms request_id=f859cd797816 user_id=2
2026-09-03 09:52:11 | INFO | app | HTTP GET /api/sheets/2 -> 200 24.9ms request_id=311c575ccdcd user_id=2
2026-09-03 09:52:11 | INFO | app | HTTP GET /api/filters -> 200 42.5ms request_id=13c24b2219e6 user_id=2
2026-09-03 09:52:11 | INFO | app.routes.inventory | Inventory search | file_id= | sheet_ids=None | q_present=False | low_only=True
2026-09-03 09:52:11 | INFO | app | HTTP GET /api/search -> 200 49.4ms request_id=76ccaf29766c user_id=2
2026-09-03 09:52:12 | INFO | app | HTTP GET /ebay/0XF27R
(ST4000NM0035) -> 200 37.3ms request_id=1bc3d5714218 user_id=2
2026-09-03 09:52:12 | INFO | app | HTTP GET /static/css/app.css -> 304 0.7ms request_id=4c8a4c11fac6 user_id=2
2026-09-03 09:52:12 | INFO | app | HTTP GET /static/css/components.css -> 304 4.1ms request_id=467186942ab3 user_id=2
2026-09-03 09:52:12 | INFO | app | HTTP GET /static/js/app.js -> 304 3.6ms request_id=907d5406582d user_id=2
2026-09-03 09:52:12 | INFO | app | HTTP GET /static/js/ebay.js -> 200 42.1ms request_id=bdd2f89cbcf7 user_id=2
2026-09-03 09:52:12 | INFO | app.routes.ebay | eBay price search requested | code=0XF27R(ST4000NM0035)
2026-09-03 09:52:12 | WARNING | app.services.ebay.client | eBay API unavailable, falling back to scraper | code=0XF27R(ST4000NM0035)
2026-09-03 09:52:12 | ERROR | app.services.ebay.client | eBay scrape request failed | code=0XF27R(ST4000NM0035)
Traceback (most recent call last):
  File "C:\Users\leegg\Documents\StockFlow_final_logging\app\services\ebay\client.py", line 192, in _scrape_search
    resp.raise_for_status()
  File "C:\Users\leegg\Documents\StockFlow_final_logging\.venv\Lib\site-packages\requests\models.py", line 1024, in raise_for_status
    raise HTTPError(http_error_msg, response=self)
requests.exceptions.HTTPError: 403 Client Error: Forbidden for url: https://www.ebay.com/sch/i.html?_nkw=0XF27R%28ST4000NM0035%29&_sop=15
2026-09-03 09:52:12 | INFO | app.routes.ebay | eBay price search completed | code=0XF27R(ST4000NM0035) | source=scrape | count=0
2026-09-03 09:52:12 | INFO | app | HTTP GET /api/ebay/search -> 200 96.0ms request_id=1ea605748e68 user_id=2
2026-09-03 09:52:15 | INFO | app.routes.ebay | eBay price search requested | code=0XF27R(ST4000NM0035)
2026-09-03 09:52:15 | WARNING | app.services.ebay.client | eBay API unavailable, falling back to scraper | code=0XF27R(ST4000NM0035)
2026-09-03 09:52:15 | ERROR | app.services.ebay.client | eBay scrape request failed | code=0XF27R(ST4000NM0035)
Traceback (most recent call last):
  File "C:\Users\leegg\Documents\StockFlow_final_logging\app\services\ebay\client.py", line 192, in _scrape_search
    resp.raise_for_status()
  File "C:\Users\leegg\Documents\StockFlow_final_logging\.venv\Lib\site-packages\requests\models.py", line 1024, in raise_for_status
    raise HTTPError(http_error_msg, response=self)
requests.exceptions.HTTPError: 403 Client Error: Forbidden for url: https://www.ebay.com/sch/i.html?_nkw=0XF27R%28ST4000NM0035%29&_sop=15
2026-09-03 09:52:15 | INFO | app.routes.ebay | eBay price search completed | code=0XF27R(ST4000NM0035) | source=scrape | count=0
2026-09-03 09:52:15 | INFO | app | HTTP GET /api/ebay/search -> 200 97.4ms request_id=3dd8f63f92cc user_id=2
2026-09-03 09:52:16 | INFO | app.routes.ebay | eBay price search requested | code=0XF27R(ST4000NM0035)
2026-09-03 09:52:16 | WARNING | app.services.ebay.client | eBay API unavailable, falling back to scraper | code=0XF27R(ST4000NM0035)
2026-09-03 09:52:16 | ERROR | app.services.ebay.client | eBay scrape request failed | code=0XF27R(ST4000NM0035)
Traceback (most recent call last):
  File "C:\Users\leegg\Documents\StockFlow_final_logging\app\services\ebay\client.py", line 192, in _scrape_search
    resp.raise_for_status()
  File "C:\Users\leegg\Documents\StockFlow_final_logging\.venv\Lib\site-packages\requests\models.py", line 1024, in raise_for_status
    raise HTTPError(http_error_msg, response=self)
requests.exceptions.HTTPError: 403 Client Error: Forbidden for url: https://www.ebay.com/sch/i.html?_nkw=0XF27R%28ST4000NM0035%29&_sop=15
2026-09-03 09:52:16 | INFO | app.routes.ebay | eBay price search completed | code=0XF27R(ST4000NM0035) | source=scrape | count=0
2026-09-03 09:52:16 | INFO | app | HTTP GET /api/ebay/search -> 200 89.5ms request_id=b0037b749a57 user_id=2
2026-09-03 09:52:16 | INFO | app.routes.ebay | eBay price search requested | code=0XF27R(ST4000NM0035)
2026-09-03 09:52:16 | WARNING | app.services.ebay.client | eBay API unavailable, falling back to scraper | code=0XF27R(ST4000NM0035)
2026-09-03 09:52:16 | ERROR | app.services.ebay.client | eBay scrape request failed | code=0XF27R(ST4000NM0035)
Traceback (most recent call last):
  File "C:\Users\leegg\Documents\StockFlow_final_logging\app\services\ebay\client.py", line 192, in _scrape_search
    resp.raise_for_status()
  File "C:\Users\leegg\Documents\StockFlow_final_logging\.venv\Lib\site-packages\requests\models.py", line 1024, in raise_for_status
    raise HTTPError(http_error_msg, response=self)
requests.exceptions.HTTPError: 403 Client Error: Forbidden for url: https://www.ebay.com/sch/i.html?_nkw=0XF27R%28ST4000NM0035%29&_sop=15
2026-09-03 09:52:16 | INFO | app.routes.ebay | eBay price search completed | code=0XF27R(ST4000NM0035) | source=scrape | count=0
2026-09-03 09:52:16 | INFO | app | HTTP GET /api/ebay/search -> 200 106.6ms request_id=836a6c2ab016 user_id=2
2026-09-03 09:52:32 | INFO | app | HTTP GET /api/sheets/2 -> 200 5.2ms request_id=4d2036d21fc6 user_id=2
2026-09-03 09:52:32 | INFO | app | HTTP GET /api/filters -> 200 39.9ms request_id=515e7ba4e0bd user_id=2
2026-09-03 09:52:32 | INFO | app.routes.inventory | Inventory search | file_id= | sheet_ids=None | q_present=False | low_only=True
2026-09-03 09:52:32 | INFO | app | HTTP GET /api/search -> 200 16.4ms request_id=7c4ed2ebf1ed user_id=2
2026-09-03 09:52:33 | INFO | app | HTTP GET /ebay/3285194-C -> 200 4.5ms request_id=ed6f510afcad user_id=2
2026-09-03 09:52:33 | INFO | app | HTTP GET /static/css/components.css -> 304 0.6ms request_id=31687e935fe2 user_id=2
2026-09-03 09:52:33 | INFO | app | HTTP GET /static/js/ebay.js -> 304 1.0ms request_id=22e8f5403bc0 user_id=2
2026-09-03 09:52:33 | INFO | app | HTTP GET /static/js/app.js -> 304 3.1ms request_id=cb37551bf3e1 user_id=2
2026-09-03 09:52:33 | INFO | app | HTTP GET /static/css/app.css -> 304 2.3ms request_id=201403c60308 user_id=2
2026-09-03 09:52:34 | INFO | app.routes.ebay | eBay price search requested | code=3285194-C
2026-09-03 09:52:34 | WARNING | app.services.ebay.client | eBay API unavailable, falling back to scraper | code=3285194-C
2026-09-03 09:52:34 | ERROR | app.services.ebay.client | eBay scrape request failed | code=3285194-C
Traceback (most recent call last):
  File "C:\Users\leegg\Documents\StockFlow_final_logging\app\services\ebay\client.py", line 192, in _scrape_search
    resp.raise_for_status()
  File "C:\Users\leegg\Documents\StockFlow_final_logging\.venv\Lib\site-packages\requests\models.py", line 1024, in raise_for_status
    raise HTTPError(http_error_msg, response=self)
requests.exceptions.HTTPError: 403 Client Error: Forbidden for url: https://www.ebay.com/sch/i.html?_nkw=3285194-C&_sop=15
2026-09-03 09:52:34 | INFO | app.routes.ebay | eBay price search completed | code=3285194-C | source=scrape | count=0
2026-09-03 09:52:34 | INFO | app | HTTP GET /api/ebay/search -> 200 125.1ms request_id=d83a3ec7efa8 user_id=2
2026-09-03 09:52:40 | INFO | app | HTTP GET /inventory -> 200 3.1ms request_id=f12831d79601 user_id=2
2026-09-03 09:52:40 | INFO | app | HTTP GET /static/css/app.css -> 304 1.6ms request_id=b806e9ecbfad user_id=2
2026-09-03 09:52:40 | INFO | app | HTTP GET /static/js/inventory.js -> 304 8.3ms request_id=ff19d1cc6e6a user_id=2
2026-09-03 09:52:40 | INFO | app | HTTP GET /static/css/components.css -> 304 12.9ms request_id=b3c1805bd2b3 user_id=2
2026-09-03 09:52:40 | INFO | app | HTTP GET /static/js/app.js -> 304 10.7ms request_id=97282ebedc1a user_id=2
2026-09-03 09:52:40 | INFO | app | HTTP GET /api/files -> 200 8.2ms request_id=15707e4ce796 user_id=2
2026-09-03 09:52:40 | INFO | app | HTTP GET /api/sheets/2 -> 200 16.5ms request_id=7cb8bb39ccfd user_id=2
2026-09-03 09:52:40 | INFO | app | HTTP GET /api/filters -> 200 51.4ms request_id=f4ec99319641 user_id=2
2026-09-03 09:52:40 | INFO | app.routes.inventory | Inventory search | file_id= | sheet_ids=None | q_present=False | low_only=True
2026-09-03 09:52:40 | INFO | app | HTTP GET /api/search -> 200 13.3ms request_id=0910c70318ca user_id=2
2026-09-03 09:54:58 | INFO | app | HTTP GET / -> 200 66.7ms request_id=42341b076288 user_id=2
2026-09-03 09:54:58 | INFO | app | HTTP GET /static/css/app.css -> 304 1.1ms request_id=9d1bf5156e77 user_id=2
2026-09-03 09:54:58 | INFO | app | HTTP GET /static/js/app.js -> 304 1.8ms request_id=2e065f093591 user_id=2
2026-09-03 09:54:58 | INFO | app | HTTP GET /static/css/components.css -> 304 1.8ms request_id=943de29d0884 user_id=2
2026-09-03 09:55:05 | INFO | app | HTTP GET /inventory -> 200 5.5ms request_id=f0b7ffcc2fe1 user_id=2
2026-09-03 09:55:05 | INFO | app | HTTP GET /static/css/app.css -> 304 0.7ms request_id=cefea2989163 user_id=2
2026-09-03 09:55:06 | INFO | app | HTTP GET /static/js/inventory.js -> 304 1.3ms request_id=40bc81c2bb00 user_id=2
2026-09-03 09:55:06 | INFO | app | HTTP GET /static/js/app.js -> 304 1.6ms request_id=f17b19b95dd2 user_id=2
2026-09-03 09:55:06 | INFO | app | HTTP GET /static/css/components.css -> 304 3.9ms request_id=c37a7ecf83dc user_id=2
2026-09-03 09:55:06 | INFO | app | HTTP GET /api/files -> 200 12.7ms request_id=2a3e50eb72e8 user_id=2
2026-09-03 09:55:06 | INFO | app | HTTP GET /api/sheets/2 -> 200 12.1ms request_id=016073ef95cd user_id=2
2026-09-03 09:55:06 | INFO | app | HTTP GET /api/filters -> 200 24.9ms request_id=b110f98a158c user_id=2
2026-09-03 09:55:06 | INFO | app.routes.inventory | Inventory search | file_id= | sheet_ids=None | q_present=False | low_only=False
2026-09-03 09:55:06 | INFO | app | HTTP GET /api/search -> 200 40.0ms request_id=795efaebb60d user_id=2
2026-09-03 09:55:07 | INFO | app | HTTP GET /files -> 200 75.3ms request_id=c6a4cf21537d user_id=2
2026-09-03 09:55:07 | INFO | app | HTTP GET /static/css/app.css -> 304 0.9ms request_id=e94fb18f181b user_id=2
2026-09-03 09:55:07 | INFO | app | HTTP GET /static/css/components.css -> 304 1.4ms request_id=f4d9ed64068f user_id=2
2026-09-03 09:55:07 | INFO | app | HTTP GET /static/js/app.js -> 304 2.1ms request_id=ef44ba02695d user_id=2
2026-09-03 09:55:08 | INFO | app | HTTP GET /chat -> 200 25.2ms request_id=71317df89dac user_id=2
2026-09-03 09:55:08 | INFO | app | HTTP GET /static/css/app.css -> 304 1.0ms request_id=83f1e97d1875 user_id=2
2026-09-03 09:55:08 | INFO | app | HTTP GET /static/css/components.css -> 304 5.9ms request_id=c8a300f17437 user_id=2
2026-09-03 09:55:08 | INFO | app | HTTP GET /static/js/app.js -> 304 2.5ms request_id=94b65fa55c67 user_id=2
2026-09-03 09:55:08 | INFO | app | HTTP GET /static/js/chat.js -> 304 5.1ms request_id=b4d876f0b6f0 user_id=2
2026-09-03 09:55:08 | INFO | app | HTTP GET /api/files -> 200 7.0ms request_id=0e1fadf3dca6 user_id=2
2026-09-03 09:55:09 | INFO | app | HTTP GET /upload -> 200 48.3ms request_id=a878e14c76af user_id=2
2026-09-03 09:55:09 | INFO | app | HTTP GET /static/css/app.css -> 304 1.2ms request_id=a7f077f08480 user_id=2
2026-09-03 09:55:09 | INFO | app | HTTP GET /static/js/app.js -> 304 2.1ms request_id=fe76c93d7501 user_id=2
2026-09-03 09:55:09 | INFO | app | HTTP GET /static/css/components.css -> 304 1.7ms request_id=ecd927b336cf user_id=2
2026-09-03 09:55:10 | INFO | app | HTTP GET /chat -> 200 3.8ms request_id=e2a757ba580c user_id=2
2026-09-03 09:55:10 | INFO | app | HTTP GET /static/css/app.css -> 304 1.2ms request_id=71b2d606ddef user_id=2
2026-09-03 09:55:10 | INFO | app | HTTP GET /static/js/app.js -> 304 1.8ms request_id=95b3742c1324 user_id=2
2026-09-03 09:55:10 | INFO | app | HTTP GET /static/css/components.css -> 304 3.3ms request_id=f3c8fa192305 user_id=2
2026-09-03 09:55:10 | INFO | app | HTTP GET /static/js/chat.js -> 304 5.7ms request_id=6bae2fc4ded2 user_id=2
2026-09-03 09:55:11 | INFO | app | HTTP GET /api/files -> 200 5.0ms request_id=b57a88a4c1d5 user_id=2
2026-09-03 09:55:13 | INFO | app | HTTP GET / -> 200 23.1ms request_id=32602ad507b6 user_id=2
2026-09-03 09:55:13 | INFO | app | HTTP GET /static/css/app.css -> 304 0.9ms request_id=192855397a73 user_id=2
2026-09-03 09:55:13 | INFO | app | HTTP GET /static/js/app.js -> 304 0.9ms request_id=7829d8446d92 user_id=2
2026-09-03 09:55:13 | INFO | app | HTTP GET /static/css/components.css -> 304 1.6ms request_id=21a4b9fa0f6e user_id=2
2026-09-03 09:55:14 | INFO | app | HTTP GET /inventory -> 200 3.9ms request_id=862a948c4146 user_id=2
2026-09-03 09:55:14 | INFO | app | HTTP GET /static/css/app.css -> 304 1.2ms request_id=d313ab361825 user_id=2
2026-09-03 09:55:14 | INFO | app | HTTP GET /static/css/components.css -> 304 2.3ms request_id=938ce33a7d14 user_id=2
2026-09-03 09:55:14 | INFO | app | HTTP GET /static/js/app.js -> 304 2.4ms request_id=4185729d6c02 user_id=2
2026-09-03 09:55:14 | INFO | app | HTTP GET /static/js/inventory.js -> 304 3.3ms request_id=66d547ce1bbb user_id=2
2026-09-03 09:55:15 | INFO | app | HTTP GET /api/files -> 200 6.6ms request_id=9cbcbbe9edcc user_id=2
2026-09-03 09:55:15 | INFO | app | HTTP GET /api/sheets/2 -> 200 13.4ms request_id=be65d3d1139f user_id=2
2026-09-03 09:55:15 | INFO | app | HTTP GET /api/filters -> 200 42.6ms request_id=3f708bdfdee2 user_id=2
2026-09-03 09:55:15 | INFO | app.routes.inventory | Inventory search | file_id= | sheet_ids=None | q_present=False | low_only=False
2026-09-03 09:55:15 | INFO | app | HTTP GET /api/search -> 200 36.1ms request_id=80b4b1ebbbef user_id=2
2026-09-03 09:55:17 | INFO | app | HTTP GET /files -> 200 11.7ms request_id=89c06dca6144 user_id=2
2026-09-03 09:55:17 | INFO | app | HTTP GET /static/css/app.css -> 304 0.9ms request_id=84b5db62b9f3 user_id=2
2026-09-03 09:55:17 | INFO | app | HTTP GET /static/js/app.js -> 304 1.0ms request_id=82a5194c3825 user_id=2
2026-09-03 09:55:17 | INFO | app | HTTP GET /static/css/components.css -> 304 3.1ms request_id=64c7501974dc user_id=2
2026-09-03 11:10:37 | INFO | app | HTTP GET /files -> 200 122.3ms request_id=d30c76425092 user_id=2
2026-09-03 11:10:37 | INFO | app | HTTP GET /static/css/app.css -> 304 38.6ms request_id=a27ef76d104e user_id=2
2026-09-03 11:10:37 | INFO | app | HTTP GET /static/js/app.js -> 304 2.8ms request_id=66ff3f05c055 user_id=2
2026-09-03 11:10:37 | INFO | app | HTTP GET /static/css/components.css -> 304 17.1ms request_id=c162ab9fd622 user_id=2
2026-09-03 11:10:37 | INFO | app | HTTP GET /chat -> 200 4.3ms request_id=3c3594d2d7e2 user_id=2
2026-09-03 11:10:38 | INFO | app | HTTP GET /static/css/app.css -> 304 0.6ms request_id=8f617784b498 user_id=2
2026-09-03 11:10:38 | INFO | app | HTTP GET /static/css/components.css -> 304 3.7ms request_id=cb87f822a241 user_id=2
2026-09-03 11:10:38 | INFO | app | HTTP GET /static/js/app.js -> 304 5.3ms request_id=babeb442d7e5 user_id=2
2026-09-03 11:10:38 | INFO | app | HTTP GET /static/js/chat.js -> 304 161.1ms request_id=996c2b8c8645 user_id=2
2026-09-03 11:10:38 | INFO | app | HTTP GET /api/files -> 200 4.3ms request_id=4703a17d9cc3 user_id=2
2026-09-03 11:10:38 | INFO | app | HTTP GET / -> 200 29.6ms request_id=728bfc197385 user_id=2
2026-09-03 11:10:38 | INFO | app | HTTP GET /static/css/app.css -> 304 0.5ms request_id=d8a1fc1ca0e4 user_id=2
2026-09-03 11:10:39 | INFO | app | HTTP GET /static/js/app.js -> 304 0.7ms request_id=7dc185dbd5b1 user_id=2
2026-09-03 11:10:39 | INFO | app | HTTP GET /static/css/components.css -> 304 2.4ms request_id=3e1b83f60766 user_id=2
2026-09-03 11:10:45 | INFO | app | HTTP GET /inventory -> 200 8.6ms request_id=db3baf373957 user_id=2
2026-09-03 11:10:45 | INFO | app | HTTP GET /static/css/app.css -> 304 1.0ms request_id=cb6637049a16 user_id=2
2026-09-03 11:10:45 | INFO | app | HTTP GET /static/css/components.css -> 304 2.8ms request_id=97a1b0eaca52 user_id=2
2026-09-03 11:10:45 | INFO | app | HTTP GET /static/js/app.js -> 304 3.0ms request_id=4495913ecb42 user_id=2
2026-09-03 11:10:45 | INFO | app | HTTP GET /static/js/inventory.js -> 304 112.2ms request_id=8ce672fba373 user_id=2
2026-09-03 11:10:45 | INFO | app | HTTP GET /api/files -> 200 7.9ms request_id=2f5c8d167637 user_id=2
2026-09-03 11:10:45 | INFO | app | HTTP GET /api/sheets/2 -> 200 11.5ms request_id=6febdd003a0d user_id=2
2026-09-03 11:10:45 | INFO | app | HTTP GET /api/filters -> 200 30.1ms request_id=56f11c645717 user_id=2
2026-09-03 11:10:45 | INFO | app.routes.inventory | Inventory search | file_id= | sheet_ids=None | q_present=False | low_only=True
2026-09-03 11:10:46 | INFO | app | HTTP GET /api/search -> 200 27.2ms request_id=4899d5f48ee0 user_id=2
2026-09-03 11:10:47 | INFO | app | HTTP GET /ebay/0XF27R
(ST4000NM0035) -> 200 5.1ms request_id=78db9c30dd0f user_id=2
2026-09-03 11:10:47 | INFO | app | HTTP GET /static/css/app.css -> 304 1.9ms request_id=56bc67c103a6 user_id=2
2026-09-03 11:10:47 | INFO | app | HTTP GET /static/css/components.css -> 304 5.4ms request_id=027e64f866d7 user_id=2
2026-09-03 11:10:47 | INFO | app | HTTP GET /static/js/app.js -> 304 4.2ms request_id=cfd2610aa67e user_id=2
2026-09-03 11:10:47 | INFO | app | HTTP GET /static/js/ebay.js -> 304 42.5ms request_id=bc63e9dacaa9 user_id=2
2026-09-03 11:10:47 | INFO | app.routes.ebay | eBay price search requested | code=0XF27R(ST4000NM0035)
2026-09-03 11:10:47 | WARNING | app.services.ebay.client | eBay API unavailable, falling back to scraper | code=0XF27R(ST4000NM0035)
2026-09-03 11:10:47 | ERROR | app.services.ebay.client | eBay scrape request failed | code=0XF27R(ST4000NM0035)
Traceback (most recent call last):
  File "C:\Users\leegg\Documents\StockFlow_final_logging\app\services\ebay\client.py", line 192, in _scrape_search
    resp.raise_for_status()
  File "C:\Users\leegg\Documents\StockFlow_final_logging\.venv\Lib\site-packages\requests\models.py", line 1024, in raise_for_status
    raise HTTPError(http_error_msg, response=self)
requests.exceptions.HTTPError: 403 Client Error: Forbidden for url: https://www.ebay.com/sch/i.html?_nkw=0XF27R%28ST4000NM0035%29&_sop=15
2026-09-03 11:10:47 | INFO | app.routes.ebay | eBay price search completed | code=0XF27R(ST4000NM0035) | source=scrape | count=0
2026-09-03 11:10:47 | INFO | app | HTTP GET /api/ebay/search -> 200 141.8ms request_id=053ac853672b user_id=2
2026-09-03 11:10:51 | INFO | app | HTTP GET / -> 200 19.7ms request_id=4e55ee2a5d02 user_id=2
2026-09-03 11:10:51 | INFO | app | HTTP GET /static/css/app.css -> 304 1.1ms request_id=dbdf5d0c84d0 user_id=2
2026-09-03 11:10:51 | INFO | app | HTTP GET /static/css/components.css -> 304 2.5ms request_id=b12f2805b961 user_id=2
2026-09-03 11:10:51 | INFO | app | HTTP GET /static/js/app.js -> 304 2.6ms request_id=cc565e96342d user_id=2
2026-09-03 11:21:24 | INFO | app | HTTP GET /inventory -> 200 115.7ms request_id=6945e67106bc user_id=2
2026-09-03 11:21:24 | INFO | app | HTTP GET /static/css/app.css -> 304 4.9ms request_id=9cf773e4990f user_id=2
2026-09-03 11:21:24 | INFO | app | HTTP GET /static/js/inventory.js -> 304 2.4ms request_id=41e419ebeba7 user_id=2
2026-09-03 11:21:24 | INFO | app | HTTP GET /static/js/app.js -> 304 5.4ms request_id=2ea25c73ebe5 user_id=2
2026-09-03 11:21:24 | INFO | app | HTTP GET /static/css/components.css -> 304 4.1ms request_id=86e8ff4abb1f user_id=2
2026-09-03 11:21:25 | INFO | app | HTTP GET /api/files -> 200 16.2ms request_id=cb9f5e17b8d8 user_id=2
2026-09-03 11:21:25 | INFO | app | HTTP GET /api/sheets/2 -> 200 111.8ms request_id=595d4a8ac304 user_id=2
2026-09-03 11:21:25 | INFO | app | HTTP GET /api/filters -> 200 75.9ms request_id=655ccb962e3a user_id=2
2026-09-03 11:21:25 | INFO | app.routes.inventory | Inventory search | file_id= | sheet_ids=None | q_present=False | low_only=True
2026-09-03 11:21:25 | INFO | app | HTTP GET /api/search -> 200 82.2ms request_id=d80f62405ff2 user_id=2
2026-09-03 11:21:26 | INFO | app | HTTP GET /ebay/0XF27R
(ST4000NM0035) -> 200 4.1ms request_id=72006882d62e user_id=2
2026-09-03 11:21:26 | INFO | app | HTTP GET /static/css/app.css -> 304 0.8ms request_id=d6eea50d72d4 user_id=2
2026-09-03 11:21:26 | INFO | app | HTTP GET /static/js/app.js -> 304 2.5ms request_id=0a7b40828113 user_id=2
2026-09-03 11:21:26 | INFO | app | HTTP GET /static/js/ebay.js -> 304 2.5ms request_id=c6b96b6d808a user_id=2
2026-09-03 11:21:26 | INFO | app | HTTP GET /static/css/components.css -> 304 6.6ms request_id=01686d4ff325 user_id=2
2026-09-03 11:21:26 | INFO | app.routes.ebay | eBay price search requested | code=0XF27R(ST4000NM0035)
2026-09-03 11:21:26 | WARNING | app.services.ebay.client | eBay API unavailable, falling back to scraper | code=0XF27R(ST4000NM0035)
2026-09-03 11:21:26 | ERROR | app.services.ebay.client | eBay scrape request failed | code=0XF27R(ST4000NM0035)
Traceback (most recent call last):
  File "C:\Users\leegg\Documents\StockFlow_final_logging\app\services\ebay\client.py", line 192, in _scrape_search
    resp.raise_for_status()
  File "C:\Users\leegg\Documents\StockFlow_final_logging\.venv\Lib\site-packages\requests\models.py", line 1024, in raise_for_status
    raise HTTPError(http_error_msg, response=self)
requests.exceptions.HTTPError: 403 Client Error: Forbidden for url: https://www.ebay.com/sch/i.html?_nkw=0XF27R%28ST4000NM0035%29&_sop=15
2026-09-03 11:21:26 | INFO | app.routes.ebay | eBay price search completed | code=0XF27R(ST4000NM0035) | source=scrape | count=0
2026-09-03 11:21:26 | INFO | app | HTTP GET /api/ebay/search -> 200 258.8ms request_id=c12bbdbd5ea3 user_id=2
2026-09-03 11:21:28 | INFO | app.routes.ebay | eBay price search requested | code=0XF27R(ST4000NM0035)
2026-09-03 11:21:28 | WARNING | app.services.ebay.client | eBay API unavailable, falling back to scraper | code=0XF27R(ST4000NM0035)
2026-09-03 11:21:28 | ERROR | app.services.ebay.client | eBay scrape request failed | code=0XF27R(ST4000NM0035)
Traceback (most recent call last):
  File "C:\Users\leegg\Documents\StockFlow_final_logging\app\services\ebay\client.py", line 192, in _scrape_search
    resp.raise_for_status()
  File "C:\Users\leegg\Documents\StockFlow_final_logging\.venv\Lib\site-packages\requests\models.py", line 1024, in raise_for_status
    raise HTTPError(http_error_msg, response=self)
requests.exceptions.HTTPError: 403 Client Error: Forbidden for url: https://www.ebay.com/sch/i.html?_nkw=0XF27R%28ST4000NM0035%29&_sop=15
2026-09-03 11:21:28 | INFO | app.routes.ebay | eBay price search completed | code=0XF27R(ST4000NM0035) | source=scrape | count=0
2026-09-03 11:21:28 | INFO | app | HTTP GET /api/ebay/search -> 200 78.4ms request_id=b32254777157 user_id=2
2026-09-04 08:59:10 | INFO | app | StockFlow logging initialized | level=INFO | dir=logs
2026-09-04 08:59:15 | INFO | app | Flask application initialized
2026-09-04 08:59:22 | INFO | app | HTTP GET / -> 302 2.0ms request_id=0f2a64650570 user_id=-
2026-09-04 08:59:22 | INFO | app | HTTP GET /login -> 200 82.5ms request_id=2fcae93625d6 user_id=-
2026-09-04 08:59:22 | INFO | app | HTTP GET /static/css/app.css -> 304 14.2ms request_id=bb910e48c8ea user_id=-
2026-09-04 08:59:22 | INFO | app | HTTP GET /favicon.ico -> 404 0.6ms request_id=98653607cf71 user_id=-
2026-09-04 08:59:33 | INFO | app.routes.auth | Login attempt | username=yeon12345
2026-09-04 08:59:33 | WARNING | app.routes.auth | Login failed | username=yeon12345
2026-09-04 08:59:33 | INFO | app | HTTP POST /login -> 200 126.6ms request_id=0bf67c528343 user_id=-
2026-09-04 08:59:33 | INFO | app | HTTP GET /static/css/app.css -> 304 0.8ms request_id=6003ccab7368 user_id=-
2026-09-04 08:59:43 | INFO | app.routes.auth | Login attempt | username=yeon
2026-09-04 08:59:43 | WARNING | app.routes.auth | Login failed | username=yeon
2026-09-04 08:59:43 | INFO | app | HTTP POST /login -> 200 252.9ms request_id=2e9dcb8ae6a8 user_id=-
2026-09-04 08:59:43 | INFO | app | HTTP GET /static/css/app.css -> 304 0.9ms request_id=66faa092abba user_id=-
2026-09-04 08:59:50 | INFO | app.routes.auth | Login attempt | username=yeon
2026-09-04 08:59:50 | WARNING | app.routes.auth | Login failed | username=yeon
2026-09-04 08:59:50 | INFO | app | HTTP POST /login -> 200 284.1ms request_id=5e4bd31e2526 user_id=-
2026-09-04 08:59:50 | INFO | app | HTTP GET /static/css/app.css -> 304 1.0ms request_id=c45e40183d49 user_id=-
2026-09-04 08:59:54 | INFO | app | HTTP GET /register -> 200 0.2ms request_id=0bc7e7d18da0 user_id=-
2026-09-04 08:59:54 | INFO | app | HTTP GET /static/css/app.css -> 304 1.7ms request_id=972b101abca9 user_id=-
2026-09-04 08:59:58 | INFO | app.routes.auth | User registered | user_id=3 | username=yy11
2026-09-04 08:59:58 | INFO | app.routes.auth | Login success | user_id=3 | username=yy11
2026-09-04 08:59:58 | INFO | app | HTTP POST /register -> 302 296.0ms request_id=9c4824d80763 user_id=3
2026-09-04 08:59:59 | INFO | app | HTTP GET / -> 200 177.6ms request_id=89cd5ecfd023 user_id=3
2026-09-04 08:59:59 | INFO | app | HTTP GET /static/css/app.css -> 304 1.7ms request_id=1128f4f2c95e user_id=3
2026-09-04 08:59:59 | INFO | app | HTTP GET /static/css/components.css -> 304 16.0ms request_id=7f82b67842fe user_id=3
2026-09-04 08:59:59 | INFO | app | HTTP GET /static/js/app.js -> 304 21.2ms request_id=0e47c7be5926 user_id=3
2026-09-04 09:00:03 | INFO | app | HTTP GET /inventory -> 200 28.4ms request_id=65bbbb6a8c25 user_id=3
2026-09-04 09:00:03 | INFO | app | HTTP GET /static/css/app.css -> 304 1.3ms request_id=a1f906a95e35 user_id=3
2026-09-04 09:00:03 | INFO | app | HTTP GET /static/js/app.js -> 304 1.0ms request_id=7e9b439324e9 user_id=3
2026-09-04 09:00:03 | INFO | app | HTTP GET /static/css/components.css -> 304 4.8ms request_id=a1c619d19811 user_id=3
2026-09-04 09:00:04 | INFO | app | HTTP GET /static/js/inventory.js -> 304 320.4ms request_id=86fcfc8146f8 user_id=3
2026-09-04 09:00:04 | INFO | app | HTTP GET /api/files -> 200 7.6ms request_id=bf4b3976ea75 user_id=3
2026-09-04 09:00:04 | INFO | app | HTTP GET /api/sheets/2 -> 200 11.7ms request_id=1fe8e9e9f239 user_id=3
2026-09-04 09:00:04 | INFO | app | HTTP GET /api/filters -> 200 23.8ms request_id=61b5a7639641 user_id=3
2026-09-04 09:00:05 | INFO | app.routes.inventory | Inventory search | file_id= | sheet_ids=None | q_present=False | low_only=True
2026-09-04 09:00:05 | INFO | app | HTTP GET /api/search -> 200 41.4ms request_id=534f9942d3bb user_id=3
2026-09-04 09:00:07 | INFO | app | HTTP GET /ebay/3285194-C -> 200 41.5ms request_id=8e763a7879e9 user_id=3
2026-09-04 09:00:07 | INFO | app | HTTP GET /static/css/app.css -> 304 0.6ms request_id=a44014066dac user_id=3
2026-09-04 09:00:07 | INFO | app | HTTP GET /static/js/app.js -> 304 1.6ms request_id=7030445d71f8 user_id=3
2026-09-04 09:00:07 | INFO | app | HTTP GET /static/css/components.css -> 304 3.7ms request_id=d9329ba14a81 user_id=3
2026-09-04 09:00:07 | INFO | app | HTTP GET /static/js/ebay.js -> 304 44.6ms request_id=8a5d33e6ff08 user_id=3
2026-09-04 09:00:08 | INFO | app.routes.ebay | eBay price search requested | code=3285194-C
2026-09-04 09:00:08 | ERROR | app.services.ebay.client | eBay OAuth token request failed | env=production
Traceback (most recent call last):
  File "C:\Users\leegg\Documents\StockFlow_final_logging\app\services\ebay\client.py", line 70, in _get_access_token
    resp.raise_for_status()
  File "C:\Users\leegg\Documents\StockFlow_final_logging\.venv\Lib\site-packages\requests\models.py", line 1024, in raise_for_status
    raise HTTPError(http_error_msg, response=self)
requests.exceptions.HTTPError: 401 Client Error: Unauthorized for url: https://api.ebay.com/identity/v1/oauth2/token
2026-09-04 09:00:08 | WARNING | app.services.ebay.client | eBay API unavailable, falling back to scraper | code=3285194-C
2026-09-04 09:00:08 | ERROR | app.services.ebay.client | eBay scrape request failed | code=3285194-C
Traceback (most recent call last):
  File "C:\Users\leegg\Documents\StockFlow_final_logging\app\services\ebay\client.py", line 192, in _scrape_search
    resp.raise_for_status()
  File "C:\Users\leegg\Documents\StockFlow_final_logging\.venv\Lib\site-packages\requests\models.py", line 1024, in raise_for_status
    raise HTTPError(http_error_msg, response=self)
requests.exceptions.HTTPError: 403 Client Error: Forbidden for url: https://www.ebay.com/sch/i.html?_nkw=3285194-C&_sop=15
2026-09-04 09:00:08 | INFO | app.routes.ebay | eBay price search completed | code=3285194-C | source=scrape | count=0
2026-09-04 09:00:08 | INFO | app | HTTP GET /api/ebay/search -> 200 793.4ms request_id=15b2b8751fc7 user_id=3
2026-09-04 09:03:40 | INFO | app | HTTP GET / -> 200 17.8ms request_id=eee3d608cdcc user_id=3
2026-09-04 09:03:40 | INFO | app | HTTP GET /static/css/app.css -> 304 0.9ms request_id=2f6ba37283d1 user_id=3
2026-09-04 09:03:40 | INFO | app | HTTP GET /static/css/components.css -> 304 0.8ms request_id=a9a14c6c1cef user_id=3
2026-09-04 09:03:40 | INFO | app | HTTP GET /static/js/app.js -> 304 0.9ms request_id=c58d7e3e944f user_id=3
2026-09-04 09:03:43 | INFO | app | HTTP GET /files/2 -> 200 75.1ms request_id=0d42e363b94d user_id=3
2026-09-04 09:03:43 | INFO | app | HTTP GET /static/css/app.css -> 304 0.9ms request_id=46ffb9916da0 user_id=3
2026-09-04 09:03:43 | INFO | app | HTTP GET /static/css/components.css -> 304 4.4ms request_id=4039add17261 user_id=3
2026-09-04 09:03:43 | INFO | app | HTTP GET /static/js/app.js -> 304 3.7ms request_id=7c09f0842eb3 user_id=3
2026-09-04 09:03:43 | INFO | app | HTTP GET /static/js/sheet.js -> 200 98.2ms request_id=af69c3a68fd8 user_id=3
2026-09-04 09:03:43 | INFO | app | HTTP GET /api/sheets/2 -> 200 6.0ms request_id=3a1b33a9a73a user_id=3
2026-09-04 09:03:44 | INFO | app | HTTP GET /api/filters -> 200 27.5ms request_id=dc9fcdb4390e user_id=3
2026-09-04 09:03:44 | INFO | app.routes.inventory | Inventory search | file_id=2 | sheet_ids=None | q_present=False | low_only=False
2026-09-04 09:03:44 | INFO | app | HTTP GET /api/search -> 200 26.4ms request_id=d19d46c5ad8f user_id=3
2026-09-04 09:06:21 | INFO | app | StockFlow logging initialized | level=INFO | dir=logs
2026-09-04 09:06:23 | INFO | app | Flask application initialized
2026-09-04 09:06:32 | INFO | app | HTTP GET / -> 200 93.8ms request_id=bc24a1f2a780 user_id=3
2026-09-04 09:06:32 | INFO | app | HTTP GET /static/css/app.css -> 200 19.9ms request_id=1b8a9bcc8fc8 user_id=3
2026-09-04 09:06:32 | INFO | app | HTTP GET /static/css/components.css -> 304 1.2ms request_id=bf7bf4e1e81f user_id=3
2026-09-04 09:06:33 | INFO | app | HTTP GET /static/js/app.js -> 304 3.6ms request_id=dc2072813fa5 user_id=3
2026-09-04 09:06:34 | INFO | app | HTTP GET /inventory -> 200 5.7ms request_id=ee681734de33 user_id=3
2026-09-04 09:06:34 | INFO | app | HTTP GET /static/css/app.css -> 304 0.6ms request_id=5229cf7b9075 user_id=3
2026-09-04 09:06:34 | INFO | app | HTTP GET /static/css/components.css -> 304 0.5ms request_id=203afbe92b74 user_id=3
2026-09-04 09:06:35 | INFO | app | HTTP GET /static/js/inventory.js -> 304 1.5ms request_id=850fe89b843f user_id=3
2026-09-04 09:06:35 | INFO | app | HTTP GET /static/js/app.js -> 304 3.5ms request_id=5b6315fe7d06 user_id=3
2026-09-04 09:06:35 | INFO | app | HTTP GET /api/files -> 200 5.6ms request_id=d47ddc4ccaa3 user_id=3
2026-09-04 09:06:35 | INFO | app | HTTP GET /api/sheets/2 -> 200 22.0ms request_id=747f0a9b722c user_id=3
2026-09-04 09:06:35 | INFO | app | HTTP GET /api/filters -> 200 45.4ms request_id=daeb4526b78c user_id=3
2026-09-04 09:06:35 | INFO | app.routes.inventory | Inventory search | file_id= | sheet_ids=None | q_present=False | low_only=True
2026-09-04 09:06:35 | INFO | app | HTTP GET /api/search -> 200 30.5ms request_id=caf7f45f50da user_id=3
2026-09-04 09:06:37 | INFO | app | HTTP GET /ebay/3285194-C -> 200 9.9ms request_id=865f174d342a user_id=3
2026-09-04 09:06:37 | INFO | app | HTTP GET /static/css/app.css -> 304 1.1ms request_id=fc85307ad589 user_id=3
2026-09-04 09:06:37 | INFO | app | HTTP GET /static/js/app.js -> 304 2.3ms request_id=6477eae637d2 user_id=3
2026-09-04 09:06:37 | INFO | app | HTTP GET /static/css/components.css -> 304 4.3ms request_id=f96b10d30c4b user_id=3
2026-09-04 09:06:37 | INFO | app | HTTP GET /static/js/ebay.js -> 304 4.7ms request_id=a7a77f1e5be0 user_id=3
2026-09-04 09:06:38 | INFO | app.routes.ebay | eBay price search requested | code=3285194-C
2026-09-04 09:06:38 | ERROR | app.services.ebay.client | eBay OAuth token request failed | env=production
Traceback (most recent call last):
  File "C:\Users\leegg\Documents\StockFlow_final_logging\app\services\ebay\client.py", line 75, in _get_access_token
    resp.raise_for_status()
  File "C:\Users\leegg\Documents\StockFlow_final_logging\.venv\Lib\site-packages\requests\models.py", line 1024, in raise_for_status
    raise HTTPError(http_error_msg, response=self)
requests.exceptions.HTTPError: 401 Client Error: Unauthorized for url: https://api.ebay.com/identity/v1/oauth2/token
2026-09-04 09:06:38 | WARNING | app.services.ebay.client | eBay API unavailable, falling back to scraper | code=3285194-C
2026-09-04 09:06:38 | ERROR | app.services.ebay.client | eBay scrape request failed | code=3285194-C
Traceback (most recent call last):
  File "C:\Users\leegg\Documents\StockFlow_final_logging\app\services\ebay\client.py", line 198, in _scrape_search
    resp.raise_for_status()
  File "C:\Users\leegg\Documents\StockFlow_final_logging\.venv\Lib\site-packages\requests\models.py", line 1024, in raise_for_status
    raise HTTPError(http_error_msg, response=self)
requests.exceptions.HTTPError: 403 Client Error: Forbidden for url: https://www.ebay.com/sch/i.html?_nkw=3285194-C&_sop=15
2026-09-04 09:06:38 | INFO | app.routes.ebay | eBay price search completed | code=3285194-C | source=scrape | count=0
2026-09-04 09:06:38 | INFO | app | HTTP GET /api/ebay/search -> 200 431.2ms request_id=b86fa1e4dd55 user_id=3
2026-09-04 09:06:46 | INFO | app.routes.inventory | Inventory search | file_id= | sheet_ids=None | q_present=True | low_only=True
2026-09-04 09:06:46 | INFO | app | HTTP GET /api/search -> 200 56.4ms request_id=4fbbeb9ff29f user_id=3
2026-09-04 09:06:47 | INFO | app.routes.inventory | Inventory search | file_id= | sheet_ids=None | q_present=True | low_only=True
2026-09-04 09:06:47 | INFO | app | HTTP GET /api/search -> 200 18.4ms request_id=3c20cfed5ec1 user_id=3
2026-09-04 09:06:49 | INFO | app.routes.inventory | Inventory search | file_id= | sheet_ids=None | q_present=False | low_only=True
2026-09-04 09:06:49 | INFO | app | HTTP GET /api/search -> 200 21.8ms request_id=4ac64a1a9d3c user_id=3
2026-09-04 09:06:52 | INFO | app | HTTP GET /ebay/005049493 -> 200 5.8ms request_id=3cbf54740332 user_id=3
2026-09-04 09:06:52 | INFO | app | HTTP GET /static/css/app.css -> 304 1.1ms request_id=4677e5678d9a user_id=3
2026-09-04 09:06:53 | INFO | app | HTTP GET /static/css/components.css -> 304 2.1ms request_id=6078c1b61bfc user_id=3
2026-09-04 09:06:53 | INFO | app | HTTP GET /static/js/app.js -> 304 12.5ms request_id=e6e724794049 user_id=3
2026-09-04 09:06:53 | INFO | app | HTTP GET /static/js/ebay.js -> 304 5.7ms request_id=7fa091f3a1e2 user_id=3
2026-09-04 09:06:53 | INFO | app.routes.ebay | eBay price search requested | code=005049493
2026-09-04 09:06:53 | ERROR | app.services.ebay.client | eBay OAuth token request failed | env=production
Traceback (most recent call last):
  File "C:\Users\leegg\Documents\StockFlow_final_logging\app\services\ebay\client.py", line 75, in _get_access_token
    resp.raise_for_status()
  File "C:\Users\leegg\Documents\StockFlow_final_logging\.venv\Lib\site-packages\requests\models.py", line 1024, in raise_for_status
    raise HTTPError(http_error_msg, response=self)
requests.exceptions.HTTPError: 401 Client Error: Unauthorized for url: https://api.ebay.com/identity/v1/oauth2/token
2026-09-04 09:06:53 | WARNING | app.services.ebay.client | eBay API unavailable, falling back to scraper | code=005049493
2026-09-04 09:06:54 | ERROR | app.services.ebay.client | eBay scrape request failed | code=005049493
Traceback (most recent call last):
  File "C:\Users\leegg\Documents\StockFlow_final_logging\app\services\ebay\client.py", line 198, in _scrape_search
    resp.raise_for_status()
  File "C:\Users\leegg\Documents\StockFlow_final_logging\.venv\Lib\site-packages\requests\models.py", line 1024, in raise_for_status
    raise HTTPError(http_error_msg, response=self)
requests.exceptions.HTTPError: 403 Client Error: Forbidden for url: https://www.ebay.com/sch/i.html?_nkw=005049493&_sop=15
2026-09-04 09:06:54 | INFO | app.routes.ebay | eBay price search completed | code=005049493 | source=scrape | count=0
2026-09-04 09:06:54 | INFO | app | HTTP GET /api/ebay/search -> 200 436.9ms request_id=017471b79bbc user_id=3
2026-09-04 09:07:32 | INFO | app | HTTP GET /ebay/005049493 -> 200 9.9ms request_id=0c1becfe50e9 user_id=3
2026-09-04 09:07:32 | INFO | app | HTTP GET /static/css/app.css -> 304 1.4ms request_id=071e2c1298bd user_id=3
2026-09-04 09:07:32 | INFO | app | HTTP GET /static/css/components.css -> 304 4.3ms request_id=28bf191f3124 user_id=3
2026-09-04 09:07:32 | INFO | app | HTTP GET /static/js/ebay.js -> 304 6.3ms request_id=d2fa346d93fd user_id=3
2026-09-04 09:07:32 | INFO | app | HTTP GET /static/js/app.js -> 304 8.7ms request_id=44fec053ca19 user_id=3
2026-09-04 09:07:33 | INFO | app.routes.ebay | eBay price search requested | code=005049493
2026-09-04 09:07:33 | ERROR | app.services.ebay.client | eBay OAuth token request failed | env=production
Traceback (most recent call last):
  File "C:\Users\leegg\Documents\StockFlow_final_logging\app\services\ebay\client.py", line 75, in _get_access_token
    resp.raise_for_status()
  File "C:\Users\leegg\Documents\StockFlow_final_logging\.venv\Lib\site-packages\requests\models.py", line 1024, in raise_for_status
    raise HTTPError(http_error_msg, response=self)
requests.exceptions.HTTPError: 401 Client Error: Unauthorized for url: https://api.ebay.com/identity/v1/oauth2/token
2026-09-04 09:07:33 | WARNING | app.services.ebay.client | eBay API unavailable, falling back to scraper | code=005049493
2026-09-04 09:07:33 | ERROR | app.services.ebay.client | eBay scrape request failed | code=005049493
Traceback (most recent call last):
  File "C:\Users\leegg\Documents\StockFlow_final_logging\app\services\ebay\client.py", line 198, in _scrape_search
    resp.raise_for_status()
  File "C:\Users\leegg\Documents\StockFlow_final_logging\.venv\Lib\site-packages\requests\models.py", line 1024, in raise_for_status
    raise HTTPError(http_error_msg, response=self)
requests.exceptions.HTTPError: 403 Client Error: Forbidden for url: https://www.ebay.com/sch/i.html?_nkw=005049493&_sop=15
2026-09-04 09:07:33 | INFO | app.routes.ebay | eBay price search completed | code=005049493 | source=scrape | count=0
2026-09-04 09:07:33 | INFO | app | HTTP GET /api/ebay/search -> 200 427.1ms request_id=a0b611335edf user_id=3
2026-09-04 09:17:36 | INFO | app | HTTP GET /ebay/005049493 -> 200 45.8ms request_id=85f316c300b5 user_id=3
2026-09-04 09:17:36 | INFO | app | HTTP GET /static/css/app.css -> 200 18.8ms request_id=9122e39cf14f user_id=3
2026-09-04 09:17:36 | INFO | app | HTTP GET /static/css/components.css -> 304 16.6ms request_id=d6a909c3ac64 user_id=3
2026-09-04 09:17:36 | INFO | app | HTTP GET /static/js/app.js -> 304 58.9ms request_id=358696df73ba user_id=3
2026-09-04 09:17:36 | INFO | app | HTTP GET /static/js/ebay.js -> 200 106.5ms request_id=dbe77d30d7ac user_id=3
2026-09-04 09:17:37 | INFO | app.routes.ebay | eBay price search requested | code=005049493
2026-09-04 09:17:37 | ERROR | app.services.ebay.client | eBay OAuth token request failed | env=production
Traceback (most recent call last):
  File "C:\Users\leegg\Documents\StockFlow_final_logging\app\services\ebay\client.py", line 75, in _get_access_token
    resp.raise_for_status()
  File "C:\Users\leegg\Documents\StockFlow_final_logging\.venv\Lib\site-packages\requests\models.py", line 1024, in raise_for_status
    raise HTTPError(http_error_msg, response=self)
requests.exceptions.HTTPError: 401 Client Error: Unauthorized for url: https://api.ebay.com/identity/v1/oauth2/token
2026-09-04 09:17:37 | WARNING | app.services.ebay.client | eBay API unavailable, falling back to scraper | code=005049493
2026-09-04 09:17:37 | ERROR | app.services.ebay.client | eBay scrape request failed | code=005049493
Traceback (most recent call last):
  File "C:\Users\leegg\Documents\StockFlow_final_logging\app\services\ebay\client.py", line 198, in _scrape_search
    resp.raise_for_status()
  File "C:\Users\leegg\Documents\StockFlow_final_logging\.venv\Lib\site-packages\requests\models.py", line 1024, in raise_for_status
    raise HTTPError(http_error_msg, response=self)
requests.exceptions.HTTPError: 403 Client Error: Forbidden for url: https://www.ebay.com/sch/i.html?_nkw=005049493&_sop=15
2026-09-04 09:17:37 | INFO | app.routes.ebay | eBay price search completed | code=005049493 | source=scrape | count=0
2026-09-04 09:17:37 | INFO | app | HTTP GET /api/ebay/search -> 200 430.1ms request_id=d3c53594a8ad user_id=3
2026-09-04 09:18:20 | INFO | app | StockFlow logging initialized | level=INFO | dir=logs
2026-09-04 09:18:23 | INFO | app | Flask application initialized
2026-09-04 09:18:24 | INFO | app | HTTP GET /inventory -> 200 188.7ms request_id=f16ad6156c1b user_id=3
2026-09-04 09:18:24 | INFO | app | HTTP GET /static/css/app.css -> 304 1.0ms request_id=ffb65e947827 user_id=3
2026-09-04 09:18:25 | INFO | app | HTTP GET /static/css/components.css -> 304 1.2ms request_id=d4b16100bb20 user_id=3
2026-09-04 09:18:25 | INFO | app | HTTP GET /inventory -> 200 8.0ms request_id=dfe80128e918 user_id=3
2026-09-04 09:18:25 | INFO | app | HTTP GET /static/js/app.js -> 304 2.1ms request_id=eaee5ae86348 user_id=3
2026-09-04 09:18:25 | INFO | app | HTTP GET /static/css/app.css -> 304 1.4ms request_id=a0386a8708af user_id=3
2026-09-04 09:18:25 | INFO | app | HTTP GET /static/css/components.css -> 304 9.6ms request_id=b8edc089ebac user_id=3
2026-09-04 09:18:25 | INFO | app | HTTP GET /static/js/app.js -> 200 7.7ms request_id=1b4d126b9a37 user_id=3
2026-09-04 09:18:25 | INFO | app | HTTP GET /static/js/inventory.js -> 200 98.4ms request_id=c758882b2176 user_id=3
2026-09-04 09:18:25 | INFO | app | HTTP GET /api/files -> 200 17.1ms request_id=e17baa0ce382 user_id=3
2026-09-04 09:18:26 | INFO | app | HTTP GET /api/sheets/2 -> 200 28.3ms request_id=2fa7aafde191 user_id=3
2026-09-04 09:18:26 | INFO | app | HTTP GET /api/filters -> 200 28.2ms request_id=265ce2c2f3f6 user_id=3
2026-09-04 09:18:26 | INFO | app.routes.inventory | Inventory search | file_id= | sheet_ids=None | q_present=False | low_only=True
2026-09-04 09:18:26 | INFO | app | HTTP GET /api/search -> 200 50.9ms request_id=698f936ce065 user_id=3
2026-09-04 09:18:29 | INFO | app | HTTP GET /ebay/3285276-A -> 200 44.6ms request_id=1aa6b507feef user_id=3
2026-09-04 09:18:29 | INFO | app | HTTP GET /static/css/app.css -> 304 0.8ms request_id=0e095b0c6b59 user_id=3
2026-09-04 09:18:29 | INFO | app | HTTP GET /static/js/app.js -> 304 3.4ms request_id=ef0e0ff577b8 user_id=3
2026-09-04 09:18:29 | INFO | app | HTTP GET /static/css/components.css -> 304 3.0ms request_id=e0e927e5a8ce user_id=3
2026-09-04 09:18:29 | INFO | app | HTTP GET /static/js/ebay.js -> 304 3.6ms request_id=3b2ee25719aa user_id=3
2026-09-04 09:18:29 | INFO | app.routes.ebay | eBay price search requested | code=3285276-A
2026-09-04 09:18:30 | ERROR | app.services.ebay.client | eBay OAuth token request failed | env=production | status=401 | body={"error":"invalid_client","error_description":"client authentication failed"}
2026-09-04 09:18:30 | WARNING | app.services.ebay.client | eBay API unavailable, falling back to scraper | code=3285276-A
2026-09-04 09:18:30 | ERROR | app.services.ebay.client | eBay scrape request failed | code=3285276-A
Traceback (most recent call last):
  File "C:\Users\leegg\Documents\StockFlow_final_logging\app\services\ebay\client.py", line 208, in _scrape_search
    resp.raise_for_status()
  File "C:\Users\leegg\Documents\StockFlow_final_logging\.venv\Lib\site-packages\requests\models.py", line 1024, in raise_for_status
    raise HTTPError(http_error_msg, response=self)
requests.exceptions.HTTPError: 403 Client Error: Forbidden for url: https://www.ebay.com/sch/i.html?_nkw=3285276-A&_sop=15
2026-09-04 09:18:30 | ERROR | app.routes.ebay | eBay price search failed | code=3285276-A
Traceback (most recent call last):
  File "C:\Users\leegg\Documents\StockFlow_final_logging\app\services\ebay\client.py", line 299, in search_by_code
    items = _scrape_search(code, limit)
            ^^^^^^^^^^^^^^^^^^^^^^^^^^^
  File "C:\Users\leegg\Documents\StockFlow_final_logging\app\services\ebay\client.py", line 208, in _scrape_search
    resp.raise_for_status()
  File "C:\Users\leegg\Documents\StockFlow_final_logging\.venv\Lib\site-packages\requests\models.py", line 1024, in raise_for_status
    raise HTTPError(http_error_msg, response=self)
requests.exceptions.HTTPError: 403 Client Error: Forbidden for url: https://www.ebay.com/sch/i.html?_nkw=3285276-A&_sop=15

The above exception was the direct cause of the following exception:

Traceback (most recent call last):
  File "C:\Users\leegg\Documents\StockFlow_final_logging\app\routes\ebay.py", line 24, in ebay_search
    items, source, warning = search_by_code(code)
                             ^^^^^^^^^^^^^^^^^^^^
  File "C:\Users\leegg\Documents\StockFlow_final_logging\app\services\ebay\client.py", line 306, in search_by_code
    raise RuntimeError(message) from exc
RuntimeError: eBay API 인증에 실패해 공개 검색페이지 스크래핑으로 대체했습니다. EBAY_APP_ID/EBAY_CERT_ID 값을 다시 확인해주세요. (예비 스크래핑도 차단되어 실패)
2026-09-04 09:18:30 | INFO | app | HTTP GET /api/ebay/search -> 502 401.6ms request_id=0cd020feac47 user_id=3
2026-09-04 09:22:07 | INFO | app | StockFlow logging initialized | level=INFO | dir=logs
2026-09-04 09:22:09 | INFO | app | Flask application initialized
2026-09-04 09:22:24 | INFO | app | HTTP GET /ebay/3285276-A -> 200 117.5ms request_id=eb178ee4896c user_id=3
2026-09-04 09:22:24 | INFO | app | HTTP GET /static/css/app.css -> 304 0.9ms request_id=f492e64076ef user_id=3
2026-09-04 09:22:24 | INFO | app | HTTP GET /static/css/components.css -> 304 1.9ms request_id=90d28a2bfc4e user_id=3
2026-09-04 09:22:24 | INFO | app | HTTP GET /static/js/app.js -> 304 4.8ms request_id=54fb844922c5 user_id=3
2026-09-04 09:22:24 | INFO | app | HTTP GET /static/js/ebay.js -> 304 6.2ms request_id=7d01b45c1a4f user_id=3
2026-09-04 09:22:25 | INFO | app.routes.ebay | eBay price search requested | code=3285276-A
2026-09-04 09:22:25 | INFO | app.services.ebay.client | eBay OAuth token issued | env=production | expires_in=7200
2026-09-04 09:22:26 | INFO | app.services.ebay.client | eBay API search completed | code=3285276-A | results=18
2026-09-04 09:22:26 | INFO | app.routes.ebay | eBay price search completed | code=3285276-A | source=api | count=18
2026-09-04 09:22:26 | INFO | app | HTTP GET /api/ebay/search -> 200 1118.5ms request_id=386c45cad4a2 user_id=3
2026-09-04 09:38:01 | INFO | app.routes.ebay | eBay price search requested | code=3285276-A
2026-09-04 09:38:02 | INFO | app.services.ebay.client | eBay API search completed | code=3285276-A | results=18
2026-09-04 09:38:02 | INFO | app.routes.ebay | eBay price search completed | code=3285276-A | source=api | count=18
2026-09-04 09:38:02 | INFO | app | HTTP GET /api/ebay/search -> 200 770.8ms request_id=bb39d26a28fa user_id=3
2026-09-04 09:38:51 | INFO | app | HTTP GET /inventory -> 200 63.0ms request_id=847b98e20544 user_id=3
2026-09-04 09:38:52 | INFO | app | HTTP GET /static/css/app.css -> 200 43.9ms request_id=9f56bf3aa504 user_id=3
2026-09-04 09:38:52 | INFO | app | HTTP GET /static/js/inventory.js -> 304 2.9ms request_id=b0d472d5fe42 user_id=3
2026-09-04 09:38:52 | INFO | app | HTTP GET /static/js/app.js -> 304 3.2ms request_id=2ee080f46f32 user_id=3
2026-09-04 09:38:52 | INFO | app | HTTP GET /static/css/components.css -> 304 5.3ms request_id=5aa40693e145 user_id=3
2026-09-04 09:38:52 | INFO | app | HTTP GET /api/files -> 200 68.6ms request_id=d8c1537009ae user_id=3
2026-09-04 09:38:52 | INFO | app | HTTP GET /api/sheets/2 -> 200 21.9ms request_id=3c5aeaeb9aa9 user_id=3
2026-09-04 09:38:53 | INFO | app | HTTP GET /api/filters -> 200 71.9ms request_id=a874c6fcf3f2 user_id=3
2026-09-04 09:38:53 | INFO | app.routes.inventory | Inventory search | file_id= | sheet_ids=None | q_present=False | low_only=False
2026-09-04 09:38:53 | INFO | app | HTTP GET /api/search -> 200 72.3ms request_id=c4e43cae648c user_id=3
2026-09-04 15:07:36 | INFO | app | StockFlow logging initialized | level=INFO | dir=logs
2026-09-04 15:10:28 | INFO | app | StockFlow logging initialized | level=INFO | dir=logs
2026-09-04 15:10:30 | INFO | app | Flask application initialized
2026-09-04 15:10:32 | INFO | app | HTTP GET / -> 302 2.0ms request_id=e457d03fe0d5 user_id=-
2026-09-04 15:10:32 | INFO | app | HTTP GET /login -> 200 124.2ms request_id=4cd2400090e0 user_id=-
2026-09-04 15:10:33 | INFO | app | HTTP GET /static/css/app.css -> 200 35.4ms request_id=caaf454659ae user_id=-
2026-09-04 15:10:33 | INFO | app | HTTP GET /favicon.ico -> 404 0.4ms request_id=f6902ce43107 user_id=-
2026-09-04 15:10:38 | INFO | app.routes.auth | Login attempt | username=yy12
2026-09-04 15:10:38 | WARNING | app.routes.auth | Login failed | username=yy12
2026-09-04 15:10:38 | INFO | app | HTTP POST /login -> 200 112.1ms request_id=8321b32aa7b1 user_id=-
2026-09-04 15:10:38 | INFO | app | HTTP GET /static/css/app.css -> 304 1.7ms request_id=4aa55419dbab user_id=-
2026-09-04 15:10:51 | INFO | app.routes.auth | Login attempt | username=yeon
2026-09-04 15:10:51 | WARNING | app.routes.auth | Login failed | username=yeon
2026-09-04 15:10:52 | INFO | app | HTTP POST /login -> 200 635.8ms request_id=02f0a09f3a5c user_id=-
2026-09-04 15:10:52 | INFO | app | HTTP GET /static/css/app.css -> 304 4.8ms request_id=5092415bf8c6 user_id=-
2026-09-04 15:10:53 | INFO | app | HTTP GET /register -> 200 0.6ms request_id=5252328cd7e7 user_id=-
2026-09-04 15:10:53 | INFO | app | HTTP GET /static/css/app.css -> 304 2.8ms request_id=bdbaf8b93db9 user_id=-
2026-09-04 15:10:57 | INFO | app.routes.auth | User registered | user_id=4 | username=admin
2026-09-04 15:10:57 | INFO | app.routes.auth | Login success | user_id=4 | username=admin
2026-09-04 15:10:57 | INFO | app | HTTP POST /register -> 302 505.1ms request_id=28b4c971f349 user_id=4
2026-09-04 15:10:57 | INFO | app | HTTP GET / -> 200 190.0ms request_id=6cb70166e167 user_id=4
2026-09-04 15:10:57 | INFO | app | HTTP GET /static/css/app.css -> 304 1.4ms request_id=920fc7160b00 user_id=4
2026-09-04 15:10:57 | INFO | app | HTTP GET /static/css/components.css -> 304 22.4ms request_id=b120796fd423 user_id=4
2026-09-04 15:10:57 | INFO | app | HTTP GET /static/js/app.js -> 304 34.1ms request_id=95fbb921a85b user_id=4
2026-09-04 15:11:00 | INFO | app | HTTP GET /inventory -> 200 51.2ms request_id=8341d5abcba4 user_id=4
2026-09-04 15:11:00 | INFO | app | HTTP GET /static/css/app.css -> 304 3.0ms request_id=0bec21977361 user_id=4
2026-09-04 15:11:00 | INFO | app | HTTP GET /static/css/components.css -> 304 10.5ms request_id=f8645689f664 user_id=4
2026-09-04 15:11:00 | INFO | app | HTTP GET /static/js/app.js -> 304 7.6ms request_id=a722e72faf4b user_id=4
2026-09-04 15:11:00 | INFO | app | HTTP GET /static/js/inventory.js -> 200 149.9ms request_id=5251d6e67b1f user_id=4
2026-09-04 15:11:00 | INFO | app | HTTP GET /api/files -> 200 11.1ms request_id=f9d8deec2123 user_id=4
2026-09-04 15:11:00 | INFO | app | HTTP GET /api/sheets/2 -> 200 15.0ms request_id=1d3f10b458ed user_id=4
2026-09-04 15:11:01 | INFO | app | HTTP GET /api/filters -> 200 26.2ms request_id=1142eb97bb49 user_id=4
2026-09-04 15:11:01 | INFO | app.routes.inventory | Inventory search | file_id= | sheet_ids=None | q_present=False | low_only=True
2026-09-04 15:11:01 | INFO | app | HTTP GET /api/search -> 200 47.5ms request_id=2b4907ccf122 user_id=4
2026-09-04 15:11:03 | INFO | app | HTTP GET /ebay/3285194-C -> 200 51.4ms request_id=8773145d8821 user_id=4
2026-09-04 15:11:03 | INFO | app | HTTP GET /static/css/app.css -> 304 1.2ms request_id=917c5c44d1cb user_id=4
2026-09-04 15:11:03 | INFO | app | HTTP GET /static/css/components.css -> 304 3.9ms request_id=0112960a8942 user_id=4
2026-09-04 15:11:03 | INFO | app | HTTP GET /static/js/app.js -> 304 4.4ms request_id=13feb8c60c1f user_id=4
2026-09-04 15:11:03 | INFO | app | HTTP GET /static/js/ebay.js -> 200 68.1ms request_id=30b2533e9a41 user_id=4
2026-09-04 15:11:04 | INFO | app.routes.ebay | eBay price search requested | code=3285194-C | page=1 | limit=30
2026-09-04 15:11:04 | ERROR | app.routes.ebay | eBay price search failed | code=3285194-C
Traceback (most recent call last):
  File "C:\Users\leegg\Documents\StockFlow_final_logging\app\routes\ebay.py", line 33, in ebay_search
    items, source, warning, total = search_by_code(code, limit=limit, offset=offset)
                                    ^^^^^^^^^^^^^^^^^^^^^^^^^^^^^^^^^^^^^^^^^^^^^^^^
TypeError: search_by_code() got an unexpected keyword argument 'limit'
2026-09-04 15:11:04 | INFO | app | HTTP GET /api/ebay/search -> 502 23.8ms request_id=90d2ad033a6d user_id=4
2026-09-04 15:11:15 | INFO | app | HTTP GET /inventory -> 200 5.8ms request_id=cfa72a157360 user_id=4
2026-09-04 15:11:16 | INFO | app | HTTP GET /static/css/app.css -> 304 1.3ms request_id=31eea9bcb4ec user_id=4
2026-09-04 15:11:16 | INFO | app | HTTP GET /static/js/app.js -> 304 2.9ms request_id=f0ad7057382a user_id=4
2026-09-04 15:11:16 | INFO | app | HTTP GET /static/css/components.css -> 304 3.6ms request_id=1d3ce75aa944 user_id=4
2026-09-04 15:11:16 | INFO | app | HTTP GET /static/js/inventory.js -> 304 7.1ms request_id=3fb7183b5f75 user_id=4
2026-09-04 15:11:16 | INFO | app | HTTP GET /api/files -> 200 10.7ms request_id=1add2d663bb8 user_id=4
2026-09-04 15:11:16 | INFO | app | HTTP GET /api/sheets/2 -> 200 15.1ms request_id=fb94a55bdab2 user_id=4
2026-09-04 15:11:16 | INFO | app | HTTP GET /api/filters -> 200 46.2ms request_id=a14366179482 user_id=4
2026-09-04 15:11:17 | INFO | app.routes.inventory | Inventory search | file_id= | sheet_ids=None | q_present=False | low_only=False
2026-09-04 15:11:17 | INFO | app | HTTP GET /api/search -> 200 54.5ms request_id=ebcec27cfc1d user_id=4
2026-09-04 15:11:20 | INFO | app.routes.inventory | Inventory search | file_id= | sheet_ids=None | q_present=False | low_only=False
2026-09-04 15:11:20 | INFO | app | HTTP GET /api/search -> 200 34.7ms request_id=370072129312 user_id=4
2026-09-04 15:11:21 | INFO | app.routes.inventory | Inventory search | file_id= | sheet_ids=None | q_present=False | low_only=False
2026-09-04 15:11:21 | INFO | app | HTTP GET /api/search -> 200 75.8ms request_id=0dbb277542bb user_id=4
2026-09-04 15:17:12 | INFO | app | HTTP GET /upload -> 200 164.2ms request_id=8f97ede734c5 user_id=4
2026-09-04 15:17:12 | INFO | app | HTTP GET /static/css/app.css -> 304 2.7ms request_id=cac01e81501d user_id=4
2026-09-04 15:17:12 | INFO | app | HTTP GET /static/css/components.css -> 304 1.4ms request_id=36e4cee61af9 user_id=4
2026-09-04 15:17:12 | INFO | app | HTTP GET /static/js/app.js -> 304 1.1ms request_id=df9d9fefad5e user_id=4
2026-09-04 15:17:13 | INFO | app | HTTP GET /files -> 200 114.8ms request_id=4de11391abfa user_id=4
2026-09-04 15:17:13 | INFO | app | HTTP GET /static/css/app.css -> 304 1.2ms request_id=1ea55559e38d user_id=4
2026-09-04 15:17:13 | INFO | app | HTTP GET /static/css/components.css -> 304 2.3ms request_id=8af56d207f0f user_id=4
2026-09-04 15:17:13 | INFO | app | HTTP GET /static/js/app.js -> 304 0.7ms request_id=d3e8747cce89 user_id=4
2026-09-04 15:17:14 | INFO | app | HTTP GET /files/2 -> 200 137.6ms request_id=59fddac4ab3f user_id=4
2026-09-04 15:17:14 | INFO | app | HTTP GET /static/css/app.css -> 304 2.4ms request_id=53bcabc34253 user_id=4
2026-09-04 15:17:14 | INFO | app | HTTP GET /static/css/components.css -> 304 12.5ms request_id=226ffc512cc5 user_id=4
2026-09-04 15:17:14 | INFO | app | HTTP GET /static/js/app.js -> 304 15.3ms request_id=8a0030954ad6 user_id=4
2026-09-04 15:17:14 | INFO | app | HTTP GET /static/js/sheet.js -> 200 206.8ms request_id=9ab84d3fa2bd user_id=4
2026-09-04 15:17:15 | INFO | app | HTTP GET /api/sheets/2 -> 200 15.5ms request_id=d706378fa0a2 user_id=4
2026-09-04 15:17:15 | INFO | app | HTTP GET /api/filters -> 200 28.4ms request_id=f8c590732c88 user_id=4
2026-09-04 15:17:15 | INFO | app.routes.inventory | Inventory search | file_id=2 | sheet_ids=None | q_present=False | low_only=False
2026-09-04 15:17:15 | INFO | app | HTTP GET /api/search -> 200 65.4ms request_id=c6b2a6eec4a8 user_id=4
2026-09-04 15:17:20 | INFO | app.routes.inventory | Inventory search | file_id=2 | sheet_ids=None | q_present=False | low_only=False
2026-09-04 15:17:20 | INFO | app | HTTP GET /api/search -> 200 33.6ms request_id=b65a69f8c77f user_id=4
2026-09-07 09:03:56 | INFO | app | StockFlow logging initialized | level=INFO | dir=logs
2026-09-07 09:03:58 | INFO | app | Flask application initialized
2026-09-07 09:04:03 | INFO | app | HTTP GET / -> 302 1.6ms request_id=2bb892a3f125 user_id=-
2026-09-07 09:04:03 | INFO | app | HTTP GET /login -> 200 12.4ms request_id=6a7a0aeb8eb1 user_id=-
2026-09-07 09:04:04 | INFO | app | HTTP GET /static/css/app.css -> 304 2.0ms request_id=c0b7393bb450 user_id=-
2026-09-07 09:04:04 | INFO | app | HTTP GET /favicon.ico -> 404 0.3ms request_id=72795702294a user_id=-
2026-09-07 09:04:08 | INFO | app | HTTP GET /register -> 200 0.3ms request_id=c7457ad96663 user_id=-
2026-09-07 09:04:08 | INFO | app | HTTP GET /static/css/app.css -> 304 2.5ms request_id=2dc6c3504047 user_id=-
2026-09-07 09:04:12 | INFO | app.routes.auth | User registered | user_id=5 | username=y1234
2026-09-07 09:04:12 | INFO | app.routes.auth | Login success | user_id=5 | username=y1234
2026-09-07 09:04:12 | INFO | app | HTTP POST /register -> 302 310.9ms request_id=bfbe3e79b7f0 user_id=5
2026-09-07 09:04:12 | INFO | app | HTTP GET / -> 200 33.2ms request_id=ddf370f16b5f user_id=5
2026-09-07 09:04:12 | INFO | app | HTTP GET /static/css/app.css -> 304 0.5ms request_id=b966bcec4470 user_id=5
2026-09-07 09:04:12 | INFO | app | HTTP GET /static/css/components.css -> 304 3.8ms request_id=d6e97c442e93 user_id=5
2026-09-07 09:04:12 | INFO | app | HTTP GET /static/js/app.js -> 304 2.8ms request_id=296abe7b5a47 user_id=5
2026-09-07 09:04:18 | INFO | app | HTTP GET /files -> 200 24.0ms request_id=5c20a6e72c90 user_id=5
2026-09-07 09:04:18 | INFO | app | HTTP GET /static/css/app.css -> 304 1.4ms request_id=7dcaf73adcbb user_id=5
2026-09-07 09:04:19 | INFO | app | HTTP GET /static/css/components.css -> 304 1.4ms request_id=7564e3638b74 user_id=5
2026-09-07 09:04:19 | INFO | app | HTTP GET /static/js/app.js -> 304 3.0ms request_id=a06f0c6c968f user_id=5
2026-09-07 09:04:20 | INFO | app | HTTP GET /chat -> 200 28.0ms request_id=3cfd51f54998 user_id=5
2026-09-07 09:04:20 | INFO | app | HTTP GET /static/css/app.css -> 304 1.6ms request_id=7a28e8f9f35c user_id=5
2026-09-07 09:04:20 | INFO | app | HTTP GET /static/js/app.js -> 304 1.5ms request_id=e7a5cd2ee091 user_id=5
2026-09-07 09:04:20 | INFO | app | HTTP GET /static/css/components.css -> 304 3.5ms request_id=d05f2fd65c19 user_id=5
2026-09-07 09:04:20 | INFO | app | HTTP GET /static/js/chat.js -> 304 132.6ms request_id=8fc2bfa1f6e7 user_id=5
2026-09-07 09:04:21 | INFO | app | HTTP GET /api/files -> 200 14.9ms request_id=752e96a25489 user_id=5
2026-09-07 09:04:21 | INFO | app | HTTP GET /upload -> 200 6.8ms request_id=7720ab608323 user_id=5
2026-09-07 09:04:21 | INFO | app | HTTP GET /static/css/app.css -> 304 1.1ms request_id=772162d62ec6 user_id=5
2026-09-07 09:04:21 | INFO | app | HTTP GET /static/js/app.js -> 304 0.9ms request_id=d9c46c3b58b2 user_id=5
2026-09-07 09:04:21 | INFO | app | HTTP GET /static/css/components.css -> 304 1.8ms request_id=344083d74c73 user_id=5
2026-09-07 09:04:22 | INFO | app | HTTP GET /inventory -> 200 7.2ms request_id=7756c7565f62 user_id=5
2026-09-07 09:04:22 | INFO | app | HTTP GET /static/css/app.css -> 304 0.7ms request_id=e855e124ccba user_id=5
2026-09-07 09:04:22 | INFO | app | HTTP GET /static/css/components.css -> 304 2.1ms request_id=c4dcca1f3988 user_id=5
2026-09-07 09:04:22 | INFO | app | HTTP GET /static/js/app.js -> 304 2.6ms request_id=fa4fc37cc75a user_id=5
2026-09-07 09:04:22 | INFO | app | HTTP GET /static/js/inventory.js -> 304 3.2ms request_id=45c4889441b5 user_id=5
2026-09-07 09:04:23 | INFO | app | HTTP GET /api/files -> 200 4.7ms request_id=9756371be492 user_id=5
2026-09-07 09:04:23 | INFO | app | HTTP GET /api/sheets/2 -> 200 10.4ms request_id=97fb68ef433c user_id=5
2026-09-07 09:04:23 | INFO | app | HTTP GET /api/filters -> 200 25.7ms request_id=48ece3e3f869 user_id=5
2026-09-07 09:04:23 | INFO | app | HTTP GET /files -> 200 9.4ms request_id=b8b46db55137 user_id=5
2026-09-07 09:04:23 | INFO | app | HTTP GET /static/css/app.css -> 304 0.6ms request_id=472ef6381aa0 user_id=5
2026-09-07 09:04:23 | INFO | app | HTTP GET /static/css/components.css -> 304 0.7ms request_id=5ca5d3e4ca66 user_id=5
2026-09-07 09:04:24 | INFO | app.routes.inventory | Inventory search | file_id= | sheet_ids=None | q_present=False | low_only=False
2026-09-07 09:04:24 | INFO | app | HTTP GET /static/js/app.js -> 304 0.9ms request_id=ec2c03165648 user_id=5
2026-09-07 09:04:24 | INFO | app | HTTP GET /api/search -> 200 22.5ms request_id=4ad65ab41932 user_id=5
2026-09-07 09:04:30 | INFO | app | HTTP GET / -> 200 10.4ms request_id=c3dd7d84e6c0 user_id=5
2026-09-07 09:04:30 | INFO | app | HTTP GET /static/css/app.css -> 304 0.5ms request_id=a06d1fddbe32 user_id=5
2026-09-07 09:04:30 | INFO | app | HTTP GET /static/css/components.css -> 304 2.3ms request_id=c2523a12b122 user_id=5
2026-09-07 09:04:30 | INFO | app | HTTP GET /static/js/app.js -> 304 2.6ms request_id=28161f68ab82 user_id=5
2026-09-07 09:04:32 | INFO | app | HTTP GET /inventory -> 200 5.7ms request_id=2a45abc57925 user_id=5
2026-09-07 09:04:32 | INFO | app | HTTP GET /static/css/app.css -> 304 1.3ms request_id=9491e6e3d307 user_id=5
2026-09-07 09:04:32 | INFO | app | HTTP GET /static/css/components.css -> 304 1.9ms request_id=7a93f1c32e58 user_id=5
2026-09-07 09:04:32 | INFO | app | HTTP GET /static/js/app.js -> 304 2.7ms request_id=c1a59d662233 user_id=5
2026-09-07 09:04:32 | INFO | app | HTTP GET /static/js/inventory.js -> 304 5.6ms request_id=df252c3f7802 user_id=5
2026-09-07 09:04:32 | INFO | app | HTTP GET /api/files -> 200 5.2ms request_id=9178ad84de5e user_id=5
2026-09-07 09:04:33 | INFO | app | HTTP GET /api/sheets/2 -> 200 14.3ms request_id=0dd4dafa3a91 user_id=5
2026-09-07 09:04:33 | INFO | app | HTTP GET /api/filters -> 200 42.9ms request_id=5b031df88cab user_id=5
2026-09-07 09:04:33 | INFO | app.routes.inventory | Inventory search | file_id= | sheet_ids=None | q_present=False | low_only=True
2026-09-07 09:04:33 | INFO | app | HTTP GET /api/search -> 200 28.7ms request_id=906dbdac9afd user_id=5
2026-09-07 09:04:36 | INFO | app | HTTP GET /ebay/0XF27R
(ST4000NM0035) -> 200 7.3ms request_id=194729a68f5c user_id=5
2026-09-07 09:04:36 | INFO | app | HTTP GET /static/css/app.css -> 304 1.1ms request_id=a7aa173e9d48 user_id=5
2026-09-07 09:04:36 | INFO | app | HTTP GET /static/css/components.css -> 304 5.7ms request_id=713543e898ad user_id=5
2026-09-07 09:04:36 | INFO | app | HTTP GET /static/js/ebay.js -> 304 2.8ms request_id=edc2dac1a380 user_id=5
2026-09-07 09:04:36 | INFO | app | HTTP GET /static/js/app.js -> 304 7.6ms request_id=9bac59fbf197 user_id=5
2026-09-07 09:04:36 | INFO | app.routes.ebay | eBay price search requested | code=0XF27R(ST4000NM0035) | page=1 | limit=30
2026-09-07 09:04:36 | ERROR | app.routes.ebay | eBay price search failed | code=0XF27R(ST4000NM0035)
Traceback (most recent call last):
  File "C:\Users\leegg\Documents\StockFlow_final_logging\app\routes\ebay.py", line 33, in ebay_search
    items, source, warning, total = search_by_code(code, limit=limit, offset=offset)
                                    ^^^^^^^^^^^^^^^^^^^^^^^^^^^^^^^^^^^^^^^^^^^^^^^^
TypeError: search_by_code() got an unexpected keyword argument 'limit'
2026-09-07 09:04:36 | INFO | app | HTTP GET /api/ebay/search -> 502 7.2ms request_id=00b1309b8d0a user_id=5
2026-09-07 09:10:34 | INFO | app | StockFlow logging initialized | level=INFO | dir=logs
2026-09-07 09:10:37 | INFO | app | Flask application initialized
2026-09-07 09:11:52 | INFO | app | HTTP GET /ebay/0XF27R
(ST4000NM0035) -> 200 200.2ms request_id=19c43f6fcaf3 user_id=5
2026-09-07 09:11:52 | INFO | app | HTTP GET /static/css/app.css -> 304 17.9ms request_id=7e8207396617 user_id=5
2026-09-07 09:11:52 | INFO | app | HTTP GET /static/css/components.css -> 304 13.6ms request_id=79b7dc02f5d6 user_id=5
2026-09-07 09:11:52 | INFO | app | HTTP GET /static/js/app.js -> 304 17.9ms request_id=0a72e83d5741 user_id=5
2026-09-07 09:11:52 | INFO | app | HTTP GET /static/js/ebay.js -> 304 48.1ms request_id=7081b0bb986c user_id=5
2026-09-07 09:11:53 | INFO | app.routes.ebay | eBay price search requested | code=0XF27R(ST4000NM0035) | page=1 | page_size=100
2026-09-07 09:11:54 | INFO | app.services.ebay.client | eBay OAuth token issued | env=production | expires_in=7200
2026-09-07 09:11:54 | INFO | app.services.ebay.client | eBay API search completed | code=0XF27R(ST4000NM0035) | pool_size=0 | ebay_total=0
2026-09-07 09:11:54 | INFO | app.services.ebay.client | eBay search page sliced | code=0XF27R(ST4000NM0035) | source=api | page=1 | page_size=100 | page_total=0 | ebay_total=0
2026-09-07 09:11:54 | INFO | app.routes.ebay | eBay price search completed | code=0XF27R(ST4000NM0035) | source=api | page=1 | count=0 | page_total=0 | ebay_total=0
2026-09-07 09:11:54 | INFO | app | HTTP GET /api/ebay/search -> 200 1281.5ms request_id=dbd281faa6bc user_id=5
2026-09-07 09:11:59 | INFO | app | HTTP GET / -> 200 61.1ms request_id=a09ab5fd0f36 user_id=5
2026-09-07 09:12:00 | INFO | app | HTTP GET /static/css/app.css -> 304 1.2ms request_id=c1477ae6bd22 user_id=5
2026-09-07 09:12:00 | INFO | app | HTTP GET /static/css/components.css -> 304 1.5ms request_id=f60a6a4b6d58 user_id=5
2026-09-07 09:12:00 | INFO | app | HTTP GET /static/js/app.js -> 304 1.7ms request_id=6457eee59eba user_id=5
2026-09-07 09:12:01 | INFO | app | HTTP GET /inventory -> 200 26.6ms request_id=76b6937bf311 user_id=5
2026-09-07 09:12:01 | INFO | app | HTTP GET /static/css/app.css -> 304 1.6ms request_id=5498ba3c6500 user_id=5
2026-09-07 09:12:01 | INFO | app | HTTP GET /static/css/components.css -> 304 1.2ms request_id=a2fec97d27d1 user_id=5
2026-09-07 09:12:01 | INFO | app | HTTP GET /static/js/app.js -> 304 2.1ms request_id=e32613d2d06d user_id=5
2026-09-07 09:12:01 | INFO | app | HTTP GET /static/js/inventory.js -> 304 49.4ms request_id=2d48fbf3379e user_id=5
2026-09-07 09:12:01 | INFO | app | HTTP GET /api/files -> 200 5.1ms request_id=d09e9c91939c user_id=5
2026-09-07 09:12:02 | INFO | app | HTTP GET /api/sheets/2 -> 200 12.5ms request_id=fa50eb8a0ee6 user_id=5
2026-09-07 09:12:02 | INFO | app | HTTP GET /api/filters -> 200 22.5ms request_id=d0e3c8874970 user_id=5
2026-09-07 09:12:02 | INFO | app.routes.inventory | Inventory search | file_id= | sheet_ids=None | q_present=False | low_only=True
2026-09-07 09:12:02 | INFO | app | HTTP GET /api/search -> 200 23.8ms request_id=9b1f86f87245 user_id=5
2026-09-07 09:12:04 | INFO | app | HTTP GET /ebay/005053138 -> 200 2.9ms request_id=2796f5dfeb1f user_id=5
2026-09-07 09:12:04 | INFO | app | HTTP GET /static/css/app.css -> 304 1.0ms request_id=94fc54c92eb4 user_id=5
2026-09-07 09:12:04 | INFO | app | HTTP GET /static/css/components.css -> 304 2.5ms request_id=e64cc8a21657 user_id=5
2026-09-07 09:12:04 | INFO | app | HTTP GET /static/js/app.js -> 304 2.3ms request_id=ce4fdd357a9b user_id=5
2026-09-07 09:12:04 | INFO | app | HTTP GET /static/js/ebay.js -> 304 2.5ms request_id=9acda6aba2bc user_id=5
2026-09-07 09:12:04 | INFO | app.routes.ebay | eBay price search requested | code=005053138 | page=1 | page_size=100
2026-09-07 09:12:05 | INFO | app.services.ebay.client | eBay API search completed | code=005053138 | pool_size=8 | ebay_total=8
2026-09-07 09:12:05 | INFO | app.services.ebay.client | eBay search page sliced | code=005053138 | source=api | page=1 | page_size=100 | page_total=8 | ebay_total=8
2026-09-07 09:12:05 | INFO | app.routes.ebay | eBay price search completed | code=005053138 | source=api | page=1 | count=8 | page_total=8 | ebay_total=8
2026-09-07 09:12:05 | INFO | app | HTTP GET /api/ebay/search -> 200 585.4ms request_id=0b9608c5ec69 user_id=5
2026-09-07 09:12:30 | INFO | app | HTTP GET /api/sheets/2 -> 200 6.2ms request_id=96a0fa41658a user_id=5
2026-09-07 09:12:30 | INFO | app | HTTP GET /api/filters -> 200 19.2ms request_id=10a04ede3da1 user_id=5
2026-09-07 09:12:30 | INFO | app.routes.inventory | Inventory search | file_id= | sheet_ids=None | q_present=False | low_only=True
2026-09-07 09:12:30 | INFO | app | HTTP GET /api/search -> 200 15.7ms request_id=e3eaaec16002 user_id=5
2026-09-07 09:12:35 | INFO | app.routes.inventory | Inventory search | file_id= | sheet_ids=None | q_present=True | low_only=True
2026-09-07 09:12:35 | INFO | app | HTTP GET /api/search -> 200 22.2ms request_id=8db8c9a556ba user_id=5
2026-09-07 09:12:36 | INFO | app.routes.inventory | Inventory search | file_id= | sheet_ids=None | q_present=True | low_only=True
2026-09-07 09:12:36 | INFO | app | HTTP GET /api/search -> 200 23.2ms request_id=d3a61f63b07a user_id=5
2026-09-07 09:12:39 | INFO | app.routes.inventory | Inventory search | file_id= | sheet_ids=None | q_present=False | low_only=True
2026-09-07 09:12:39 | INFO | app | HTTP GET /api/search -> 200 26.3ms request_id=9ceb082a49bc user_id=5
2026-09-07 09:12:45 | INFO | app | HTTP GET /ebay/3272219-F -> 200 2.8ms request_id=5e46ad77625b user_id=5
2026-09-07 09:12:45 | INFO | app | HTTP GET /static/css/app.css -> 304 0.5ms request_id=f68452005643 user_id=5
2026-09-07 09:12:45 | INFO | app | HTTP GET /static/css/components.css -> 304 0.7ms request_id=e620d4dffc6f user_id=5
2026-09-07 09:12:45 | INFO | app | HTTP GET /static/js/app.js -> 304 1.2ms request_id=f74df92cb651 user_id=5
2026-09-07 09:12:45 | INFO | app | HTTP GET /static/js/ebay.js -> 304 1.8ms request_id=1510d9282d9e user_id=5
2026-09-07 09:12:45 | INFO | app.routes.ebay | eBay price search requested | code=3272219-F | page=1 | page_size=100
2026-09-07 09:12:46 | INFO | app.services.ebay.client | eBay API search completed | code=3272219-F | pool_size=5 | ebay_total=5
2026-09-07 09:12:46 | INFO | app.services.ebay.client | eBay search page sliced | code=3272219-F | source=api | page=1 | page_size=100 | page_total=5 | ebay_total=5
2026-09-07 09:12:46 | INFO | app.routes.ebay | eBay price search completed | code=3272219-F | source=api | page=1 | count=5 | page_total=5 | ebay_total=5
2026-09-07 09:12:46 | INFO | app | HTTP GET /api/ebay/search -> 200 605.2ms request_id=cf35135d17bd user_id=5
2026-09-07 09:12:50 | INFO | app | HTTP GET /ebay/005051585
(005051589) -> 200 5.5ms request_id=6b825c452704 user_id=5
2026-09-07 09:12:50 | INFO | app | HTTP GET /static/css/app.css -> 304 0.6ms request_id=87972d364464 user_id=5
2026-09-07 09:12:50 | INFO | app | HTTP GET /static/css/components.css -> 304 1.6ms request_id=f36917bd2ac0 user_id=5
2026-09-07 09:12:50 | INFO | app | HTTP GET /static/js/app.js -> 304 1.0ms request_id=d2332e22ab29 user_id=5
2026-09-07 09:12:50 | INFO | app | HTTP GET /static/js/ebay.js -> 304 1.9ms request_id=1d176f073962 user_id=5
2026-09-07 09:12:50 | INFO | app.routes.ebay | eBay price search requested | code=005051585(005051589) | page=1 | page_size=100
2026-09-07 09:12:51 | INFO | app.services.ebay.client | eBay API search completed | code=005051585(005051589) | pool_size=9 | ebay_total=9
2026-09-07 09:12:51 | INFO | app.services.ebay.client | eBay search page sliced | code=005051585(005051589) | source=api | page=1 | page_size=100 | page_total=9 | ebay_total=9
2026-09-07 09:12:51 | INFO | app.routes.ebay | eBay price search completed | code=005051585(005051589) | source=api | page=1 | count=9 | page_total=9 | ebay_total=9
2026-09-07 09:12:51 | INFO | app | HTTP GET /api/ebay/search -> 200 461.5ms request_id=df5d8508a415 user_id=5
2026-09-07 09:12:55 | INFO | app | HTTP GET /ebay/005053363 -> 200 2.8ms request_id=08bb4fea6dad user_id=5
2026-09-07 09:12:55 | INFO | app | HTTP GET /static/css/app.css -> 304 0.5ms request_id=a9ae2f7292f9 user_id=5
2026-09-07 09:12:55 | INFO | app | HTTP GET /static/js/ebay.js -> 304 2.8ms request_id=40f50f0226f4 user_id=5
2026-09-07 09:12:55 | INFO | app | HTTP GET /static/css/components.css -> 304 2.3ms request_id=ea005bcd7a20 user_id=5
2026-09-07 09:12:55 | INFO | app | HTTP GET /static/js/app.js -> 304 3.0ms request_id=49e666784b84 user_id=5
2026-09-07 09:12:56 | INFO | app.routes.ebay | eBay price search requested | code=005053363 | page=1 | page_size=100
2026-09-07 09:12:56 | INFO | app.services.ebay.client | eBay API search completed | code=005053363 | pool_size=39 | ebay_total=39
2026-09-07 09:12:56 | INFO | app.services.ebay.client | eBay search page sliced | code=005053363 | source=api | page=1 | page_size=100 | page_total=39 | ebay_total=39
2026-09-07 09:12:56 | INFO | app.routes.ebay | eBay price search completed | code=005053363 | source=api | page=1 | count=39 | page_total=39 | ebay_total=39
2026-09-07 09:12:56 | INFO | app | HTTP GET /api/ebay/search -> 200 586.0ms request_id=543d33fb21b7 user_id=5
2026-09-07 09:17:21 | INFO | app | HTTP GET / -> 200 19.2ms request_id=0211c9f5c2d2 user_id=5
2026-09-07 09:17:21 | INFO | app | HTTP GET /static/css/app.css -> 304 1.0ms request_id=7ad333c83aa8 user_id=5
2026-09-07 09:17:21 | INFO | app | HTTP GET /static/css/components.css -> 304 0.7ms request_id=fa0d334bad9a user_id=5
2026-09-07 09:17:21 | INFO | app | HTTP GET /static/js/app.js -> 304 0.6ms request_id=ffcf0e34a159 user_id=5
2026-09-07 09:17:23 | INFO | app | HTTP GET /upload -> 200 66.0ms request_id=011427a331a9 user_id=5
2026-09-07 09:17:23 | INFO | app | HTTP GET /static/css/app.css -> 304 0.8ms request_id=a8d511276309 user_id=5
2026-09-07 09:17:23 | INFO | app | HTTP GET /static/css/components.css -> 304 1.9ms request_id=2febac73463c user_id=5
2026-09-07 09:17:23 | INFO | app | HTTP GET /static/js/app.js -> 304 2.1ms request_id=3fa3fe2b2957 user_id=5
2026-09-07 09:17:25 | INFO | app | HTTP GET /inventory -> 200 3.4ms request_id=75b16ba380e7 user_id=5
2026-09-07 09:17:25 | INFO | app | HTTP GET /static/css/app.css -> 304 0.8ms request_id=118342ee453f user_id=5
2026-09-07 09:17:25 | INFO | app | HTTP GET /static/css/components.css -> 304 0.7ms request_id=861d399170f7 user_id=5
2026-09-07 09:17:25 | INFO | app | HTTP GET /static/js/app.js -> 304 2.3ms request_id=4424e21c0df3 user_id=5
2026-09-07 09:17:25 | INFO | app | HTTP GET /static/js/inventory.js -> 304 2.7ms request_id=24b886d1bfac user_id=5
2026-09-07 09:17:25 | INFO | app | HTTP GET /api/files -> 200 8.0ms request_id=d9e20e15eab0 user_id=5
2026-09-07 09:17:25 | INFO | app | HTTP GET /api/sheets/2 -> 200 5.2ms request_id=e540b678c2fa user_id=5
2026-09-07 09:17:26 | INFO | app | HTTP GET /api/filters -> 200 17.6ms request_id=704de2721443 user_id=5
2026-09-07 09:17:26 | INFO | app.routes.inventory | Inventory search | file_id= | sheet_ids=None | q_present=False | low_only=False
2026-09-07 09:17:26 | INFO | app | HTTP GET /api/search -> 200 24.8ms request_id=d317c94d194d user_id=5
2026-09-07 09:17:31 | INFO | app.routes.inventory | Inventory search | file_id= | sheet_ids=None | q_present=False | low_only=False
2026-09-07 09:17:31 | INFO | app | HTTP GET /api/search -> 200 30.0ms request_id=e2f0ae7d1466 user_id=5
2026-09-07 09:17:32 | INFO | app.routes.inventory | Inventory search | file_id= | sheet_ids=None | q_present=False | low_only=False
2026-09-07 09:17:32 | INFO | app | HTTP GET /api/search -> 200 32.4ms request_id=48701ed01556 user_id=5
2026-09-07 09:17:34 | INFO | app.routes.inventory | Inventory search | file_id= | sheet_ids=None | q_present=False | low_only=False
2026-09-07 09:17:34 | INFO | app | HTTP GET /api/search -> 200 22.7ms request_id=60bac65c7d62 user_id=5
2026-09-07 09:25:00 | INFO | app | HTTP GET /chat -> 200 47.7ms request_id=cccc32ab9acb user_id=5
2026-09-07 09:25:00 | INFO | app | HTTP GET /static/js/app.js -> 304 2.0ms request_id=0c9f2ac156c0 user_id=5
2026-09-07 09:25:00 | INFO | app | HTTP GET /static/css/app.css -> 304 11.0ms request_id=434e49eb10cb user_id=5
2026-09-07 09:25:00 | INFO | app | HTTP GET /static/css/components.css -> 304 8.5ms request_id=aa4d2d76dcce user_id=5
2026-09-07 09:25:01 | INFO | app | HTTP GET /static/js/chat.js -> 304 134.4ms request_id=6c7bafed5f41 user_id=5
2026-09-07 09:25:01 | INFO | app | HTTP GET /api/files -> 200 11.1ms request_id=c8d5be2eac31 user_id=5
2026-09-07 09:25:06 | INFO | app | HTTP GET /inventory -> 200 5.1ms request_id=a4fb27f0a238 user_id=5
2026-09-07 09:25:06 | INFO | app | HTTP GET /static/css/app.css -> 304 3.0ms request_id=80cf23d37446 user_id=5
2026-09-07 09:25:06 | INFO | app | HTTP GET /static/js/app.js -> 304 2.5ms request_id=d94830307836 user_id=5
2026-09-07 09:25:06 | INFO | app | HTTP GET /static/css/components.css -> 304 1.5ms request_id=388f2714f58d user_id=5
2026-09-07 09:25:06 | INFO | app | HTTP GET /static/js/inventory.js -> 304 10.2ms request_id=a8092d5313a4 user_id=5
2026-09-07 09:25:07 | INFO | app | HTTP GET /api/files -> 200 10.0ms request_id=6f4fbfaeea8e user_id=5
2026-09-07 09:25:07 | INFO | app | HTTP GET /api/sheets/2 -> 200 13.1ms request_id=76dc46247cd2 user_id=5
2026-09-07 09:25:07 | INFO | app | HTTP GET /api/filters -> 200 32.2ms request_id=863e55aba450 user_id=5
2026-09-07 09:25:07 | INFO | app.routes.inventory | Inventory search | file_id= | sheet_ids=None | q_present=False | low_only=False
2026-09-07 09:25:07 | INFO | app | HTTP GET /api/search -> 200 56.5ms request_id=f88941f45473 user_id=5
2026-09-07 09:26:35 | INFO | app | HTTP GET / -> 200 52.0ms request_id=20954a3f9a4c user_id=5
2026-09-07 09:26:35 | INFO | app | HTTP GET /static/css/app.css -> 304 1.6ms request_id=bfdc42c54398 user_id=5
2026-09-07 09:26:35 | INFO | app | HTTP GET /static/css/components.css -> 304 1.7ms request_id=3aa1864bae18 user_id=5
2026-09-07 09:26:35 | INFO | app | HTTP GET /static/js/app.js -> 304 1.5ms request_id=d82a453c48a5 user_id=5
2026-09-07 09:26:36 | INFO | app | HTTP GET /inventory -> 200 6.5ms request_id=55524507f474 user_id=5
2026-09-07 09:26:36 | INFO | app | HTTP GET /static/css/app.css -> 304 2.1ms request_id=645754eff363 user_id=5
2026-09-07 09:26:36 | INFO | app | HTTP GET /static/css/components.css -> 304 1.6ms request_id=1e6af25fd156 user_id=5
2026-09-07 09:26:36 | INFO | app | HTTP GET /static/js/inventory.js -> 304 4.0ms request_id=4a469117c200 user_id=5
2026-09-07 09:26:36 | INFO | app | HTTP GET /static/js/app.js -> 304 2.8ms request_id=3de3a2124050 user_id=5
2026-09-07 09:26:36 | INFO | app | HTTP GET /api/files -> 200 10.2ms request_id=53ec243cf4a4 user_id=5
2026-09-07 09:26:37 | INFO | app | HTTP GET /api/sheets/2 -> 200 13.0ms request_id=f5f04ab55ce1 user_id=5
2026-09-07 09:26:37 | INFO | app | HTTP GET /api/filters -> 200 23.5ms request_id=570aa04b1903 user_id=5
2026-09-07 09:26:37 | INFO | app.routes.inventory | Inventory search | file_id= | sheet_ids=None | q_present=False | low_only=False
2026-09-07 09:26:37 | INFO | app | HTTP GET /api/search -> 200 48.1ms request_id=94a5d33086c0 user_id=5
2026-09-07 09:26:39 | INFO | app | HTTP GET /api/sheets/2 -> 200 10.9ms request_id=083c92a16640 user_id=5
2026-09-07 09:26:39 | INFO | app | HTTP GET /api/filters -> 200 56.4ms request_id=fc29bc6c72b1 user_id=5
2026-09-07 09:26:39 | INFO | app.routes.inventory | Inventory search | file_id=2 | sheet_ids=None | q_present=False | low_only=False
2026-09-07 09:26:39 | INFO | app | HTTP GET /api/search -> 200 48.4ms request_id=24a7b6f09b47 user_id=5
2026-09-07 09:26:40 | INFO | app | HTTP GET /api/filters -> 200 21.1ms request_id=e4f53f826fd9 user_id=5
2026-09-07 09:26:40 | INFO | app.routes.inventory | Inventory search | file_id=2 | sheet_ids=8 | q_present=False | low_only=False
2026-09-07 09:26:40 | INFO | app | HTTP GET /api/search -> 200 63.3ms request_id=9282fef01e33 user_id=5
2026-09-07 09:26:41 | INFO | app | HTTP GET /api/filters -> 200 39.2ms request_id=82f6c872f022 user_id=5
2026-09-07 09:26:41 | INFO | app.routes.inventory | Inventory search | file_id=2 | sheet_ids=None | q_present=False | low_only=False
2026-09-07 09:26:41 | INFO | app | HTTP GET /api/search -> 200 31.4ms request_id=95b352980c78 user_id=5
2026-09-07 09:26:45 | INFO | app | HTTP GET /chat -> 200 6.5ms request_id=b1819802511a user_id=5
2026-09-07 09:26:45 | INFO | app | HTTP GET /static/css/app.css -> 304 1.6ms request_id=711d880dedfa user_id=5
2026-09-07 09:26:45 | INFO | app | HTTP GET /static/css/components.css -> 304 1.6ms request_id=db7c6b55c1fa user_id=5
2026-09-07 09:26:46 | INFO | app | HTTP GET /static/js/app.js -> 304 3.8ms request_id=02240d1221b4 user_id=5
2026-09-07 09:26:46 | INFO | app | HTTP GET /static/js/chat.js -> 304 4.8ms request_id=34edf6c4704f user_id=5
2026-09-07 09:26:46 | INFO | app | HTTP GET /api/files -> 200 10.4ms request_id=c21788172fb1 user_id=5
2026-09-07 09:26:46 | INFO | app | HTTP GET /files -> 200 130.5ms request_id=e517272827d7 user_id=5
2026-09-07 09:26:46 | INFO | app | HTTP GET /static/css/app.css -> 304 0.9ms request_id=969850a08f3f user_id=5
2026-09-07 09:26:47 | INFO | app | HTTP GET /static/css/components.css -> 304 1.7ms request_id=f1aab65aeaaf user_id=5
2026-09-07 09:26:47 | INFO | app | HTTP GET /static/js/app.js -> 304 7.9ms request_id=12a50aac00dc user_id=5
2026-09-07 09:26:48 | INFO | app | HTTP GET /upload -> 200 5.4ms request_id=268ebb872a5b user_id=5
2026-09-07 09:26:48 | INFO | app | HTTP GET /static/css/app.css -> 304 2.0ms request_id=bf310c7fc257 user_id=5
2026-09-07 09:26:48 | INFO | app | HTTP GET /static/css/components.css -> 304 5.2ms request_id=667c19c1f66b user_id=5
2026-09-07 09:26:48 | INFO | app | HTTP GET /static/js/app.js -> 304 10.7ms request_id=97fb76162155 user_id=5
2026-09-07 09:27:00 | INFO | app.routes.files | Excel upload request received | user_id=5 | filename=사내_재고 현황(종합)-20260811 - 연경수.xlsx
2026-09-07 09:27:00 | INFO | app.routes.files | Excel upload directory resolved | path=C:\Users\leegg\Documents\StockFlow_final_logging\uploads
2026-09-07 09:27:00 | INFO | app.routes.files | Excel upload saved | user_id=5 | path=C:\Users\leegg\Documents\StockFlow_final_logging\uploads\e9bd93af1566444b9fd1c13a9d7506a8_-20260811_-.xlsx | size=5584891
2026-09-07 09:27:01 | INFO | app.services.excel.parser | Workbook parse completed | path=C:\Users\leegg\Documents\StockFlow_final_logging\uploads\e9bd93af1566444b9fd1c13a9d7506a8_-20260811_-.xlsx
2026-09-07 09:27:04 | ERROR | app.routes.files | Excel upload processing failed | filename=사내_재고 현황(종합)-20260811 - 연경수.xlsx | user_id=5
Traceback (most recent call last):
  File "C:\Users\leegg\Documents\StockFlow_final_logging\.venv\Lib\site-packages\sqlalchemy\engine\base.py", line 1969, in _exec_single_context
    self.dialect.do_execute(
  File "C:\Users\leegg\Documents\StockFlow_final_logging\.venv\Lib\site-packages\sqlalchemy\engine\default.py", line 952, in do_execute
    cursor.execute(statement, parameters)
  File "C:\Users\leegg\Documents\StockFlow_final_logging\.venv\Lib\site-packages\pymysql\cursors.py", line 153, in execute
    result = self._query(query)
             ^^^^^^^^^^^^^^^^^^
  File "C:\Users\leegg\Documents\StockFlow_final_logging\.venv\Lib\site-packages\pymysql\cursors.py", line 322, in _query
    conn.query(q)
  File "C:\Users\leegg\Documents\StockFlow_final_logging\.venv\Lib\site-packages\pymysql\connections.py", line 575, in query
    self._affected_rows = self._read_query_result(unbuffered=unbuffered)
                          ^^^^^^^^^^^^^^^^^^^^^^^^^^^^^^^^^^^^^^^^^^^^^^
  File "C:\Users\leegg\Documents\StockFlow_final_logging\.venv\Lib\site-packages\pymysql\connections.py", line 826, in _read_query_result
    result.read()
  File "C:\Users\leegg\Documents\StockFlow_final_logging\.venv\Lib\site-packages\pymysql\connections.py", line 1203, in read
    first_packet = self.connection._read_packet()
                   ^^^^^^^^^^^^^^^^^^^^^^^^^^^^^^
  File "C:\Users\leegg\Documents\StockFlow_final_logging\.venv\Lib\site-packages\pymysql\connections.py", line 782, in _read_packet
    packet.raise_for_error()
  File "C:\Users\leegg\Documents\StockFlow_final_logging\.venv\Lib\site-packages\pymysql\protocol.py", line 219, in raise_for_error
    err.raise_mysql_exception(self._data)
  File "C:\Users\leegg\Documents\StockFlow_final_logging\.venv\Lib\site-packages\pymysql\err.py", line 150, in raise_mysql_exception
    raise errorclass(errno, errval)
pymysql.err.DataError: (1406, "Data too long for column 'group_key' at row 1")

The above exception was the direct cause of the following exception:

Traceback (most recent call last):
  File "C:\Users\leegg\Documents\StockFlow_final_logging\app\routes\files.py", line 688, in upload
    db.session.flush()
  File "C:\Users\leegg\Documents\StockFlow_final_logging\.venv\Lib\site-packages\sqlalchemy\orm\scoping.py", line 923, in flush
    return self._proxied.flush(objects=objects)
           ^^^^^^^^^^^^^^^^^^^^^^^^^^^^^^^^^^^^
  File "C:\Users\leegg\Documents\StockFlow_final_logging\.venv\Lib\site-packages\sqlalchemy\orm\session.py", line 4353, in flush
    self._flush(objects)
  File "C:\Users\leegg\Documents\StockFlow_final_logging\.venv\Lib\site-packages\sqlalchemy\orm\session.py", line 4488, in _flush
    with util.safe_reraise():
  File "C:\Users\leegg\Documents\StockFlow_final_logging\.venv\Lib\site-packages\sqlalchemy\util\langhelpers.py", line 122, in __exit__
    raise exc_value.with_traceback(exc_tb)
  File "C:\Users\leegg\Documents\StockFlow_final_logging\.venv\Lib\site-packages\sqlalchemy\orm\session.py", line 4449, in _flush
    flush_context.execute()
  File "C:\Users\leegg\Documents\StockFlow_final_logging\.venv\Lib\site-packages\sqlalchemy\orm\unitofwork.py", line 465, in execute
    rec.execute(self)
  File "C:\Users\leegg\Documents\StockFlow_final_logging\.venv\Lib\site-packages\sqlalchemy\orm\unitofwork.py", line 641, in execute
    util.preloaded.orm_persistence.save_obj(
  File "C:\Users\leegg\Documents\StockFlow_final_logging\.venv\Lib\site-packages\sqlalchemy\orm\persistence.py", line 94, in save_obj
    _emit_insert_statements(
  File "C:\Users\leegg\Documents\StockFlow_final_logging\.venv\Lib\site-packages\sqlalchemy\orm\persistence.py", line 1234, in _emit_insert_statements
    result = connection.execute(
             ^^^^^^^^^^^^^^^^^^^
  File "C:\Users\leegg\Documents\StockFlow_final_logging\.venv\Lib\site-packages\sqlalchemy\engine\base.py", line 1421, in execute
    return meth(
           ^^^^^
  File "C:\Users\leegg\Documents\StockFlow_final_logging\.venv\Lib\site-packages\sqlalchemy\sql\elements.py", line 526, in _execute_on_connection
    return connection._execute_clauseelement(
           ^^^^^^^^^^^^^^^^^^^^^^^^^^^^^^^^^^
  File "C:\Users\leegg\Documents\StockFlow_final_logging\.venv\Lib\site-packages\sqlalchemy\engine\base.py", line 1643, in _execute_clauseelement
    ret = self._execute_context(
          ^^^^^^^^^^^^^^^^^^^^^^
  File "C:\Users\leegg\Documents\StockFlow_final_logging\.venv\Lib\site-packages\sqlalchemy\engine\base.py", line 1848, in _execute_context
    return self._exec_single_context(
           ^^^^^^^^^^^^^^^^^^^^^^^^^^
  File "C:\Users\leegg\Documents\StockFlow_final_logging\.venv\Lib\site-packages\sqlalchemy\engine\base.py", line 1988, in _exec_single_context
    self._handle_dbapi_exception(
  File "C:\Users\leegg\Documents\StockFlow_final_logging\.venv\Lib\site-packages\sqlalchemy\engine\base.py", line 2365, in _handle_dbapi_exception
    raise sqlalchemy_exception.with_traceback(exc_info[2]) from e
  File "C:\Users\leegg\Documents\StockFlow_final_logging\.venv\Lib\site-packages\sqlalchemy\engine\base.py", line 1969, in _exec_single_context
    self.dialect.do_execute(
  File "C:\Users\leegg\Documents\StockFlow_final_logging\.venv\Lib\site-packages\sqlalchemy\engine\default.py", line 952, in do_execute
    cursor.execute(statement, parameters)
  File "C:\Users\leegg\Documents\StockFlow_final_logging\.venv\Lib\site-packages\pymysql\cursors.py", line 153, in execute
    result = self._query(query)
             ^^^^^^^^^^^^^^^^^^
  File "C:\Users\leegg\Documents\StockFlow_final_logging\.venv\Lib\site-packages\pymysql\cursors.py", line 322, in _query
    conn.query(q)
  File "C:\Users\leegg\Documents\StockFlow_final_logging\.venv\Lib\site-packages\pymysql\connections.py", line 575, in query
    self._affected_rows = self._read_query_result(unbuffered=unbuffered)
                          ^^^^^^^^^^^^^^^^^^^^^^^^^^^^^^^^^^^^^^^^^^^^^^
  File "C:\Users\leegg\Documents\StockFlow_final_logging\.venv\Lib\site-packages\pymysql\connections.py", line 826, in _read_query_result
    result.read()
  File "C:\Users\leegg\Documents\StockFlow_final_logging\.venv\Lib\site-packages\pymysql\connections.py", line 1203, in read
    first_packet = self.connection._read_packet()
                   ^^^^^^^^^^^^^^^^^^^^^^^^^^^^^^
  File "C:\Users\leegg\Documents\StockFlow_final_logging\.venv\Lib\site-packages\pymysql\connections.py", line 782, in _read_packet
    packet.raise_for_error()
  File "C:\Users\leegg\Documents\StockFlow_final_logging\.venv\Lib\site-packages\pymysql\protocol.py", line 219, in raise_for_error
    err.raise_mysql_exception(self._data)
  File "C:\Users\leegg\Documents\StockFlow_final_logging\.venv\Lib\site-packages\pymysql\err.py", line 150, in raise_mysql_exception
    raise errorclass(errno, errval)
sqlalchemy.exc.DataError: (pymysql.err.DataError) (1406, "Data too long for column 'group_key' at row 1")
[SQL: INSERT INTO inventory_group (group_key, identifier, item_name, manufacturer, model, capacity, quantity, updated_at) VALUES (%(group_key)s, %(identifier)s, %(item_name)s, %(manufacturer)s, %(model)s, %(capacity)s, %(quantity)s, %(updated_at)s)]
[parameters: {'group_key': '{"`1-4": "3285276-P", "`1-4_10": null, "`1-4_11": null, "`1-4_12": null, "`1-4_13": null, "`1-4_14": null, "`1-4_15": null, "`1-4_16": null, "`1-4_17 ... (309 characters truncated) ... l, "`1-4_34": null, "`1-4_35": null, "`1-4_36": null, "`1-4_4": null, "`1-4_5": null, "`1-4_6": null, "`1-4_7": null, "`1-4_8": null, "`1-4_9": null}', 'identifier': None, 'item_name': None, 'manufacturer': None, 'model': None, 'capacity': None, 'quantity': 0, 'updated_at': datetime.datetime(2026, 9, 7, 0, 27, 3, 958503)}]
(Background on this error at: https://sqlalche.me/e/20/9h9h)
2026-09-07 09:27:04 | INFO | app | HTTP POST /upload -> 302 4327.9ms request_id=139b12615c5f user_id=5
2026-09-07 09:27:04 | INFO | app | HTTP GET /upload -> 200 5.1ms request_id=d0cf05e9f78b user_id=5
2026-09-07 09:27:04 | INFO | app | HTTP GET /static/css/app.css -> 304 1.3ms request_id=e05f4059b41d user_id=5
2026-09-07 09:27:04 | INFO | app | HTTP GET /static/css/components.css -> 304 6.8ms request_id=2213c64c60d8 user_id=5
2026-09-07 09:27:04 | INFO | app | HTTP GET /static/js/app.js -> 304 8.2ms request_id=bfe3a35cf0f6 user_id=5
2026-09-07 09:27:27 | INFO | app.routes.files | Excel upload request received | user_id=5 | filename=사내_재고 현황(종합)-20260831 - 연경수.xlsx
2026-09-07 09:27:27 | INFO | app.routes.files | Excel upload directory resolved | path=C:\Users\leegg\Documents\StockFlow_final_logging\uploads
2026-09-07 09:27:27 | INFO | app.routes.files | Excel upload saved | user_id=5 | path=C:\Users\leegg\Documents\StockFlow_final_logging\uploads\0f28363499fb47219cba2b0576042062_-20260831_-.xlsx | size=5584989
2026-09-07 09:27:28 | INFO | app.services.excel.parser | Workbook parse completed | path=C:\Users\leegg\Documents\StockFlow_final_logging\uploads\0f28363499fb47219cba2b0576042062_-20260831_-.xlsx
2026-09-07 09:27:30 | ERROR | app.routes.files | Excel upload processing failed | filename=사내_재고 현황(종합)-20260831 - 연경수.xlsx | user_id=5
Traceback (most recent call last):
  File "C:\Users\leegg\Documents\StockFlow_final_logging\.venv\Lib\site-packages\sqlalchemy\engine\base.py", line 1969, in _exec_single_context
    self.dialect.do_execute(
  File "C:\Users\leegg\Documents\StockFlow_final_logging\.venv\Lib\site-packages\sqlalchemy\engine\default.py", line 952, in do_execute
    cursor.execute(statement, parameters)
  File "C:\Users\leegg\Documents\StockFlow_final_logging\.venv\Lib\site-packages\pymysql\cursors.py", line 153, in execute
    result = self._query(query)
             ^^^^^^^^^^^^^^^^^^
  File "C:\Users\leegg\Documents\StockFlow_final_logging\.venv\Lib\site-packages\pymysql\cursors.py", line 322, in _query
    conn.query(q)
  File "C:\Users\leegg\Documents\StockFlow_final_logging\.venv\Lib\site-packages\pymysql\connections.py", line 575, in query
    self._affected_rows = self._read_query_result(unbuffered=unbuffered)
                          ^^^^^^^^^^^^^^^^^^^^^^^^^^^^^^^^^^^^^^^^^^^^^^
  File "C:\Users\leegg\Documents\StockFlow_final_logging\.venv\Lib\site-packages\pymysql\connections.py", line 826, in _read_query_result
    result.read()
  File "C:\Users\leegg\Documents\StockFlow_final_logging\.venv\Lib\site-packages\pymysql\connections.py", line 1203, in read
    first_packet = self.connection._read_packet()
                   ^^^^^^^^^^^^^^^^^^^^^^^^^^^^^^
  File "C:\Users\leegg\Documents\StockFlow_final_logging\.venv\Lib\site-packages\pymysql\connections.py", line 782, in _read_packet
    packet.raise_for_error()
  File "C:\Users\leegg\Documents\StockFlow_final_logging\.venv\Lib\site-packages\pymysql\protocol.py", line 219, in raise_for_error
    err.raise_mysql_exception(self._data)
  File "C:\Users\leegg\Documents\StockFlow_final_logging\.venv\Lib\site-packages\pymysql\err.py", line 150, in raise_mysql_exception
    raise errorclass(errno, errval)
pymysql.err.DataError: (1406, "Data too long for column 'group_key' at row 1")

The above exception was the direct cause of the following exception:

Traceback (most recent call last):
  File "C:\Users\leegg\Documents\StockFlow_final_logging\app\routes\files.py", line 688, in upload
    db.session.flush()
  File "C:\Users\leegg\Documents\StockFlow_final_logging\.venv\Lib\site-packages\sqlalchemy\orm\scoping.py", line 923, in flush
    return self._proxied.flush(objects=objects)
           ^^^^^^^^^^^^^^^^^^^^^^^^^^^^^^^^^^^^
  File "C:\Users\leegg\Documents\StockFlow_final_logging\.venv\Lib\site-packages\sqlalchemy\orm\session.py", line 4353, in flush
    self._flush(objects)
  File "C:\Users\leegg\Documents\StockFlow_final_logging\.venv\Lib\site-packages\sqlalchemy\orm\session.py", line 4488, in _flush
    with util.safe_reraise():
  File "C:\Users\leegg\Documents\StockFlow_final_logging\.venv\Lib\site-packages\sqlalchemy\util\langhelpers.py", line 122, in __exit__
    raise exc_value.with_traceback(exc_tb)
  File "C:\Users\leegg\Documents\StockFlow_final_logging\.venv\Lib\site-packages\sqlalchemy\orm\session.py", line 4449, in _flush
    flush_context.execute()
  File "C:\Users\leegg\Documents\StockFlow_final_logging\.venv\Lib\site-packages\sqlalchemy\orm\unitofwork.py", line 465, in execute
    rec.execute(self)
  File "C:\Users\leegg\Documents\StockFlow_final_logging\.venv\Lib\site-packages\sqlalchemy\orm\unitofwork.py", line 641, in execute
    util.preloaded.orm_persistence.save_obj(
  File "C:\Users\leegg\Documents\StockFlow_final_logging\.venv\Lib\site-packages\sqlalchemy\orm\persistence.py", line 94, in save_obj
    _emit_insert_statements(
  File "C:\Users\leegg\Documents\StockFlow_final_logging\.venv\Lib\site-packages\sqlalchemy\orm\persistence.py", line 1234, in _emit_insert_statements
    result = connection.execute(
             ^^^^^^^^^^^^^^^^^^^
  File "C:\Users\leegg\Documents\StockFlow_final_logging\.venv\Lib\site-packages\sqlalchemy\engine\base.py", line 1421, in execute
    return meth(
           ^^^^^
  File "C:\Users\leegg\Documents\StockFlow_final_logging\.venv\Lib\site-packages\sqlalchemy\sql\elements.py", line 526, in _execute_on_connection
    return connection._execute_clauseelement(
           ^^^^^^^^^^^^^^^^^^^^^^^^^^^^^^^^^^
  File "C:\Users\leegg\Documents\StockFlow_final_logging\.venv\Lib\site-packages\sqlalchemy\engine\base.py", line 1643, in _execute_clauseelement
    ret = self._execute_context(
          ^^^^^^^^^^^^^^^^^^^^^^
  File "C:\Users\leegg\Documents\StockFlow_final_logging\.venv\Lib\site-packages\sqlalchemy\engine\base.py", line 1848, in _execute_context
    return self._exec_single_context(
           ^^^^^^^^^^^^^^^^^^^^^^^^^^
  File "C:\Users\leegg\Documents\StockFlow_final_logging\.venv\Lib\site-packages\sqlalchemy\engine\base.py", line 1988, in _exec_single_context
    self._handle_dbapi_exception(
  File "C:\Users\leegg\Documents\StockFlow_final_logging\.venv\Lib\site-packages\sqlalchemy\engine\base.py", line 2365, in _handle_dbapi_exception
    raise sqlalchemy_exception.with_traceback(exc_info[2]) from e
  File "C:\Users\leegg\Documents\StockFlow_final_logging\.venv\Lib\site-packages\sqlalchemy\engine\base.py", line 1969, in _exec_single_context
    self.dialect.do_execute(
  File "C:\Users\leegg\Documents\StockFlow_final_logging\.venv\Lib\site-packages\sqlalchemy\engine\default.py", line 952, in do_execute
    cursor.execute(statement, parameters)
  File "C:\Users\leegg\Documents\StockFlow_final_logging\.venv\Lib\site-packages\pymysql\cursors.py", line 153, in execute
    result = self._query(query)
             ^^^^^^^^^^^^^^^^^^
  File "C:\Users\leegg\Documents\StockFlow_final_logging\.venv\Lib\site-packages\pymysql\cursors.py", line 322, in _query
    conn.query(q)
  File "C:\Users\leegg\Documents\StockFlow_final_logging\.venv\Lib\site-packages\pymysql\connections.py", line 575, in query
    self._affected_rows = self._read_query_result(unbuffered=unbuffered)
                          ^^^^^^^^^^^^^^^^^^^^^^^^^^^^^^^^^^^^^^^^^^^^^^
  File "C:\Users\leegg\Documents\StockFlow_final_logging\.venv\Lib\site-packages\pymysql\connections.py", line 826, in _read_query_result
    result.read()
  File "C:\Users\leegg\Documents\StockFlow_final_logging\.venv\Lib\site-packages\pymysql\connections.py", line 1203, in read
    first_packet = self.connection._read_packet()
                   ^^^^^^^^^^^^^^^^^^^^^^^^^^^^^^
  File "C:\Users\leegg\Documents\StockFlow_final_logging\.venv\Lib\site-packages\pymysql\connections.py", line 782, in _read_packet
    packet.raise_for_error()
  File "C:\Users\leegg\Documents\StockFlow_final_logging\.venv\Lib\site-packages\pymysql\protocol.py", line 219, in raise_for_error
    err.raise_mysql_exception(self._data)
  File "C:\Users\leegg\Documents\StockFlow_final_logging\.venv\Lib\site-packages\pymysql\err.py", line 150, in raise_mysql_exception
    raise errorclass(errno, errval)
sqlalchemy.exc.DataError: (pymysql.err.DataError) (1406, "Data too long for column 'group_key' at row 1")
[SQL: INSERT INTO inventory_group (group_key, identifier, item_name, manufacturer, model, capacity, quantity, updated_at) VALUES (%(group_key)s, %(identifier)s, %(item_name)s, %(manufacturer)s, %(model)s, %(capacity)s, %(quantity)s, %(updated_at)s)]
[parameters: {'group_key': '{"`1-4": "3285276-P", "`1-4_10": null, "`1-4_11": null, "`1-4_12": null, "`1-4_13": null, "`1-4_14": null, "`1-4_15": null, "`1-4_16": null, "`1-4_17 ... (309 characters truncated) ... l, "`1-4_34": null, "`1-4_35": null, "`1-4_36": null, "`1-4_4": null, "`1-4_5": null, "`1-4_6": null, "`1-4_7": null, "`1-4_8": null, "`1-4_9": null}', 'identifier': None, 'item_name': None, 'manufacturer': None, 'model': None, 'capacity': None, 'quantity': 0, 'updated_at': datetime.datetime(2026, 9, 7, 0, 27, 30, 595019)}]
(Background on this error at: https://sqlalche.me/e/20/9h9h)
2026-09-07 09:27:30 | INFO | app | HTTP POST /upload -> 302 3736.8ms request_id=d1dec89cfa4e user_id=5
2026-09-07 09:27:30 | INFO | app | HTTP GET /upload -> 200 5.8ms request_id=c29e5634d0ee user_id=5
2026-09-07 09:27:30 | INFO | app | HTTP GET /static/css/app.css -> 304 0.8ms request_id=b91db6f7a124 user_id=5
2026-09-07 09:27:31 | INFO | app | HTTP GET /static/css/components.css -> 304 5.1ms request_id=21138189fc56 user_id=5
2026-09-07 09:27:31 | INFO | app | HTTP GET /static/js/app.js -> 304 5.5ms request_id=947880d60535 user_id=5
2026-09-07 09:28:09 | INFO | app.routes.files | Excel upload request received | user_id=5 | filename=사내재고 예시.xlsx
2026-09-07 09:28:09 | INFO | app.routes.files | Excel upload directory resolved | path=C:\Users\leegg\Documents\StockFlow_final_logging\uploads
2026-09-07 09:28:09 | INFO | app.routes.files | Excel upload saved | user_id=5 | path=C:\Users\leegg\Documents\StockFlow_final_logging\uploads\03c5c3cf92544ca78bbaf5b44d0d39b2_inventory.xlsx | size=47385
2026-09-07 09:28:11 | INFO | app.services.excel.parser | Workbook parse completed | path=C:\Users\leegg\Documents\StockFlow_final_logging\uploads\03c5c3cf92544ca78bbaf5b44d0d39b2_inventory.xlsx
2026-09-07 09:28:12 | INFO | app.routes.files | Excel upload completed | file_id=5 | filename=사내재고 예시.xlsx | rows=139 | user_id=5
2026-09-07 09:28:12 | INFO | app | HTTP POST /upload -> 302 3116.3ms request_id=ffee195d18ba user_id=5
2026-09-07 09:28:12 | INFO | app | HTTP GET /files/5 -> 200 56.1ms request_id=267fbee5cee5 user_id=5
2026-09-07 09:28:12 | INFO | app | HTTP GET /static/css/app.css -> 304 1.0ms request_id=4e2b666d2d69 user_id=5
2026-09-07 09:28:13 | INFO | app | HTTP GET /static/css/components.css -> 304 8.3ms request_id=e86a54399c84 user_id=5
2026-09-07 09:28:13 | INFO | app | HTTP GET /static/js/app.js -> 304 5.7ms request_id=06e55fee20e4 user_id=5
2026-09-07 09:28:13 | INFO | app | HTTP GET /static/js/sheet.js -> 304 84.6ms request_id=f4dc05b0b721 user_id=5
2026-09-07 09:28:13 | INFO | app | HTTP GET /api/sheets/5 -> 200 20.2ms request_id=4511afc03e01 user_id=5
2026-09-07 09:28:14 | INFO | app | HTTP GET /api/filters -> 200 60.4ms request_id=a74b8828a124 user_id=5
2026-09-07 09:28:14 | INFO | app.routes.inventory | Inventory search | file_id=5 | sheet_ids=None | q_present=False | low_only=False
2026-09-07 09:28:14 | INFO | app | HTTP GET /api/search -> 200 83.9ms request_id=1ae1de775fee user_id=5
2026-09-07 09:28:17 | INFO | app | HTTP GET /upload -> 200 4.6ms request_id=59f3fe4331a5 user_id=5
2026-09-07 09:28:17 | INFO | app | HTTP GET /static/css/app.css -> 304 1.4ms request_id=0e9ea0e96295 user_id=5
2026-09-07 09:28:17 | INFO | app | HTTP GET /static/js/app.js -> 304 1.6ms request_id=5445babfa5f3 user_id=5
2026-09-07 09:28:17 | INFO | app | HTTP GET /static/css/components.css -> 304 6.0ms request_id=742fec9f5c96 user_id=5
2026-09-07 09:28:18 | INFO | app | HTTP GET /inventory -> 200 9.1ms request_id=3dc11f148e55 user_id=5
2026-09-07 09:28:18 | INFO | app | HTTP GET /static/css/app.css -> 304 1.8ms request_id=b7554fcfca67 user_id=5
2026-09-07 09:28:18 | INFO | app | HTTP GET /static/css/components.css -> 304 1.3ms request_id=48cf64f6b2dc user_id=5
2026-09-07 09:28:19 | INFO | app | HTTP GET /static/js/inventory.js -> 304 2.6ms request_id=2f05556668a6 user_id=5
2026-09-07 09:28:19 | INFO | app | HTTP GET /static/js/app.js -> 304 9.2ms request_id=02e3571452fa user_id=5
2026-09-07 09:28:19 | INFO | app | HTTP GET /api/files -> 200 14.8ms request_id=c9858c2b20cf user_id=5
2026-09-07 09:28:19 | INFO | app | HTTP GET /api/sheets/2 -> 200 23.9ms request_id=ce33b54cbff9 user_id=5
2026-09-07 09:28:19 | INFO | app | HTTP GET /api/sheets/5 -> 200 25.7ms request_id=42f2231e2ef5 user_id=5
2026-09-07 09:28:19 | INFO | app | HTTP GET /api/filters -> 200 35.2ms request_id=c602480a9b1d user_id=5
2026-09-07 09:28:19 | INFO | app.routes.inventory | Inventory search | file_id= | sheet_ids=None | q_present=False | low_only=False
2026-09-07 09:28:19 | INFO | app | HTTP GET /api/search -> 200 41.0ms request_id=7004328ea061 user_id=5
2026-09-07 09:28:20 | INFO | app | HTTP GET /api/sheets/5 -> 200 14.1ms request_id=a8ff50bdfaed user_id=5
2026-09-07 09:28:20 | INFO | app | HTTP GET /api/filters -> 200 38.1ms request_id=94e9bc4ce788 user_id=5
2026-09-07 09:28:21 | INFO | app.routes.inventory | Inventory search | file_id=5 | sheet_ids=None | q_present=False | low_only=False
2026-09-07 09:28:21 | INFO | app | HTTP GET /api/search -> 200 44.6ms request_id=1564bebed22c user_id=5
2026-09-07 09:28:22 | INFO | app | HTTP GET /api/sheets/2 -> 200 10.6ms request_id=e15a112b82d5 user_id=5
2026-09-07 09:28:22 | INFO | app | HTTP GET /api/filters -> 200 20.0ms request_id=2b381e51bb88 user_id=5
2026-09-07 09:28:22 | INFO | app.routes.inventory | Inventory search | file_id=2 | sheet_ids=None | q_present=False | low_only=False
2026-09-07 09:28:22 | INFO | app | HTTP GET /api/search -> 200 30.7ms request_id=dea5bbd3261e user_id=5
2026-09-07 09:28:24 | INFO | app | HTTP GET /api/filters -> 200 13.4ms request_id=7825d4536890 user_id=5
2026-09-07 09:28:24 | INFO | app.routes.inventory | Inventory search | file_id=2 | sheet_ids=8 | q_present=False | low_only=False
2026-09-07 09:28:24 | INFO | app | HTTP GET /api/search -> 200 27.4ms request_id=2e06263a9409 user_id=5
2026-09-07 09:28:25 | INFO | app | HTTP GET /api/filters -> 200 34.0ms request_id=cca6182fd8fe user_id=5
2026-09-07 09:28:25 | INFO | app.routes.inventory | Inventory search | file_id=2 | sheet_ids=None | q_present=False | low_only=False
2026-09-07 09:28:25 | INFO | app | HTTP GET /api/search -> 200 35.7ms request_id=41acd376151f user_id=5
2026-09-07 09:30:16 | INFO | app.routes.auth | Logout | user_id=5
2026-09-07 09:30:16 | INFO | app | HTTP GET /logout -> 302 22.0ms request_id=b2d2895f79a9 user_id=-
2026-09-07 09:30:16 | INFO | app | HTTP GET /login -> 200 90.8ms request_id=87fb60e9dbbf user_id=-
2026-09-07 09:30:16 | INFO | app | HTTP GET /static/css/app.css -> 304 1.6ms request_id=91f7cd5006b7 user_id=-
2026-09-07 09:30:37 | INFO | app | HTTP GET /login -> 200 0.7ms request_id=b25b76086996 user_id=-
2026-09-07 09:30:38 | INFO | app | HTTP GET /static/css/app.css -> 304 1.4ms request_id=64aecff28213 user_id=-
2026-09-07 09:32:15 | INFO | app.routes.auth | Login attempt | username=y1234
2026-09-07 09:32:16 | INFO | app.routes.auth | Login success | user_id=5 | username=y1234
2026-09-07 09:32:16 | INFO | app | HTTP POST /login -> 302 502.7ms request_id=fabe25fbe95f user_id=5
2026-09-07 09:32:16 | INFO | app | HTTP GET / -> 200 38.5ms request_id=606a4275b5bd user_id=5
2026-09-07 09:32:16 | INFO | app | HTTP GET /static/css/app.css -> 304 1.0ms request_id=b34bff63103a user_id=5
2026-09-07 09:32:16 | INFO | app | HTTP GET /static/css/components.css -> 304 7.7ms request_id=6e452ebda2d7 user_id=5
2026-09-07 09:32:16 | INFO | app | HTTP GET /static/js/app.js -> 304 6.2ms request_id=0fe5d98c2aef user_id=5
2026-09-07 09:34:07 | INFO | app | HTTP GET /upload -> 200 10.4ms request_id=40986d740847 user_id=5
2026-09-07 09:34:07 | INFO | app | HTTP GET /static/css/app.css -> 304 1.8ms request_id=c36c9cd01d40 user_id=5
2026-09-07 09:34:07 | INFO | app | HTTP GET /static/css/components.css -> 304 1.5ms request_id=97ad22d78a52 user_id=5
2026-09-07 09:34:07 | INFO | app | HTTP GET /static/js/app.js -> 304 1.8ms request_id=fc52814fd98f user_id=5
2026-09-07 09:34:50 | INFO | app | HTTP GET /inventory -> 200 4.5ms request_id=58ec18f63be8 user_id=5
2026-09-07 09:34:51 | INFO | app | HTTP GET /static/css/app.css -> 304 1.1ms request_id=8805343b28d8 user_id=5
2026-09-07 09:34:51 | INFO | app | HTTP GET /static/css/components.css -> 304 7.6ms request_id=f410487fdad7 user_id=5
2026-09-07 09:34:51 | INFO | app | HTTP GET /static/js/inventory.js -> 304 6.4ms request_id=fda75724704a user_id=5
2026-09-07 09:34:51 | INFO | app | HTTP GET /static/js/app.js -> 304 7.3ms request_id=c878de929d9a user_id=5
2026-09-07 09:34:51 | INFO | app | HTTP GET /api/files -> 200 9.8ms request_id=f9656f395078 user_id=5
2026-09-07 09:34:51 | INFO | app | HTTP GET /api/sheets/5 -> 200 9.1ms request_id=512ddf27de4b user_id=5
2026-09-07 09:34:51 | INFO | app | HTTP GET /api/sheets/2 -> 200 9.2ms request_id=8549e70108db user_id=5
2026-09-07 09:34:51 | INFO | app | HTTP GET /api/filters -> 200 35.9ms request_id=16c5ad41edca user_id=5
2026-09-07 09:34:52 | INFO | app.routes.inventory | Inventory search | file_id= | sheet_ids=None | q_present=False | low_only=False
2026-09-07 09:34:52 | INFO | app | HTTP GET /api/search -> 200 50.6ms request_id=fe7eebb99da7 user_id=5
2026-09-07 09:34:58 | INFO | app.routes.inventory | Inventory search | file_id= | sheet_ids=None | q_present=True | low_only=False
2026-09-07 09:34:59 | INFO | app | HTTP GET /api/search -> 200 51.6ms request_id=30569db4d55f user_id=5
2026-09-07 09:34:59 | INFO | app.routes.inventory | Inventory search | file_id= | sheet_ids=None | q_present=True | low_only=False
2026-09-07 09:34:59 | INFO | app | HTTP GET /api/search -> 200 67.2ms request_id=08a6bd8546fb user_id=5
2026-09-07 09:34:59 | INFO | app.routes.inventory | Inventory search | file_id= | sheet_ids=None | q_present=True | low_only=False
2026-09-07 09:35:00 | INFO | app | HTTP GET /api/search -> 200 91.5ms request_id=643460ea5c55 user_id=5
2026-09-07 09:35:00 | INFO | app.routes.inventory | Inventory search | file_id= | sheet_ids=None | q_present=True | low_only=False
2026-09-07 09:35:00 | INFO | app | HTTP GET /api/search -> 200 66.5ms request_id=ef9db97c61d4 user_id=5
2026-09-07 09:35:01 | INFO | app.routes.inventory | Inventory search | file_id= | sheet_ids=None | q_present=True | low_only=False
2026-09-07 09:35:01 | INFO | app | HTTP GET /api/search -> 200 69.6ms request_id=bfc64b6cf5aa user_id=5
2026-09-07 09:35:02 | INFO | app.routes.inventory | Inventory search | file_id= | sheet_ids=None | q_present=True | low_only=False
2026-09-07 09:35:02 | INFO | app | HTTP GET /api/search -> 200 43.1ms request_id=aa7ccf40faa6 user_id=5
2026-09-07 09:35:03 | INFO | app.routes.inventory | Inventory search | file_id= | sheet_ids=None | q_present=False | low_only=False
2026-09-07 09:35:03 | INFO | app | HTTP GET /api/search -> 200 77.2ms request_id=212906b18f27 user_id=5
2026-09-07 09:35:03 | INFO | app.routes.inventory | Inventory search | file_id= | sheet_ids=None | q_present=False | low_only=False
2026-09-07 09:35:03 | INFO | app | HTTP GET /api/search -> 200 115.5ms request_id=86a731982ae7 user_id=5
2026-09-07 09:35:04 | INFO | app.routes.inventory | Inventory search | file_id= | sheet_ids=None | q_present=False | low_only=False
2026-09-07 09:35:04 | INFO | app | HTTP GET /api/search -> 200 41.2ms request_id=2dfb8d700db4 user_id=5
2026-09-07 09:35:04 | INFO | app.routes.inventory | Inventory search | file_id= | sheet_ids=None | q_present=False | low_only=False
2026-09-07 09:35:04 | INFO | app | HTTP GET /api/search -> 200 39.4ms request_id=08e99d408d6b user_id=5
2026-09-07 09:35:05 | INFO | app.routes.inventory | Inventory search | file_id= | sheet_ids=None | q_present=False | low_only=False
2026-09-07 09:35:05 | INFO | app | HTTP GET /api/search -> 200 64.5ms request_id=b7d952c7fa44 user_id=5
2026-09-07 09:35:07 | INFO | app.routes.inventory | Inventory search | file_id= | sheet_ids=None | q_present=False | low_only=False
2026-09-07 09:35:07 | INFO | app | HTTP GET /api/search -> 200 48.3ms request_id=fdd383f6e4be user_id=5
2026-09-07 09:35:08 | INFO | app.routes.inventory | Inventory search | file_id= | sheet_ids=None | q_present=False | low_only=False
2026-09-07 09:35:08 | INFO | app | HTTP GET /api/search -> 200 53.3ms request_id=6ec5daf86e5a user_id=5
2026-09-07 09:35:09 | INFO | app.routes.inventory | Inventory search | file_id= | sheet_ids=None | q_present=False | low_only=False
2026-09-07 09:35:09 | INFO | app | HTTP GET /api/search -> 200 56.5ms request_id=8916a40d4492 user_id=5
2026-09-07 09:35:10 | INFO | app.routes.inventory | Inventory search | file_id= | sheet_ids=None | q_present=False | low_only=False
2026-09-07 09:35:10 | INFO | app | HTTP GET /api/search -> 200 24.5ms request_id=9acf71bb650e user_id=5
2026-09-07 09:35:10 | INFO | app.routes.inventory | Inventory search | file_id= | sheet_ids=None | q_present=False | low_only=False
2026-09-07 09:35:10 | INFO | app | HTTP GET /api/search -> 200 59.3ms request_id=085039882519 user_id=5
2026-09-07 09:35:11 | INFO | app.routes.inventory | Inventory search | file_id= | sheet_ids=None | q_present=False | low_only=False
2026-09-07 09:35:11 | INFO | app | HTTP GET /api/search -> 200 33.8ms request_id=bc83102c8647 user_id=5
2026-09-07 09:35:13 | INFO | app.routes.inventory | Inventory search | file_id= | sheet_ids=None | q_present=False | low_only=False
2026-09-07 09:35:13 | INFO | app | HTTP GET /api/search -> 200 31.7ms request_id=b895cf1a4f1e user_id=5
2026-09-07 09:35:15 | INFO | app.routes.inventory | Inventory search | file_id= | sheet_ids=None | q_present=False | low_only=False
2026-09-07 09:35:15 | INFO | app | HTTP GET /api/search -> 200 56.0ms request_id=bcbbaa551369 user_id=5
2026-09-07 09:35:16 | INFO | app.routes.inventory | Inventory search | file_id= | sheet_ids=None | q_present=False | low_only=False
2026-09-07 09:35:16 | INFO | app | HTTP GET /api/search -> 200 43.1ms request_id=4c63e3ece8fb user_id=5
2026-09-07 09:35:16 | INFO | app.routes.inventory | Inventory search | file_id= | sheet_ids=None | q_present=False | low_only=False
2026-09-07 09:35:16 | INFO | app | HTTP GET /api/search -> 200 74.2ms request_id=df665235a070 user_id=5
2026-09-07 09:35:18 | INFO | app | HTTP GET /api/sheets/2 -> 200 8.1ms request_id=d568ede67c94 user_id=5
2026-09-07 09:35:18 | INFO | app | HTTP GET /api/filters -> 200 21.5ms request_id=49f9733a62c5 user_id=5
2026-09-07 09:35:19 | INFO | app.routes.inventory | Inventory search | file_id=2 | sheet_ids=None | q_present=False | low_only=False
2026-09-07 09:35:19 | INFO | app | HTTP GET /api/search -> 200 34.6ms request_id=b34d721e0924 user_id=5
2026-09-07 09:35:20 | INFO | app | HTTP GET /api/filters -> 200 14.3ms request_id=1b35496d3b31 user_id=5
2026-09-07 09:35:20 | INFO | app.routes.inventory | Inventory search | file_id=2 | sheet_ids=10 | q_present=False | low_only=False
2026-09-07 09:35:20 | INFO | app | HTTP GET /api/search -> 200 21.3ms request_id=53a7d77fcb26 user_id=5
2026-09-07 09:35:21 | INFO | app | HTTP GET /api/filters -> 200 13.7ms request_id=f9a969a51226 user_id=5
2026-09-07 09:35:21 | INFO | app.routes.inventory | Inventory search | file_id=2 | sheet_ids=10,11 | q_present=False | low_only=False
2026-09-07 09:35:21 | INFO | app | HTTP GET /api/search -> 200 24.4ms request_id=c7e489b2b31f user_id=5
2026-09-07 09:35:21 | INFO | app | HTTP GET /api/filters -> 200 21.0ms request_id=333e42d1640d user_id=5
2026-09-07 09:35:22 | INFO | app.routes.inventory | Inventory search | file_id=2 | sheet_ids=10,11,12 | q_present=False | low_only=False
2026-09-07 09:35:22 | INFO | app | HTTP GET /api/search -> 200 41.3ms request_id=2eef0976ee35 user_id=5
2026-09-07 09:35:23 | INFO | app | HTTP GET /api/filters -> 200 15.0ms request_id=a9a48480e009 user_id=5
2026-09-07 09:35:23 | INFO | app.routes.inventory | Inventory search | file_id=2 | sheet_ids=10,11 | q_present=False | low_only=False
2026-09-07 09:35:23 | INFO | app | HTTP GET /api/search -> 200 24.0ms request_id=8c86d8446f49 user_id=5
2026-09-07 09:35:23 | INFO | app | HTTP GET /api/filters -> 200 30.3ms request_id=be6dff92aece user_id=5
2026-09-07 09:35:23 | INFO | app.routes.inventory | Inventory search | file_id=2 | sheet_ids=10 | q_present=False | low_only=False
2026-09-07 09:35:23 | INFO | app | HTTP GET /api/search -> 200 23.5ms request_id=cad8b1440d10 user_id=5
2026-09-07 09:35:23 | INFO | app | HTTP GET /api/filters -> 200 36.8ms request_id=ea78f124ae2d user_id=5
2026-09-07 09:35:24 | INFO | app.routes.inventory | Inventory search | file_id=2 | sheet_ids=None | q_present=False | low_only=False
2026-09-07 09:35:24 | INFO | app | HTTP GET /api/search -> 200 30.5ms request_id=ae5318019c0c user_id=5
2026-09-07 09:35:31 | INFO | app | HTTP GET /files -> 200 19.7ms request_id=3b361cbf008d user_id=5
2026-09-07 09:35:31 | INFO | app | HTTP GET /static/css/app.css -> 304 1.5ms request_id=d0e631798858 user_id=5
2026-09-07 09:35:31 | INFO | app | HTTP GET /static/css/components.css -> 304 12.4ms request_id=ae87beacdd7b user_id=5
2026-09-07 09:35:31 | INFO | app | HTTP GET /static/js/app.js -> 304 14.3ms request_id=10d23e044b35 user_id=5
2026-09-07 09:35:36 | INFO | app | HTTP GET /files/5 -> 200 10.0ms request_id=e93a3741eb4a user_id=5
2026-09-07 09:35:36 | INFO | app | HTTP GET /static/css/app.css -> 304 1.5ms request_id=7d8771f0cd3b user_id=5
2026-09-07 09:35:36 | INFO | app | HTTP GET /static/css/components.css -> 304 1.4ms request_id=ade55ecdd658 user_id=5
2026-09-07 09:35:36 | INFO | app | HTTP GET /static/js/app.js -> 304 3.0ms request_id=a157e04fa7b7 user_id=5
2026-09-07 09:35:36 | INFO | app | HTTP GET /static/js/sheet.js -> 304 4.4ms request_id=f762ffb0947b user_id=5
2026-09-07 09:35:36 | INFO | app | HTTP GET /api/sheets/5 -> 200 8.0ms request_id=a013a2ac6d57 user_id=5
2026-09-07 09:35:37 | INFO | app | HTTP GET /api/filters -> 200 20.1ms request_id=e03e2e6a76ff user_id=5
2026-09-07 09:35:37 | INFO | app.routes.inventory | Inventory search | file_id=5 | sheet_ids=None | q_present=False | low_only=False
2026-09-07 09:35:37 | INFO | app | HTTP GET /api/search -> 200 61.3ms request_id=8306cec9e168 user_id=5
2026-09-07 09:38:03 | INFO | app | HTTP GET /api/filters -> 200 16.3ms request_id=cd4ac1b91365 user_id=5
2026-09-07 09:38:04 | INFO | app.routes.inventory | Inventory search | file_id=5 | sheet_ids=34 | q_present=False | low_only=False
2026-09-07 09:38:04 | INFO | app | HTTP GET /api/search -> 200 25.4ms request_id=2ae8c39bd0ec user_id=5
2026-09-07 09:38:05 | INFO | app.routes.inventory | Inventory search | file_id=5 | sheet_ids=34 | q_present=False | low_only=False
2026-09-07 09:38:05 | INFO | app | HTTP GET /api/search -> 200 20.4ms request_id=8fb690b67ebb user_id=5
2026-09-07 09:38:20 | INFO | app.routes.inventory | Inventory search | file_id=5 | sheet_ids=34 | q_present=False | low_only=False
2026-09-07 09:38:20 | INFO | app | HTTP GET /api/search -> 200 18.7ms request_id=427bc8b298a2 user_id=5
2026-09-07 09:38:31 | INFO | app.routes.files | Excel export started | file_id=5 | filename=사내재고 예시.xlsx | user_id=5
2026-09-07 09:38:31 | INFO | app.routes.files | Excel export source resolved | file_id=5 | path=C:\Users\leegg\Documents\StockFlow_final_logging\uploads\03c5c3cf92544ca78bbaf5b44d0d39b2_inventory.xlsx
2026-09-07 09:38:31 | INFO | app.services.excel.exporter | Export workbook load | file_id=5 | path=C:\Users\leegg\Documents\StockFlow_final_logging\uploads\03c5c3cf92544ca78bbaf5b44d0d39b2_inventory.xlsx
2026-09-07 09:38:32 | INFO | app.services.excel.exporter | Export workbook opened | file_id=5 | sheets=7
2026-09-07 09:38:33 | INFO | app.services.excel.exporter | Export workbook saved | file_id=5 | bytes=32089
2026-09-07 09:38:33 | INFO | app.routes.files | Excel export completed | file_id=5 | filename=사내재고 예시.xlsx
2026-09-07 09:38:33 | INFO | app | HTTP GET /files/5/export -> 200 1241.2ms request_id=09bd7acd05f3 user_id=5
2026-09-07 09:39:18 | INFO | app | HTTP POST /api/columns -> 200 135.4ms request_id=e0e0e48daab5 user_id=5
2026-09-07 09:39:18 | INFO | app | HTTP GET /api/sheets/5 -> 200 8.1ms request_id=6dc94570d68e user_id=5
2026-09-07 09:39:19 | INFO | app | HTTP GET /api/filters -> 200 11.7ms request_id=48fc1a13f113 user_id=5
2026-09-07 09:39:19 | INFO | app.routes.inventory | Inventory search | file_id=5 | sheet_ids=34 | q_present=False | low_only=False
2026-09-07 09:39:19 | INFO | app | HTTP GET /api/search -> 200 20.3ms request_id=ef06ecda20df user_id=5
2026-09-07 09:39:31 | INFO | app | HTTP GET /chat -> 200 4.3ms request_id=dd477349495a user_id=5
2026-09-07 09:39:31 | INFO | app | HTTP GET /static/css/app.css -> 304 2.2ms request_id=de24d23078a3 user_id=5
2026-09-07 09:39:31 | INFO | app | HTTP GET /static/js/chat.js -> 304 6.2ms request_id=683eb3b7bfc2 user_id=5
2026-09-07 09:39:31 | INFO | app | HTTP GET /static/css/components.css -> 304 13.3ms request_id=7bb36a98cb16 user_id=5
2026-09-07 09:39:31 | INFO | app | HTTP GET /static/js/app.js -> 304 12.9ms request_id=3affdc0fc9ba user_id=5
2026-09-07 09:39:32 | INFO | app | HTTP GET /api/files -> 200 24.8ms request_id=86d621491acf user_id=5
2026-09-07 09:39:58 | INFO | app | HTTP GET /inventory -> 200 4.9ms request_id=2c82b43b5881 user_id=5
2026-09-07 09:39:59 | INFO | app | HTTP GET /static/css/app.css -> 304 2.5ms request_id=ef314017d421 user_id=5
2026-09-07 09:39:59 | INFO | app | HTTP GET /static/js/app.js -> 304 6.0ms request_id=50d4f025a764 user_id=5
2026-09-07 09:39:59 | INFO | app | HTTP GET /static/css/components.css -> 304 12.3ms request_id=e5d850665b7d user_id=5
2026-09-07 09:39:59 | INFO | app | HTTP GET /static/js/inventory.js -> 304 9.8ms request_id=450b7e3cb860 user_id=5
2026-09-07 09:39:59 | INFO | app | HTTP GET /api/files -> 200 18.1ms request_id=fd13d488236c user_id=5
2026-09-07 09:39:59 | INFO | app | HTTP GET /api/sheets/5 -> 200 16.9ms request_id=17fc90d25600 user_id=5
2026-09-07 09:39:59 | INFO | app | HTTP GET /api/sheets/2 -> 200 25.6ms request_id=aae0ad591643 user_id=5
2026-09-07 09:40:00 | INFO | app | HTTP GET /api/filters -> 200 72.5ms request_id=88ccc0795c89 user_id=5
2026-09-07 09:40:00 | INFO | app.routes.inventory | Inventory search | file_id= | sheet_ids=None | q_present=False | low_only=False
2026-09-07 09:40:00 | INFO | app | HTTP GET /api/search -> 200 92.0ms request_id=2ca967ee005b user_id=5
2026-09-07 09:40:02 | INFO | app | HTTP GET /chat -> 200 5.3ms request_id=1a9e825b5307 user_id=5
2026-09-07 09:40:02 | INFO | app | HTTP GET /static/css/app.css -> 304 1.9ms request_id=75c444e01766 user_id=5
2026-09-07 09:40:02 | INFO | app | HTTP GET /static/css/components.css -> 304 7.2ms request_id=12565dfea703 user_id=5
2026-09-07 09:40:02 | INFO | app | HTTP GET /static/js/app.js -> 304 5.4ms request_id=f9f9c956356c user_id=5
2026-09-07 09:40:02 | INFO | app | HTTP GET /static/js/chat.js -> 304 7.1ms request_id=cfdf02be8af6 user_id=5
2026-09-07 09:40:02 | INFO | app | HTTP GET /api/files -> 200 16.0ms request_id=afbf0d85e8f1 user_id=5
2026-09-07 09:40:18 | INFO | app | HTTP GET /api/sheets/2 -> 200 10.5ms request_id=7e9c75b50a02 user_id=5
2026-09-07 09:40:24 | INFO | app | HTTP GET / -> 200 22.9ms request_id=3902fc9c272b user_id=5
2026-09-07 09:40:25 | INFO | app | HTTP GET /static/css/app.css -> 304 1.1ms request_id=6afb2ea94782 user_id=5
2026-09-07 09:40:25 | INFO | app | HTTP GET /static/css/components.css -> 304 1.0ms request_id=cf3c0911eb7d user_id=5
2026-09-07 09:40:25 | INFO | app | HTTP GET /static/js/app.js -> 304 1.3ms request_id=1883b4815574 user_id=5
2026-09-07 09:40:26 | INFO | app | HTTP GET /inventory -> 200 5.2ms request_id=ced0e027f9ce user_id=5
2026-09-07 09:40:27 | INFO | app | HTTP GET /static/css/app.css -> 304 2.8ms request_id=ae0a8f5aeb11 user_id=5
2026-09-07 09:40:27 | INFO | app | HTTP GET /static/css/components.css -> 304 9.4ms request_id=cff60075c993 user_id=5
2026-09-07 09:40:27 | INFO | app | HTTP GET /static/js/inventory.js -> 304 10.7ms request_id=79d602194e75 user_id=5
2026-09-07 09:40:27 | INFO | app | HTTP GET /static/js/app.js -> 304 11.7ms request_id=fb01c25a1bf9 user_id=5
2026-09-07 09:40:27 | INFO | app | HTTP GET /api/files -> 200 16.1ms request_id=7197a847966e user_id=5
2026-09-07 09:40:27 | INFO | app | HTTP GET /api/sheets/5 -> 200 10.3ms request_id=3126ce0f574f user_id=5
2026-09-07 09:40:28 | INFO | app | HTTP GET /api/sheets/2 -> 200 13.9ms request_id=14786e94ec65 user_id=5
2026-09-07 09:40:28 | INFO | app | HTTP GET /api/filters -> 200 23.8ms request_id=377c5e9a09e9 user_id=5
2026-09-07 09:40:28 | INFO | app.routes.inventory | Inventory search | file_id= | sheet_ids=None | q_present=False | low_only=True
2026-09-07 09:40:28 | INFO | app | HTTP GET /api/search -> 200 43.6ms request_id=d71ab1165013 user_id=5
2026-09-07 09:40:33 | INFO | app | HTTP GET /ebay/005053363 -> 200 5.8ms request_id=8dd417a7a100 user_id=5
2026-09-07 09:40:33 | INFO | app | HTTP GET /static/css/app.css -> 304 4.5ms request_id=804557a23271 user_id=5
2026-09-07 09:40:34 | INFO | app | HTTP GET /static/js/app.js -> 304 8.2ms request_id=5f64530fb2dd user_id=5
2026-09-07 09:40:34 | INFO | app | HTTP GET /static/css/components.css -> 304 4.8ms request_id=a7878ada82df user_id=5
2026-09-07 09:40:34 | INFO | app | HTTP GET /static/js/ebay.js -> 304 8.3ms request_id=7d5f00345ff5 user_id=5
2026-09-07 09:40:34 | INFO | app.routes.ebay | eBay price search requested | code=005053363 | page=1 | page_size=100
2026-09-07 09:40:36 | INFO | app.services.ebay.client | eBay API search completed | code=005053363 | pool_size=39 | ebay_total=39
2026-09-07 09:40:36 | INFO | app.services.ebay.client | eBay search page sliced | code=005053363 | source=api | page=1 | page_size=100 | page_total=39 | ebay_total=39
2026-09-07 09:40:36 | INFO | app.routes.ebay | eBay price search completed | code=005053363 | source=api | page=1 | count=39 | page_total=39 | ebay_total=39
2026-09-07 09:40:36 | INFO | app | HTTP GET /api/ebay/search -> 200 1805.2ms request_id=37eb99defbae user_id=5
2026-09-07 09:41:16 | INFO | app | HTTP GET / -> 200 20.6ms request_id=492ee66f501b user_id=5
2026-09-07 09:41:16 | INFO | app | HTTP GET /static/css/app.css -> 304 1.3ms request_id=16888d6d18bc user_id=5
2026-09-07 09:41:16 | INFO | app | HTTP GET /static/js/app.js -> 304 1.9ms request_id=ac28c2513605 user_id=5
2026-09-07 09:41:16 | INFO | app | HTTP GET /static/css/components.css -> 304 7.0ms request_id=6e4b8ea8c752 user_id=5
2026-09-07 09:41:27 | INFO | app | HTTP GET /inventory -> 200 9.6ms request_id=71e2af6a0349 user_id=5
2026-09-07 09:41:28 | INFO | app | HTTP GET /static/css/app.css -> 304 1.2ms request_id=d68ce92ee68a user_id=5
2026-09-07 09:41:28 | INFO | app | HTTP GET /static/css/components.css -> 304 3.4ms request_id=c1c480dbd0d9 user_id=5
2026-09-07 09:41:28 | INFO | app | HTTP GET /static/js/app.js -> 304 3.6ms request_id=ea7c1d46e417 user_id=5
2026-09-07 09:41:28 | INFO | app | HTTP GET /static/js/inventory.js -> 304 9.0ms request_id=7b4eacb8a1d2 user_id=5
2026-09-07 09:41:28 | INFO | app | HTTP GET /api/files -> 200 19.3ms request_id=a7c5f6dfc013 user_id=5
2026-09-07 09:41:28 | INFO | app | HTTP GET /api/sheets/5 -> 200 13.4ms request_id=5a3154018a5f user_id=5
2026-09-07 09:41:28 | INFO | app | HTTP GET /api/sheets/2 -> 200 14.3ms request_id=d49b4597a348 user_id=5
2026-09-07 09:41:29 | INFO | app | HTTP GET /api/filters -> 200 41.0ms request_id=2eacc81fa7f4 user_id=5
2026-09-07 09:41:29 | INFO | app.routes.inventory | Inventory search | file_id= | sheet_ids=None | q_present=False | low_only=False
2026-09-07 09:41:29 | INFO | app | HTTP GET /api/search -> 200 30.2ms request_id=34d290d979a0 user_id=5
2026-09-07 09:41:31 | INFO | app | HTTP GET / -> 200 31.0ms request_id=580951efda45 user_id=5
2026-09-07 09:41:31 | INFO | app | HTTP GET /static/css/app.css -> 304 0.9ms request_id=3d1e00a1d7a0 user_id=5
2026-09-07 09:41:31 | INFO | app | HTTP GET /static/css/components.css -> 304 15.3ms request_id=756f1880fcc2 user_id=5
2026-09-07 09:41:31 | INFO | app | HTTP GET /static/js/app.js -> 304 8.4ms request_id=134cdbfae6d1 user_id=5
2026-09-07 09:41:53 | INFO | app.routes.auth | Logout | user_id=5
2026-09-07 09:41:53 | INFO | app | HTTP GET /logout -> 302 5.2ms request_id=0369eca72fd8 user_id=-
2026-09-07 09:41:53 | INFO | app | HTTP GET /login -> 200 0.5ms request_id=e85394e04a25 user_id=-
2026-09-07 09:41:54 | INFO | app | HTTP GET /static/css/app.css -> 304 2.1ms request_id=50a1d558a98d user_id=-
2026-09-07 09:41:59 | INFO | app.routes.auth | Login attempt | username=y1234
2026-09-07 09:41:59 | INFO | app.routes.auth | Login success | user_id=5 | username=y1234
2026-09-07 09:41:59 | INFO | app | HTTP POST /login -> 302 276.5ms request_id=dda0fe61bb05 user_id=5
2026-09-07 09:41:59 | INFO | app | HTTP GET / -> 200 12.0ms request_id=38718696bd79 user_id=5
2026-09-07 09:42:00 | INFO | app | HTTP GET /static/css/app.css -> 304 14.7ms request_id=75b5a1ce63af user_id=5
2026-09-07 09:42:00 | INFO | app | HTTP GET /static/css/components.css -> 304 11.2ms request_id=6686b62fa331 user_id=5
2026-09-07 09:42:00 | INFO | app | HTTP GET /static/js/app.js -> 304 1.9ms request_id=e0828b370fb6 user_id=5
2026-09-07 09:45:59 | INFO | app | HTTP GET /files -> 200 43.8ms request_id=87790d20f8bc user_id=5
2026-09-07 09:45:59 | INFO | app | HTTP GET /static/css/app.css -> 304 0.8ms request_id=7c4c1ba704a0 user_id=5
2026-09-07 09:45:59 | INFO | app | HTTP GET /static/css/components.css -> 304 2.0ms request_id=c893952857a1 user_id=5
2026-09-07 09:45:59 | INFO | app | HTTP GET /static/js/app.js -> 304 2.3ms request_id=3fd5ecff226c user_id=5
2026-09-07 09:46:01 | INFO | app | HTTP GET / -> 200 28.3ms request_id=29bd12a07a88 user_id=5
2026-09-07 09:46:01 | INFO | app | HTTP GET /static/css/app.css -> 304 1.1ms request_id=723b01673677 user_id=5
2026-09-07 09:46:01 | INFO | app | HTTP GET /static/css/components.css -> 304 1.1ms request_id=21075ec6c619 user_id=5
2026-09-07 09:46:01 | INFO | app | HTTP GET /static/js/app.js -> 304 2.4ms request_id=50807bc03e21 user_id=5
2026-09-07 09:46:03 | INFO | app | HTTP GET /files/2 -> 200 10.5ms request_id=a38926c46699 user_id=5
2026-09-07 09:46:03 | INFO | app | HTTP GET /static/css/app.css -> 304 1.6ms request_id=277ec96b3edd user_id=5
2026-09-07 09:46:03 | INFO | app | HTTP GET /static/js/sheet.js -> 304 12.4ms request_id=d60fff214062 user_id=5
2026-09-07 09:46:03 | INFO | app | HTTP GET /static/css/components.css -> 304 4.6ms request_id=a0c886f9e08a user_id=5
2026-09-07 09:46:03 | INFO | app | HTTP GET /static/js/app.js -> 304 5.7ms request_id=a6b7ed189916 user_id=5
2026-09-07 09:46:04 | INFO | app | HTTP GET /api/sheets/2 -> 200 11.6ms request_id=79e3a813d551 user_id=5
2026-09-07 09:46:04 | INFO | app | HTTP GET /api/filters -> 200 29.2ms request_id=ace62574d147 user_id=5
2026-09-07 09:46:04 | INFO | app.routes.inventory | Inventory search | file_id=2 | sheet_ids=None | q_present=False | low_only=False
2026-09-07 09:46:04 | INFO | app | HTTP GET /api/search -> 200 44.2ms request_id=44fa5339f2c9 user_id=5
2026-09-07 09:46:06 | INFO | app | HTTP GET /inventory -> 200 5.5ms request_id=de61e0edce45 user_id=5
2026-09-07 09:46:07 | INFO | app | HTTP GET /static/css/app.css -> 304 5.0ms request_id=6664c41491cb user_id=5
2026-09-07 09:46:07 | INFO | app | HTTP GET /static/css/components.css -> 304 4.5ms request_id=9d2526cd5441 user_id=5
2026-09-07 09:46:07 | INFO | app | HTTP GET /static/js/app.js -> 304 10.8ms request_id=36c11918d620 user_id=5
2026-09-07 09:46:07 | INFO | app | HTTP GET /static/js/inventory.js -> 304 8.0ms request_id=b9339ecd5415 user_id=5
2026-09-07 09:46:07 | INFO | app | HTTP GET /api/files -> 200 14.4ms request_id=d84320ec4293 user_id=5
2026-09-07 09:46:07 | INFO | app | HTTP GET /api/sheets/5 -> 200 10.5ms request_id=9624ad8ae38a user_id=5
2026-09-07 09:46:07 | INFO | app | HTTP GET /api/sheets/2 -> 200 6.2ms request_id=10f1fe85cadb user_id=5
2026-09-07 09:46:07 | INFO | app | HTTP GET /api/filters -> 200 24.4ms request_id=4870ef4d3ce6 user_id=5
2026-09-07 09:46:08 | INFO | app.routes.inventory | Inventory search | file_id= | sheet_ids=None | q_present=False | low_only=False
2026-09-07 09:46:08 | INFO | app | HTTP GET /api/search -> 200 55.5ms request_id=ad7c8e52211f user_id=5
2026-09-07 09:46:18 | INFO | app | HTTP GET /files -> 200 17.2ms request_id=b325d0de685b user_id=5
2026-09-07 09:46:18 | INFO | app | HTTP GET /static/css/app.css -> 304 1.1ms request_id=9bb82fb9c1b6 user_id=5
2026-09-07 09:46:18 | INFO | app | HTTP GET /static/css/components.css -> 304 5.3ms request_id=80f63e334076 user_id=5
2026-09-07 09:46:18 | INFO | app | HTTP GET /static/js/app.js -> 304 6.0ms request_id=51f9bbbe67d1 user_id=5
2026-09-07 09:46:22 | INFO | app | HTTP GET /files/5 -> 200 9.5ms request_id=2974e228bdf1 user_id=5
2026-09-07 09:46:22 | INFO | app | HTTP GET /static/css/app.css -> 304 5.5ms request_id=840fd174031e user_id=5
2026-09-07 09:46:22 | INFO | app | HTTP GET /static/css/components.css -> 304 2.3ms request_id=4472db9ff8ef user_id=5
2026-09-07 09:46:22 | INFO | app | HTTP GET /static/js/app.js -> 304 2.8ms request_id=235f92a4328a user_id=5
2026-09-07 09:46:22 | INFO | app | HTTP GET /static/js/sheet.js -> 304 4.7ms request_id=e01016410da8 user_id=5
2026-09-07 09:46:22 | INFO | app | HTTP GET /api/sheets/5 -> 200 12.4ms request_id=eadccede54d4 user_id=5
2026-09-07 09:46:23 | INFO | app | HTTP GET /api/filters -> 200 28.3ms request_id=5b21ff03b9ff user_id=5
2026-09-07 09:46:23 | INFO | app.routes.inventory | Inventory search | file_id=5 | sheet_ids=None | q_present=False | low_only=False
2026-09-07 09:46:23 | INFO | app | HTTP GET /api/search -> 200 39.8ms request_id=a8b2fc692265 user_id=5
2026-09-07 09:46:43 | INFO | app | HTTP GET /api/filters -> 200 15.1ms request_id=997b30ad3442 user_id=5
2026-09-07 09:46:43 | INFO | app.routes.inventory | Inventory search | file_id=5 | sheet_ids=34 | q_present=False | low_only=False
2026-09-07 09:46:43 | INFO | app | HTTP GET /api/search -> 200 21.8ms request_id=a18fcfd12996 user_id=5
2026-09-07 09:46:43 | INFO | app.routes.inventory | Inventory search | file_id=5 | sheet_ids=34 | q_present=False | low_only=False
2026-09-07 09:46:43 | INFO | app | HTTP GET /api/search -> 200 22.5ms request_id=5b66ab245f62 user_id=5
2026-09-07 09:46:54 | INFO | app.routes.sheets | Inventory row updated | row_id=658 | sheet_id=34 | changes=2 | user_id=5
2026-09-07 09:46:54 | INFO | app | HTTP PATCH /api/rows/658 -> 200 133.5ms request_id=02a93028b4c2 user_id=5
2026-09-07 09:46:56 | INFO | app.routes.inventory | Inventory search | file_id=5 | sheet_ids=34 | q_present=False | low_only=False
2026-09-07 09:46:56 | INFO | app | HTTP GET /api/search -> 200 26.6ms request_id=cbbb5add247e user_id=5
2026-09-07 09:46:57 | INFO | app.routes.files | Excel export started | file_id=5 | filename=사내재고 예시.xlsx | user_id=5
2026-09-07 09:46:57 | INFO | app.routes.files | Excel export source resolved | file_id=5 | path=C:\Users\leegg\Documents\StockFlow_final_logging\uploads\03c5c3cf92544ca78bbaf5b44d0d39b2_inventory.xlsx
2026-09-07 09:46:57 | INFO | app.services.excel.exporter | Export workbook load | file_id=5 | path=C:\Users\leegg\Documents\StockFlow_final_logging\uploads\03c5c3cf92544ca78bbaf5b44d0d39b2_inventory.xlsx
2026-09-07 09:46:58 | INFO | app.services.excel.exporter | Export workbook opened | file_id=5 | sheets=7
2026-09-07 09:46:58 | INFO | app.services.excel.exporter | Export workbook saved | file_id=5 | bytes=32175
2026-09-07 09:46:58 | INFO | app.routes.files | Excel export completed | file_id=5 | filename=사내재고 예시.xlsx
2026-09-07 09:46:58 | INFO | app | HTTP GET /files/5/export -> 200 1307.4ms request_id=d9895640a4af user_id=5
2026-09-07 09:47:43 | INFO | app.routes.files | Excel delete started | file_id=5 | filename=사내재고 예시.xlsx | user_id=5
2026-09-07 09:47:43 | INFO | app.routes.files | Excel delete source resolved | file_id=5 | path=C:\Users\leegg\Documents\StockFlow_final_logging\uploads\03c5c3cf92544ca78bbaf5b44d0d39b2_inventory.xlsx
2026-09-07 09:47:44 | INFO | app.routes.files | Excel source file deleted | file_id=5 | path=C:\Users\leegg\Documents\StockFlow_final_logging\uploads\03c5c3cf92544ca78bbaf5b44d0d39b2_inventory.xlsx
2026-09-07 09:47:45 | INFO | app.routes.files | Excel delete completed | file_id=5 | filename=사내재고 예시.xlsx
2026-09-07 09:47:45 | INFO | app | HTTP POST /files/5/delete -> 302 1748.4ms request_id=fc98d9308200 user_id=5
2026-09-07 09:47:45 | INFO | app | HTTP GET /files -> 200 21.0ms request_id=25e767382600 user_id=5
2026-09-07 09:47:45 | INFO | app | HTTP GET /static/css/app.css -> 304 4.8ms request_id=96c4237466d1 user_id=5
2026-09-07 09:47:45 | INFO | app | HTTP GET /static/css/components.css -> 304 8.7ms request_id=63c421d0c6ac user_id=5
2026-09-07 09:47:45 | INFO | app | HTTP GET /static/js/app.js -> 304 18.6ms request_id=8ad57f943f23 user_id=5
2026-09-07 09:47:47 | INFO | app | HTTP GET /files -> 200 33.7ms request_id=f396f09e29f5 user_id=5
2026-09-07 09:47:47 | INFO | app | HTTP GET /static/css/app.css -> 304 1.6ms request_id=68f80037a9df user_id=5
2026-09-07 09:47:47 | INFO | app | HTTP GET /static/css/components.css -> 304 7.7ms request_id=b94d22b917a8 user_id=5
2026-09-07 09:47:47 | INFO | app | HTTP GET /static/js/app.js -> 304 9.4ms request_id=ca9a8bd2f04e user_id=5
2026-09-07 09:47:48 | INFO | app | HTTP GET / -> 200 29.2ms request_id=85940da41f3a user_id=5
2026-09-07 09:47:48 | INFO | app | HTTP GET /static/css/app.css -> 304 1.0ms request_id=b40183c89f04 user_id=5
2026-09-07 09:47:48 | INFO | app | HTTP GET /static/css/components.css -> 304 2.5ms request_id=ec7ae02605ea user_id=5
2026-09-07 09:47:48 | INFO | app | HTTP GET /static/js/app.js -> 304 2.0ms request_id=dcc329c592c7 user_id=5
2026-09-07 09:47:49 | INFO | app | HTTP GET /files -> 200 12.0ms request_id=26cda34cf7f5 user_id=5
2026-09-07 09:47:50 | INFO | app | HTTP GET /static/css/app.css -> 304 1.5ms request_id=f05dcf066abd user_id=5
2026-09-07 09:47:50 | INFO | app | HTTP GET /static/css/components.css -> 304 2.4ms request_id=9c26a61d49a8 user_id=5
2026-09-07 09:47:50 | INFO | app | HTTP GET /static/js/app.js -> 304 3.1ms request_id=f4fcf07225fe user_id=5
2026-09-07 09:47:51 | INFO | app | HTTP GET /files/2 -> 200 8.5ms request_id=714af3b222ac user_id=5
2026-09-07 09:47:51 | INFO | app | HTTP GET /static/css/app.css -> 304 0.9ms request_id=9a5f8c60c103 user_id=5
2026-09-07 09:47:51 | INFO | app | HTTP GET /static/css/components.css -> 304 2.7ms request_id=5de1d3013acb user_id=5
2026-09-07 09:47:51 | INFO | app | HTTP GET /static/js/app.js -> 304 3.4ms request_id=ceb879470231 user_id=5
2026-09-07 09:47:51 | INFO | app | HTTP GET /static/js/sheet.js -> 304 3.7ms request_id=1f3130a3d5c0 user_id=5
2026-09-07 09:47:51 | INFO | app | HTTP GET /api/sheets/2 -> 200 8.1ms request_id=98508e6332ad user_id=5
2026-09-07 09:47:52 | INFO | app | HTTP GET /api/filters -> 200 23.1ms request_id=42704b7dec63 user_id=5
2026-09-07 09:47:52 | INFO | app.routes.inventory | Inventory search | file_id=2 | sheet_ids=None | q_present=False | low_only=False
2026-09-07 09:47:52 | INFO | app | HTTP GET /api/search -> 200 67.7ms request_id=2a958d54c800 user_id=5
2026-09-07 09:49:00 | INFO | app | HTTP GET /inventory -> 200 14.4ms request_id=d339d95fb8f4 user_id=5
2026-09-07 09:49:00 | INFO | app | HTTP GET /static/css/app.css -> 304 1.2ms request_id=569aaec35a17 user_id=5
2026-09-07 09:49:00 | INFO | app | HTTP GET /static/css/components.css -> 304 2.4ms request_id=1e43661f8569 user_id=5
2026-09-07 09:49:00 | INFO | app | HTTP GET /static/js/app.js -> 304 5.6ms request_id=35e72b0c5b2b user_id=5
2026-09-07 09:49:00 | INFO | app | HTTP GET /static/js/inventory.js -> 304 4.2ms request_id=e4e466b59a4e user_id=5
2026-09-07 09:49:00 | INFO | app | HTTP GET /api/files -> 200 9.8ms request_id=a2dc66ac16e1 user_id=5
2026-09-07 09:49:01 | INFO | app | HTTP GET /api/sheets/2 -> 200 13.2ms request_id=a18fee7b8620 user_id=5
2026-09-07 09:49:01 | INFO | app | HTTP GET /api/filters -> 200 21.7ms request_id=9ec274f753ca user_id=5
2026-09-07 09:49:01 | INFO | app.routes.inventory | Inventory search | file_id= | sheet_ids=None | q_present=False | low_only=False
2026-09-07 09:49:01 | INFO | app | HTTP GET /api/search -> 200 25.4ms request_id=ac63445cb1a0 user_id=5
2026-09-07 09:49:08 | INFO | app | HTTP GET / -> 200 32.4ms request_id=9a2d91971ebc user_id=5
2026-09-07 09:49:08 | INFO | app | HTTP GET /static/css/app.css -> 304 1.8ms request_id=b59f6b36a323 user_id=5
2026-09-07 09:49:08 | INFO | app | HTTP GET /static/js/app.js -> 304 2.2ms request_id=b54faeaa0abb user_id=5
2026-09-07 09:49:08 | INFO | app | HTTP GET /static/css/components.css -> 304 3.9ms request_id=66f33098df0f user_id=5
2026-09-07 09:49:20 | INFO | app | HTTP GET /upload -> 200 11.7ms request_id=027f4c9d8862 user_id=5
2026-09-07 09:49:21 | INFO | app | HTTP GET /static/css/app.css -> 304 0.9ms request_id=ea2995313c07 user_id=5
2026-09-07 09:49:21 | INFO | app | HTTP GET /static/css/components.css -> 304 1.7ms request_id=022a2880d635 user_id=5
2026-09-07 09:49:21 | INFO | app | HTTP GET /static/js/app.js -> 304 1.8ms request_id=3b86537adead user_id=5
2026-09-07 09:49:23 | INFO | app | HTTP GET /inventory -> 200 4.9ms request_id=3a1a25845d0c user_id=5
2026-09-07 09:49:23 | INFO | app | HTTP GET /static/css/app.css -> 304 0.8ms request_id=369e89a0f6e8 user_id=5
2026-09-07 09:49:23 | INFO | app | HTTP GET /static/css/components.css -> 304 2.1ms request_id=a0b729f61d36 user_id=5
2026-09-07 09:49:23 | INFO | app | HTTP GET /static/js/inventory.js -> 304 1.6ms request_id=f775065f26bb user_id=5
2026-09-07 09:49:23 | INFO | app | HTTP GET /static/js/app.js -> 304 3.7ms request_id=c852b74fc3f7 user_id=5
2026-09-07 09:49:23 | INFO | app | HTTP GET /api/files -> 200 9.3ms request_id=2e0952725d8c user_id=5
2026-09-07 09:49:23 | INFO | app | HTTP GET /api/sheets/2 -> 200 7.9ms request_id=c253026c0aee user_id=5
2026-09-07 09:49:24 | INFO | app | HTTP GET /api/filters -> 200 30.0ms request_id=818691391c5a user_id=5
2026-09-07 09:49:24 | INFO | app.routes.inventory | Inventory search | file_id= | sheet_ids=None | q_present=False | low_only=False
2026-09-07 09:49:24 | INFO | app | HTTP GET /api/search -> 200 35.4ms request_id=1622ab4aa1c3 user_id=5
2026-09-07 09:49:28 | INFO | app | HTTP GET / -> 200 18.7ms request_id=fbc3d90eaed6 user_id=5
2026-09-07 09:49:28 | INFO | app | HTTP GET /static/css/app.css -> 304 2.0ms request_id=310afb1d5310 user_id=5
2026-09-07 09:49:28 | INFO | app | HTTP GET /static/js/app.js -> 304 1.9ms request_id=28f6c7522854 user_id=5
2026-09-07 09:49:28 | INFO | app | HTTP GET /static/css/components.css -> 304 8.0ms request_id=bd47ec01cad7 user_id=5
2026-09-07 09:49:34 | INFO | app | HTTP GET /files -> 200 31.3ms request_id=1962df7bffe9 user_id=5
2026-09-07 09:49:34 | INFO | app | HTTP GET /static/css/app.css -> 304 1.6ms request_id=7713dfbdb532 user_id=5
2026-09-07 09:49:34 | INFO | app | HTTP GET /static/css/components.css -> 304 2.2ms request_id=16bf041c7093 user_id=5
2026-09-07 09:49:34 | INFO | app | HTTP GET /static/js/app.js -> 304 5.8ms request_id=f13fc78573be user_id=5
2026-09-07 09:49:43 | INFO | app | HTTP GET / -> 200 20.3ms request_id=d5d9d16f3c5e user_id=5
2026-09-07 09:49:43 | INFO | app | HTTP GET /static/css/app.css -> 304 1.5ms request_id=734c2c67884c user_id=5
2026-09-07 09:49:43 | INFO | app | HTTP GET /static/css/components.css -> 304 5.3ms request_id=319c7c23ea9e user_id=5
2026-09-07 09:49:43 | INFO | app | HTTP GET /static/js/app.js -> 304 6.4ms request_id=16acfe5927f3 user_id=5
2026-09-07 09:49:46 | INFO | app | HTTP GET /inventory -> 200 9.9ms request_id=88ef25b3b1b6 user_id=5
2026-09-07 09:49:46 | INFO | app | HTTP GET /static/css/app.css -> 304 0.9ms request_id=ef3b94c616ac user_id=5
2026-09-07 09:49:46 | INFO | app | HTTP GET /static/css/components.css -> 304 2.0ms request_id=7fdc4420110b user_id=5
2026-09-07 09:49:46 | INFO | app | HTTP GET /static/js/app.js -> 304 2.8ms request_id=68a374a7cd27 user_id=5
2026-09-07 09:49:46 | INFO | app | HTTP GET /static/js/inventory.js -> 304 1.3ms request_id=af206b39844a user_id=5
2026-09-07 09:49:46 | INFO | app | HTTP GET /api/files -> 200 10.4ms request_id=b4ce189f12bd user_id=5
2026-09-07 09:49:47 | INFO | app | HTTP GET /api/sheets/2 -> 200 9.0ms request_id=2cae40214687 user_id=5
2026-09-07 09:49:47 | INFO | app | HTTP GET /api/filters -> 200 27.7ms request_id=0e402cafcc0f user_id=5
2026-09-07 09:49:47 | INFO | app.routes.inventory | Inventory search | file_id= | sheet_ids=None | q_present=False | low_only=False
2026-09-07 09:49:47 | INFO | app | HTTP GET /api/search -> 200 31.9ms request_id=06288d090d61 user_id=5
2026-09-07 09:49:51 | INFO | app | HTTP GET /api/sheets/2 -> 200 17.8ms request_id=2b9964c1f29a user_id=5
2026-09-07 09:49:51 | INFO | app | HTTP GET /api/filters -> 200 33.4ms request_id=7cf5c3b51203 user_id=5
2026-09-07 09:49:52 | INFO | app.routes.inventory | Inventory search | file_id=2 | sheet_ids=None | q_present=False | low_only=False
2026-09-07 09:49:52 | INFO | app | HTTP GET /api/search -> 200 56.9ms request_id=c84e2b59a60d user_id=5
2026-09-07 09:50:03 | INFO | app | HTTP GET /files -> 200 15.6ms request_id=81faf8206ec9 user_id=5
2026-09-07 09:50:03 | INFO | app | HTTP GET /static/css/app.css -> 304 1.5ms request_id=6368284a3e44 user_id=5
2026-09-07 09:50:03 | INFO | app | HTTP GET /static/css/components.css -> 304 12.4ms request_id=8b2412734c40 user_id=5
2026-09-07 09:50:03 | INFO | app | HTTP GET /static/js/app.js -> 304 3.9ms request_id=52d75d929d0a user_id=5
2026-09-07 09:50:05 | INFO | app | HTTP GET /inventory -> 200 3.8ms request_id=e832e969dbfb user_id=5
2026-09-07 09:50:05 | INFO | app | HTTP GET /static/css/app.css -> 304 2.7ms request_id=19c5f01b9a38 user_id=5
2026-09-07 09:50:05 | INFO | app | HTTP GET /static/css/components.css -> 304 0.9ms request_id=d62439df36d9 user_id=5
2026-09-07 09:50:05 | INFO | app | HTTP GET /static/js/app.js -> 304 5.2ms request_id=b73f2942e34b user_id=5
2026-09-07 09:50:05 | INFO | app | HTTP GET /static/js/inventory.js -> 304 5.9ms request_id=8a155925f48f user_id=5
2026-09-07 09:50:05 | INFO | app | HTTP GET /api/files -> 200 12.3ms request_id=93698ef29631 user_id=5
2026-09-07 09:50:05 | INFO | app | HTTP GET /api/sheets/2 -> 200 10.1ms request_id=63b8d38516f5 user_id=5
2026-09-07 09:50:06 | INFO | app | HTTP GET /api/filters -> 200 41.6ms request_id=020d91fd5d6e user_id=5
2026-09-07 09:50:06 | INFO | app.routes.inventory | Inventory search | file_id= | sheet_ids=None | q_present=False | low_only=False
2026-09-07 09:50:06 | INFO | app | HTTP GET /api/search -> 200 33.3ms request_id=c0131112b8db user_id=5
2026-09-07 09:50:06 | INFO | app | HTTP GET /upload -> 200 12.6ms request_id=55cfd7403ad3 user_id=5
2026-09-07 09:50:06 | INFO | app | HTTP GET /static/css/app.css -> 304 1.4ms request_id=84f7d553ea87 user_id=5
2026-09-07 09:50:07 | INFO | app | HTTP GET /static/css/components.css -> 304 6.3ms request_id=5e29a17aaa10 user_id=5
2026-09-07 09:50:07 | INFO | app | HTTP GET /static/js/app.js -> 304 7.0ms request_id=7db0d02bb9c4 user_id=5
2026-09-07 09:50:15 | INFO | app | HTTP GET / -> 200 17.8ms request_id=afd7a7aa3a40 user_id=5
2026-09-07 09:50:15 | INFO | app | HTTP GET /static/css/app.css -> 304 1.2ms request_id=b104297b01b8 user_id=5
2026-09-07 09:50:15 | INFO | app | HTTP GET /static/css/components.css -> 304 1.4ms request_id=d4bf78a63c9f user_id=5
2026-09-07 09:50:15 | INFO | app | HTTP GET /static/js/app.js -> 304 1.4ms request_id=a2926e821b3f user_id=5
2026-09-07 11:02:19 | INFO | app | HTTP GET / -> 200 281.1ms request_id=fd32de6bb57d user_id=5
2026-09-07 11:02:19 | INFO | app | HTTP GET /static/css/app.css -> 304 4.8ms request_id=a6e9866ecd6b user_id=5
2026-09-07 11:02:19 | INFO | app | HTTP GET /static/js/app.js -> 304 2.9ms request_id=65f77cb3db6f user_id=5
2026-09-07 11:02:19 | INFO | app | HTTP GET /static/css/components.css -> 304 2.1ms request_id=bdba8888014f user_id=5
2026-09-07 11:07:38 | INFO | app | HTTP GET /files/2 -> 200 21.6ms request_id=e47f5b9c4143 user_id=5
2026-09-07 11:07:38 | INFO | app | HTTP GET /static/css/app.css -> 304 0.6ms request_id=51dd8d6ef6f5 user_id=5
2026-09-07 11:07:38 | INFO | app | HTTP GET /static/css/components.css -> 304 3.4ms request_id=2afbb323868c user_id=5
2026-09-07 11:07:38 | INFO | app | HTTP GET /static/js/app.js -> 304 2.7ms request_id=9735ee259482 user_id=5
2026-09-07 11:07:38 | INFO | app | HTTP GET /static/js/sheet.js -> 304 1.4ms request_id=f920aa7c7759 user_id=5
2026-09-07 11:07:39 | INFO | app | HTTP GET /api/sheets/2 -> 200 24.5ms request_id=863a4c6971ee user_id=5
2026-09-07 11:07:39 | INFO | app | HTTP GET /api/filters -> 200 48.3ms request_id=fc77b5c2d103 user_id=5
2026-09-07 11:07:39 | INFO | app.routes.inventory | Inventory search | file_id=2 | sheet_ids=None | q_present=False | low_only=False
2026-09-07 11:07:39 | INFO | app | HTTP GET /api/search -> 200 37.1ms request_id=74627b93699a user_id=5
2026-09-07 11:07:48 | INFO | app | HTTP GET /files -> 200 13.5ms request_id=a4d03642c90c user_id=5
2026-09-07 11:07:49 | INFO | app | HTTP GET /static/css/app.css -> 304 4.2ms request_id=801373939360 user_id=5
2026-09-07 11:07:49 | INFO | app | HTTP GET /static/css/components.css -> 304 3.6ms request_id=6fb57faa4689 user_id=5
2026-09-07 11:07:49 | INFO | app | HTTP GET /static/js/app.js -> 304 3.5ms request_id=28e42489225e user_id=5
2026-09-07 11:07:50 | INFO | app | HTTP GET /chat -> 200 9.7ms request_id=262c88c50030 user_id=5
2026-09-07 11:07:50 | INFO | app | HTTP GET /static/css/app.css -> 304 0.5ms request_id=096d7b4fcc30 user_id=5
2026-09-07 11:07:50 | INFO | app | HTTP GET /static/css/components.css -> 304 2.3ms request_id=4ed21adf6696 user_id=5
2026-09-07 11:07:50 | INFO | app | HTTP GET /static/js/app.js -> 304 1.7ms request_id=f6cd3780d1b6 user_id=5
2026-09-07 11:07:50 | INFO | app | HTTP GET /static/js/chat.js -> 304 2.0ms request_id=c8c3440496bb user_id=5
2026-09-07 11:07:50 | INFO | app | HTTP GET /api/files -> 200 6.6ms request_id=9309cc946003 user_id=5
2026-09-07 11:08:42 | INFO | app | HTTP GET /api/sheets/2 -> 200 13.6ms request_id=762ff663f0f3 user_id=5
2026-09-07 11:08:46 | INFO | app | HTTP GET / -> 200 17.2ms request_id=660f950b5af5 user_id=5
2026-09-07 11:08:46 | INFO | app | HTTP GET /static/css/app.css -> 304 3.0ms request_id=5c0c9733dc47 user_id=5
2026-09-07 11:08:46 | INFO | app | HTTP GET /static/css/components.css -> 304 3.5ms request_id=69648b44c66e user_id=5
2026-09-07 11:08:46 | INFO | app | HTTP GET /static/js/app.js -> 304 2.6ms request_id=0a2a38df8faa user_id=5
2026-09-07 11:08:47 | INFO | app | HTTP GET /inventory -> 200 3.9ms request_id=69c9b02f23de user_id=5
2026-09-07 11:08:48 | INFO | app | HTTP GET /static/css/app.css -> 304 1.4ms request_id=0eaf96ecd657 user_id=5
2026-09-07 11:08:48 | INFO | app | HTTP GET /static/css/components.css -> 304 2.1ms request_id=9079b5714517 user_id=5
2026-09-07 11:08:48 | INFO | app | HTTP GET /static/js/app.js -> 304 2.3ms request_id=898a8cd20f61 user_id=5
2026-09-07 11:08:48 | INFO | app | HTTP GET /static/js/inventory.js -> 304 5.2ms request_id=5d90a976efca user_id=5
2026-09-07 11:08:48 | INFO | app | HTTP GET /api/files -> 200 5.4ms request_id=cc700826143d user_id=5
2026-09-07 11:08:48 | INFO | app | HTTP GET /api/sheets/2 -> 200 17.4ms request_id=89e455967b42 user_id=5
2026-09-07 11:08:48 | INFO | app | HTTP GET /api/filters -> 200 60.1ms request_id=37c030e60404 user_id=5
2026-09-07 11:08:48 | INFO | app.routes.inventory | Inventory search | file_id= | sheet_ids=None | q_present=False | low_only=True
2026-09-07 11:08:48 | INFO | app | HTTP GET /api/search -> 200 21.5ms request_id=0bb52cf13f0c user_id=5
2026-09-07 11:08:53 | INFO | app | HTTP GET /ebay/005053138 -> 200 7.4ms request_id=b7e55d101905 user_id=5
2026-09-07 11:08:53 | INFO | app | HTTP GET /static/css/app.css -> 304 2.4ms request_id=1dfa4873da54 user_id=5
2026-09-07 11:08:53 | INFO | app | HTTP GET /static/css/components.css -> 304 4.5ms request_id=2bc720328a00 user_id=5
2026-09-07 11:08:53 | INFO | app | HTTP GET /static/js/app.js -> 304 6.3ms request_id=39ad6743386d user_id=5
2026-09-07 11:08:53 | INFO | app | HTTP GET /static/js/ebay.js -> 304 6.8ms request_id=2c24ff1f2f30 user_id=5
2026-09-07 11:08:53 | INFO | app.routes.ebay | eBay price search requested | code=005053138 | page=1 | page_size=100
2026-09-07 11:08:54 | INFO | app.services.ebay.client | eBay API search completed | code=005053138 | pool_size=8 | ebay_total=8
2026-09-07 11:08:54 | INFO | app.services.ebay.client | eBay search page sliced | code=005053138 | source=api | page=1 | page_size=100 | page_total=8 | ebay_total=8
2026-09-07 11:08:54 | INFO | app.routes.ebay | eBay price search completed | code=005053138 | source=api | page=1 | count=8 | page_total=8 | ebay_total=8
2026-09-07 11:08:54 | INFO | app | HTTP GET /api/ebay/search -> 200 756.3ms request_id=ad8a621edbd9 user_id=5
2026-09-07 11:08:57 | INFO | app | HTTP GET /api/sheets/2 -> 200 6.9ms request_id=88c3bda5796c user_id=5
2026-09-07 11:08:57 | INFO | app | HTTP GET /api/filters -> 200 12.4ms request_id=36b82ae33a10 user_id=5
2026-09-07 11:08:58 | INFO | app.routes.inventory | Inventory search | file_id= | sheet_ids=None | q_present=False | low_only=True
2026-09-07 11:08:58 | INFO | app | HTTP GET /api/search -> 200 26.1ms request_id=5c2d61e59a2b user_id=5
2026-09-07 11:09:00 | INFO | app | HTTP GET /ebay/005049493 -> 200 3.0ms request_id=22685f681bf9 user_id=5
2026-09-07 11:09:01 | INFO | app | HTTP GET /static/css/app.css -> 304 1.4ms request_id=dbffe6f63ef3 user_id=5
2026-09-07 11:09:01 | INFO | app | HTTP GET /static/css/components.css -> 304 3.6ms request_id=d84766f2d1e1 user_id=5
2026-09-07 11:09:01 | INFO | app | HTTP GET /static/js/app.js -> 304 4.2ms request_id=b14f43ae3e81 user_id=5
2026-09-07 11:09:01 | INFO | app | HTTP GET /static/js/ebay.js -> 304 2.8ms request_id=560c96870eb1 user_id=5
2026-09-07 11:09:01 | INFO | app.routes.ebay | eBay price search requested | code=005049493 | page=1 | page_size=100
2026-09-07 11:09:02 | INFO | app.services.ebay.client | eBay API search completed | code=005049493 | pool_size=9 | ebay_total=9
2026-09-07 11:09:02 | INFO | app.services.ebay.client | eBay search page sliced | code=005049493 | source=api | page=1 | page_size=100 | page_total=9 | ebay_total=9
2026-09-07 11:09:02 | INFO | app.routes.ebay | eBay price search completed | code=005049493 | source=api | page=1 | count=9 | page_total=9 | ebay_total=9
2026-09-07 11:09:02 | INFO | app | HTTP GET /api/ebay/search -> 200 568.5ms request_id=8bddc5ffaa8c user_id=5
2026-09-08 09:58:12 | INFO | app | StockFlow logging initialized | level=INFO | dir=logs
2026-09-08 09:59:02 | INFO | app | StockFlow logging initialized | level=INFO | dir=logs
2026-09-08 09:59:04 | INFO | app | Flask application initialized
2026-09-08 09:59:09 | INFO | app | HTTP GET / -> 302 1.5ms request_id=d7c7608fe7b2 user_id=-
2026-09-08 09:59:09 | INFO | app | HTTP GET /login -> 200 179.3ms request_id=a0ba8476fa10 user_id=-
2026-09-08 09:59:09 | INFO | app | HTTP GET /static/css/app.css -> 200 20.3ms request_id=31f0ee8b95f7 user_id=-
2026-09-08 09:59:10 | INFO | app | HTTP GET /favicon.ico -> 404 0.4ms request_id=df76b80fc15d user_id=-
2026-09-08 09:59:16 | INFO | app.routes.auth | Login attempt | username=y1234
2026-09-08 09:59:16 | INFO | app.routes.auth | Login success | user_id=5 | username=y1234
2026-09-08 09:59:16 | INFO | app | HTTP POST /login -> 302 254.2ms request_id=574dfc8c5517 user_id=5
2026-09-08 09:59:16 | INFO | app | HTTP GET / -> 200 116.6ms request_id=ca61c8f3582c user_id=5
2026-09-08 09:59:17 | INFO | app | HTTP GET /static/css/app.css -> 304 5.9ms request_id=7a824239df46 user_id=5
2026-09-08 09:59:17 | INFO | app | HTTP GET /static/css/components.css -> 304 22.2ms request_id=eaec55147a63 user_id=5
2026-09-08 09:59:17 | INFO | app | HTTP GET /static/js/app.js -> 304 5.7ms request_id=665407abf65e user_id=5
2026-09-08 09:59:17 | INFO | app | HTTP GET /static/js/dashboard.js -> 200 3.7ms request_id=346bee0effa2 user_id=5
2026-09-08 09:59:20 | INFO | app | HTTP GET / -> 200 12.0ms request_id=401b5a49a15a user_id=5
2026-09-08 09:59:20 | INFO | app | HTTP GET /static/css/app.css -> 304 0.5ms request_id=0630c8256ded user_id=5
2026-09-08 09:59:20 | INFO | app | HTTP GET /static/js/dashboard.js -> 304 0.8ms request_id=3c701f18ca95 user_id=5
2026-09-08 09:59:20 | INFO | app | HTTP GET /static/css/components.css -> 304 2.6ms request_id=c91195ee8b66 user_id=5
2026-09-08 09:59:20 | INFO | app | HTTP GET /static/js/app.js -> 304 3.8ms request_id=4a8fdd258bc5 user_id=5
2026-09-08 09:59:21 | INFO | app | HTTP GET /files -> 200 40.0ms request_id=f6b639e7caca user_id=5
2026-09-08 09:59:21 | INFO | app | HTTP GET /static/css/app.css -> 304 1.7ms request_id=fe46b5614ed3 user_id=5
2026-09-08 09:59:21 | INFO | app | HTTP GET /static/css/components.css -> 304 1.0ms request_id=cd57ae250070 user_id=5
2026-09-08 09:59:21 | INFO | app | HTTP GET /static/js/app.js -> 304 1.0ms request_id=cd8dd5141dd1 user_id=5
2026-09-08 09:59:23 | INFO | app | HTTP GET /files/2 -> 200 34.9ms request_id=678c9e1769eb user_id=5
2026-09-08 09:59:23 | INFO | app | HTTP GET /static/css/app.css -> 304 1.0ms request_id=cb7d46f6626a user_id=5
2026-09-08 09:59:23 | INFO | app | HTTP GET /static/js/app.js -> 304 1.0ms request_id=fbd83a30b2d1 user_id=5
2026-09-08 09:59:23 | INFO | app | HTTP GET /static/css/components.css -> 304 3.3ms request_id=59ea70823cd2 user_id=5
2026-09-08 09:59:23 | INFO | app | HTTP GET /static/js/sheet.js -> 200 89.6ms request_id=d888e83fadc0 user_id=5
2026-09-08 09:59:24 | INFO | app | HTTP GET /api/sheets/2 -> 200 3.5ms request_id=eb2dc84a7f0b user_id=5
2026-09-08 09:59:24 | INFO | app | HTTP GET /api/filters -> 200 22.1ms request_id=7b4cc92df233 user_id=5
2026-09-08 09:59:24 | INFO | app.routes.inventory | Inventory search | file_id=2 | sheet_ids=None | q_present=False | low_only=False
2026-09-08 09:59:24 | INFO | app | HTTP GET /api/search -> 200 30.3ms request_id=6ee7ab65a3f4 user_id=5
2026-09-08 10:00:28 | INFO | app | HTTP GET /files -> 200 6.8ms request_id=8223af659c65 user_id=5
2026-09-08 10:00:28 | INFO | app | HTTP GET /static/css/app.css -> 304 0.6ms request_id=da8131db4c32 user_id=5
2026-09-08 10:00:28 | INFO | app | HTTP GET /static/css/components.css -> 304 1.4ms request_id=58a3ff0e4ad5 user_id=5
2026-09-08 10:00:28 | INFO | app | HTTP GET /static/js/app.js -> 304 2.0ms request_id=eb3d275500a7 user_id=5
2026-09-08 10:00:29 | INFO | app | HTTP GET /files/2 -> 200 5.4ms request_id=08c26a291097 user_id=5
2026-09-08 10:00:29 | INFO | app | HTTP GET /static/css/app.css -> 304 1.8ms request_id=38558069604c user_id=5
2026-09-08 10:00:29 | INFO | app | HTTP GET /static/css/components.css -> 304 3.1ms request_id=28ecf178f327 user_id=5
2026-09-08 10:00:29 | INFO | app | HTTP GET /static/js/sheet.js -> 304 2.3ms request_id=d482633fcd82 user_id=5
2026-09-08 10:00:29 | INFO | app | HTTP GET /static/js/app.js -> 304 5.9ms request_id=3b42b453e61b user_id=5
2026-09-08 10:00:29 | INFO | app | HTTP GET /api/sheets/2 -> 200 7.3ms request_id=303c84e56579 user_id=5
2026-09-08 10:00:30 | INFO | app | HTTP GET /api/filters -> 200 9.3ms request_id=cf44183df29e user_id=5
2026-09-08 10:00:30 | INFO | app.routes.inventory | Inventory search | file_id=2 | sheet_ids=None | q_present=False | low_only=False
2026-09-08 10:00:30 | INFO | app | HTTP GET /api/search -> 200 28.5ms request_id=996905b0a13f user_id=5
2026-09-08 10:00:43 | INFO | app.routes.auth | Logout | user_id=5
2026-09-08 10:00:43 | INFO | app | HTTP GET /logout -> 302 3.5ms request_id=18e60471c262 user_id=-
2026-09-08 10:00:44 | INFO | app | HTTP GET /login -> 200 0.6ms request_id=c545da91f34b user_id=-
2026-09-08 10:00:44 | INFO | app | HTTP GET /static/css/app.css -> 304 1.7ms request_id=e6187b8d9ba9 user_id=-
2026-09-08 10:00:46 | INFO | app | HTTP GET /register -> 200 0.3ms request_id=14f3a6e2dd0c user_id=-
2026-09-08 10:00:46 | INFO | app | HTTP GET /static/css/app.css -> 304 2.1ms request_id=ce53d8a86054 user_id=-
2026-09-08 10:00:58 | INFO | app.routes.auth | User registered | user_id=6 | username=adminkappa | role=admin
2026-09-08 10:00:58 | INFO | app.routes.auth | Login success | user_id=6 | username=adminkappa
2026-09-08 10:00:58 | INFO | app | HTTP POST /register -> 302 223.8ms request_id=5ed2b8662809 user_id=6
2026-09-08 10:00:58 | INFO | app | HTTP GET / -> 200 6.6ms request_id=fc78c480fb4d user_id=6
2026-09-08 10:00:58 | INFO | app | HTTP GET /static/css/app.css -> 304 0.7ms request_id=d7b273af0efe user_id=6
2026-09-08 10:00:58 | INFO | app | HTTP GET /static/css/components.css -> 304 8.9ms request_id=8625b0d4829e user_id=6
2026-09-08 10:00:58 | INFO | app | HTTP GET /static/js/app.js -> 304 4.5ms request_id=89c57e2cef55 user_id=6
2026-09-08 10:00:58 | INFO | app | HTTP GET /static/js/dashboard.js -> 304 5.5ms request_id=dcba3b1e4ad7 user_id=6
2026-09-08 10:01:03 | INFO | app | HTTP GET /upload -> 200 41.0ms request_id=34d94d7ae994 user_id=6
2026-09-08 10:01:03 | INFO | app | HTTP GET /static/css/app.css -> 304 0.5ms request_id=5e83ffe2c504 user_id=6
2026-09-08 10:01:04 | INFO | app | HTTP GET /static/css/components.css -> 304 2.8ms request_id=ddb8851bf1b2 user_id=6
2026-09-08 10:01:04 | INFO | app | HTTP GET /static/js/app.js -> 304 0.5ms request_id=343bde28cea2 user_id=6
2026-09-08 10:01:04 | INFO | app | HTTP GET /chat -> 200 14.7ms request_id=de10935c0d16 user_id=6
2026-09-08 10:01:04 | INFO | app | HTTP GET /static/css/app.css -> 304 1.5ms request_id=a6ba00c44807 user_id=6
2026-09-08 10:01:04 | INFO | app | HTTP GET /static/css/components.css -> 304 3.1ms request_id=fa42b6b93c8e user_id=6
2026-09-08 10:01:04 | INFO | app | HTTP GET /static/js/app.js -> 304 1.5ms request_id=c2cf811b45af user_id=6
2026-09-08 10:01:04 | INFO | app | HTTP GET /static/js/chat.js -> 304 2.4ms request_id=6d6e5bce11b8 user_id=6
2026-09-08 10:01:05 | INFO | app | HTTP GET /api/files -> 200 11.8ms request_id=76097fc64f18 user_id=6
2026-09-08 10:01:05 | INFO | app | HTTP GET /files -> 200 18.2ms request_id=efa4e1145f86 user_id=6
2026-09-08 10:01:05 | INFO | app | HTTP GET /static/css/app.css -> 304 1.2ms request_id=4fafb2fb3e23 user_id=6
2026-09-08 10:01:05 | INFO | app | HTTP GET /static/css/components.css -> 304 5.9ms request_id=3b7e1ea8a45f user_id=6
2026-09-08 10:01:05 | INFO | app | HTTP GET /static/js/app.js -> 304 6.4ms request_id=a772b2b6f3ca user_id=6
2026-09-08 10:01:06 | INFO | app | HTTP GET / -> 200 11.7ms request_id=537dbf7a234d user_id=6
2026-09-08 10:01:07 | INFO | app | HTTP GET /static/css/app.css -> 304 0.6ms request_id=866f4908e4db user_id=6
2026-09-08 10:01:07 | INFO | app | HTTP GET /static/css/components.css -> 304 4.5ms request_id=6d238385c3fa user_id=6
2026-09-08 10:01:07 | INFO | app | HTTP GET /static/js/app.js -> 304 2.4ms request_id=e8aaed2e98a2 user_id=6
2026-09-08 10:01:07 | INFO | app | HTTP GET /static/js/dashboard.js -> 304 2.7ms request_id=1d506ea99f67 user_id=6
2026-09-08 10:01:09 | INFO | app.routes.inventory | Inventory search | file_id=None | sheet_ids=None | q_present=False | low_only=True
2026-09-08 10:01:09 | INFO | app | HTTP GET /api/search -> 200 35.9ms request_id=14bcba4a507e user_id=6
2026-09-08 10:01:12 | INFO | app | HTTP GET /ebay/0XF27R
(ST4000NM0035) -> 200 34.0ms request_id=3fd156ab6c38 user_id=6
2026-09-08 10:01:12 | INFO | app | HTTP GET /static/css/app.css -> 304 0.5ms request_id=bd8ddc0471ed user_id=6
2026-09-08 10:01:12 | INFO | app | HTTP GET /static/css/components.css -> 304 1.8ms request_id=06bbfeceab0d user_id=6
2026-09-08 10:01:12 | INFO | app | HTTP GET /static/js/app.js -> 304 2.0ms request_id=9fa2dcdb0f6e user_id=6
2026-09-08 10:01:12 | INFO | app | HTTP GET /static/js/ebay.js -> 304 36.1ms request_id=69bc495d434b user_id=6
2026-09-08 10:01:13 | INFO | app.routes.ebay | eBay price search requested | code=0XF27R(ST4000NM0035) | page=1 | page_size=100
2026-09-08 10:01:13 | INFO | app.services.ebay.client | eBay OAuth token issued | env=production | expires_in=7200
2026-09-08 10:01:13 | INFO | app.services.ebay.client | eBay API search completed | code=0XF27R(ST4000NM0035) | pool_size=0 | ebay_total=0
2026-09-08 10:01:13 | INFO | app.services.ebay.client | eBay search page sliced | code=0XF27R(ST4000NM0035) | source=api | page=1 | page_size=100 | page_total=0 | ebay_total=0
2026-09-08 10:01:13 | INFO | app.routes.ebay | eBay price search completed | code=0XF27R(ST4000NM0035) | source=api | page=1 | count=0 | page_total=0 | ebay_total=0
2026-09-08 10:01:13 | INFO | app | HTTP GET /api/ebay/search -> 200 834.1ms request_id=d87b25408a3e user_id=6
2026-09-08 10:01:16 | INFO | app | HTTP GET /ebay/641552-001 -> 200 3.7ms request_id=322bcf330b5c user_id=6
2026-09-08 10:01:16 | INFO | app | HTTP GET /static/css/app.css -> 304 2.1ms request_id=15de095a6615 user_id=6
2026-09-08 10:01:16 | INFO | app | HTTP GET /static/css/components.css -> 304 5.1ms request_id=826823bcaee6 user_id=6
2026-09-08 10:01:16 | INFO | app | HTTP GET /static/js/app.js -> 304 3.8ms request_id=110249c7176a user_id=6
2026-09-08 10:01:16 | INFO | app | HTTP GET /static/js/ebay.js -> 304 3.3ms request_id=794fdd3c0abb user_id=6
2026-09-08 10:01:16 | INFO | app.routes.ebay | eBay price search requested | code=641552-001 | page=1 | page_size=100
2026-09-08 10:01:17 | INFO | app.services.ebay.client | eBay API search completed | code=641552-001 | pool_size=94 | ebay_total=94
2026-09-08 10:01:17 | INFO | app.services.ebay.client | eBay search page sliced | code=641552-001 | source=api | page=1 | page_size=100 | page_total=94 | ebay_total=94
2026-09-08 10:01:17 | INFO | app.routes.ebay | eBay price search completed | code=641552-001 | source=api | page=1 | count=94 | page_total=94 | ebay_total=94
2026-09-08 10:01:17 | INFO | app | HTTP GET /api/ebay/search -> 200 1000.8ms request_id=39084c1308c6 user_id=6
2026-09-08 10:01:56 | INFO | app | HTTP GET /files/2 -> 200 7.4ms request_id=eb36e81b85c0 user_id=6
2026-09-08 10:01:56 | INFO | app | HTTP GET /static/css/app.css -> 304 1.5ms request_id=b20a37710947 user_id=6
2026-09-08 10:01:56 | INFO | app | HTTP GET /static/js/sheet.js -> 304 1.4ms request_id=12171ea1e62f user_id=6
2026-09-08 10:01:56 | INFO | app | HTTP GET /static/css/components.css -> 304 6.6ms request_id=9b64d00bf270 user_id=6
2026-09-08 10:01:56 | INFO | app | HTTP GET /static/js/app.js -> 304 6.8ms request_id=6bf981caa7f8 user_id=6
2026-09-08 10:01:56 | INFO | app | HTTP GET /api/sheets/2 -> 200 11.2ms request_id=e14e7bc917fa user_id=6
2026-09-08 10:01:57 | INFO | app | HTTP GET /api/filters -> 200 18.2ms request_id=05058352eb9f user_id=6
2026-09-08 10:01:57 | INFO | app.routes.inventory | Inventory search | file_id=2 | sheet_ids=None | q_present=False | low_only=False
2026-09-08 10:01:57 | INFO | app | HTTP GET /api/search -> 200 29.3ms request_id=de5030de1763 user_id=6
2026-09-08 10:20:25 | INFO | app | HTTP GET /chat -> 200 31.0ms request_id=a83029b9f713 user_id=6
2026-09-08 10:20:25 | INFO | app | HTTP GET /static/css/app.css -> 304 11.4ms request_id=430c00471651 user_id=6
2026-09-08 10:20:26 | INFO | app | HTTP GET /static/css/components.css -> 304 7.9ms request_id=7e52bd8046f2 user_id=6
2026-09-08 10:20:26 | INFO | app | HTTP GET /static/js/app.js -> 304 11.9ms request_id=c0c781cb9ab6 user_id=6
2026-09-08 10:20:26 | INFO | app | HTTP GET /static/js/chat.js -> 304 32.5ms request_id=54fa565a9857 user_id=6
2026-09-08 10:20:26 | INFO | app | HTTP GET /api/files -> 200 10.4ms request_id=a78d75c27c28 user_id=6
2026-09-08 10:20:27 | INFO | app | HTTP GET /files -> 200 11.0ms request_id=3d27da7d4e21 user_id=6
2026-09-08 10:20:27 | INFO | app | HTTP GET /static/css/app.css -> 304 1.6ms request_id=65ad8b41360a user_id=6
2026-09-08 10:20:27 | INFO | app | HTTP GET /static/css/components.css -> 304 2.1ms request_id=1af3118afb5e user_id=6
2026-09-08 10:20:27 | INFO | app | HTTP GET /static/js/app.js -> 304 2.6ms request_id=84836b861c8b user_id=6
2026-09-08 10:20:29 | INFO | app | HTTP GET / -> 200 17.6ms request_id=2987ad172681 user_id=6
2026-09-08 10:20:29 | INFO | app | HTTP GET /static/css/app.css -> 304 0.9ms request_id=8d84faa5ef6e user_id=6
2026-09-08 10:20:29 | INFO | app | HTTP GET /static/css/components.css -> 304 3.2ms request_id=c8b0059880ae user_id=6
2026-09-08 10:20:29 | INFO | app | HTTP GET /static/js/app.js -> 304 4.4ms request_id=4cf649f9e584 user_id=6
2026-09-08 10:20:29 | INFO | app | HTTP GET /static/js/dashboard.js -> 304 39.7ms request_id=fb0f357222ca user_id=6
2026-09-08 10:24:13 | INFO | app | StockFlow logging initialized | level=INFO | dir=logs
2026-09-08 10:24:15 | INFO | app | Flask application initialized
2026-09-08 10:24:18 | ERROR | app | Unhandled exception | request_id=0501bf00a64a | method=GET | path=/logout
Traceback (most recent call last):
  File "C:\Users\leegg\Documents\StockFlow_final_logging\.venv\Lib\site-packages\sqlalchemy\engine\base.py", line 1969, in _exec_single_context
    self.dialect.do_execute(
  File "C:\Users\leegg\Documents\StockFlow_final_logging\.venv\Lib\site-packages\sqlalchemy\engine\default.py", line 952, in do_execute
    cursor.execute(statement, parameters)
  File "C:\Users\leegg\Documents\StockFlow_final_logging\.venv\Lib\site-packages\pymysql\cursors.py", line 153, in execute
    result = self._query(query)
             ^^^^^^^^^^^^^^^^^^
  File "C:\Users\leegg\Documents\StockFlow_final_logging\.venv\Lib\site-packages\pymysql\cursors.py", line 322, in _query
    conn.query(q)
  File "C:\Users\leegg\Documents\StockFlow_final_logging\.venv\Lib\site-packages\pymysql\connections.py", line 575, in query
    self._affected_rows = self._read_query_result(unbuffered=unbuffered)
                          ^^^^^^^^^^^^^^^^^^^^^^^^^^^^^^^^^^^^^^^^^^^^^^
  File "C:\Users\leegg\Documents\StockFlow_final_logging\.venv\Lib\site-packages\pymysql\connections.py", line 826, in _read_query_result
    result.read()
  File "C:\Users\leegg\Documents\StockFlow_final_logging\.venv\Lib\site-packages\pymysql\connections.py", line 1203, in read
    first_packet = self.connection._read_packet()
                   ^^^^^^^^^^^^^^^^^^^^^^^^^^^^^^
  File "C:\Users\leegg\Documents\StockFlow_final_logging\.venv\Lib\site-packages\pymysql\connections.py", line 782, in _read_packet
    packet.raise_for_error()
  File "C:\Users\leegg\Documents\StockFlow_final_logging\.venv\Lib\site-packages\pymysql\protocol.py", line 219, in raise_for_error
    err.raise_mysql_exception(self._data)
  File "C:\Users\leegg\Documents\StockFlow_final_logging\.venv\Lib\site-packages\pymysql\err.py", line 150, in raise_mysql_exception
    raise errorclass(errno, errval)
pymysql.err.OperationalError: (1054, "Unknown column 'user.name' in 'field list'")

The above exception was the direct cause of the following exception:

Traceback (most recent call last):
  File "C:\Users\leegg\Documents\StockFlow_final_logging\.venv\Lib\site-packages\flask\app.py", line 917, in full_dispatch_request
    rv = self.dispatch_request()
         ^^^^^^^^^^^^^^^^^^^^^^^
  File "C:\Users\leegg\Documents\StockFlow_final_logging\.venv\Lib\site-packages\flask\app.py", line 902, in dispatch_request
    return self.ensure_sync(self.view_functions[rule.endpoint])(**view_args)  # type: ignore[no-any-return]
           ^^^^^^^^^^^^^^^^^^^^^^^^^^^^^^^^^^^^^^^^^^^^^^^^^^^^^^^^^^^^^^^^^
  File "C:\Users\leegg\Documents\StockFlow_final_logging\.venv\Lib\site-packages\flask_login\utils.py", line 284, in decorated_view
    elif not current_user.is_authenticated:
             ^^^^^^^^^^^^^^^^^^^^^^^^^^^^^
  File "C:\Users\leegg\Documents\StockFlow_final_logging\.venv\Lib\site-packages\werkzeug\local.py", line 318, in __get__
    obj = instance._get_current_object()
          ^^^^^^^^^^^^^^^^^^^^^^^^^^^^^^
  File "C:\Users\leegg\Documents\StockFlow_final_logging\.venv\Lib\site-packages\werkzeug\local.py", line 526, in _get_current_object
    return get_name(local())
                    ^^^^^^^
  File "C:\Users\leegg\Documents\StockFlow_final_logging\.venv\Lib\site-packages\flask_login\utils.py", line 25, in <lambda>
    current_user = LocalProxy(lambda: _get_user())
                                      ^^^^^^^^^^^
  File "C:\Users\leegg\Documents\StockFlow_final_logging\.venv\Lib\site-packages\flask_login\utils.py", line 370, in _get_user
    current_app.login_manager._load_user()
  File "C:\Users\leegg\Documents\StockFlow_final_logging\.venv\Lib\site-packages\flask_login\login_manager.py", line 364, in _load_user
    user = self._user_callback(user_id)
           ^^^^^^^^^^^^^^^^^^^^^^^^^^^^
  File "C:\Users\leegg\Documents\StockFlow_final_logging\app\__init__.py", line 86, in load_user
    return db.session.get(User, int(user_id))
           ^^^^^^^^^^^^^^^^^^^^^^^^^^^^^^^^^^
  File "C:\Users\leegg\Documents\StockFlow_final_logging\.venv\Lib\site-packages\sqlalchemy\orm\scoping.py", line 1043, in get
    return self._proxied.get(
           ^^^^^^^^^^^^^^^^^^
  File "C:\Users\leegg\Documents\StockFlow_final_logging\.venv\Lib\site-packages\sqlalchemy\orm\session.py", line 3702, in get
    return self._get_impl(
           ^^^^^^^^^^^^^^^
  File "C:\Users\leegg\Documents\StockFlow_final_logging\.venv\Lib\site-packages\sqlalchemy\orm\session.py", line 3881, in _get_impl
    return db_load_fn(
           ^^^^^^^^^^^
  File "C:\Users\leegg\Documents\StockFlow_final_logging\.venv\Lib\site-packages\sqlalchemy\orm\loading.py", line 695, in load_on_pk_identity
    session.execute(
  File "C:\Users\leegg\Documents\StockFlow_final_logging\.venv\Lib\site-packages\sqlalchemy\orm\session.py", line 2373, in execute
    return self._execute_internal(
           ^^^^^^^^^^^^^^^^^^^^^^^
  File "C:\Users\leegg\Documents\StockFlow_final_logging\.venv\Lib\site-packages\sqlalchemy\orm\session.py", line 2271, in _execute_internal
    result: Result[Any] = compile_state_cls.orm_execute_statement(
                          ^^^^^^^^^^^^^^^^^^^^^^^^^^^^^^^^^^^^^^^^
  File "C:\Users\leegg\Documents\StockFlow_final_logging\.venv\Lib\site-packages\sqlalchemy\orm\context.py", line 306, in orm_execute_statement
    result = conn.execute(
             ^^^^^^^^^^^^^
  File "C:\Users\leegg\Documents\StockFlow_final_logging\.venv\Lib\site-packages\sqlalchemy\engine\base.py", line 1421, in execute
    return meth(
           ^^^^^
  File "C:\Users\leegg\Documents\StockFlow_final_logging\.venv\Lib\site-packages\sqlalchemy\sql\elements.py", line 526, in _execute_on_connection
    return connection._execute_clauseelement(
           ^^^^^^^^^^^^^^^^^^^^^^^^^^^^^^^^^^
  File "C:\Users\leegg\Documents\StockFlow_final_logging\.venv\Lib\site-packages\sqlalchemy\engine\base.py", line 1643, in _execute_clauseelement
    ret = self._execute_context(
          ^^^^^^^^^^^^^^^^^^^^^^
  File "C:\Users\leegg\Documents\StockFlow_final_logging\.venv\Lib\site-packages\sqlalchemy\engine\base.py", line 1848, in _execute_context
    return self._exec_single_context(
           ^^^^^^^^^^^^^^^^^^^^^^^^^^
  File "C:\Users\leegg\Documents\StockFlow_final_logging\.venv\Lib\site-packages\sqlalchemy\engine\base.py", line 1988, in _exec_single_context
    self._handle_dbapi_exception(
  File "C:\Users\leegg\Documents\StockFlow_final_logging\.venv\Lib\site-packages\sqlalchemy\engine\base.py", line 2365, in _handle_dbapi_exception
    raise sqlalchemy_exception.with_traceback(exc_info[2]) from e
  File "C:\Users\leegg\Documents\StockFlow_final_logging\.venv\Lib\site-packages\sqlalchemy\engine\base.py", line 1969, in _exec_single_context
    self.dialect.do_execute(
  File "C:\Users\leegg\Documents\StockFlow_final_logging\.venv\Lib\site-packages\sqlalchemy\engine\default.py", line 952, in do_execute
    cursor.execute(statement, parameters)
  File "C:\Users\leegg\Documents\StockFlow_final_logging\.venv\Lib\site-packages\pymysql\cursors.py", line 153, in execute
    result = self._query(query)
             ^^^^^^^^^^^^^^^^^^
  File "C:\Users\leegg\Documents\StockFlow_final_logging\.venv\Lib\site-packages\pymysql\cursors.py", line 322, in _query
    conn.query(q)
  File "C:\Users\leegg\Documents\StockFlow_final_logging\.venv\Lib\site-packages\pymysql\connections.py", line 575, in query
    self._affected_rows = self._read_query_result(unbuffered=unbuffered)
                          ^^^^^^^^^^^^^^^^^^^^^^^^^^^^^^^^^^^^^^^^^^^^^^
  File "C:\Users\leegg\Documents\StockFlow_final_logging\.venv\Lib\site-packages\pymysql\connections.py", line 826, in _read_query_result
    result.read()
  File "C:\Users\leegg\Documents\StockFlow_final_logging\.venv\Lib\site-packages\pymysql\connections.py", line 1203, in read
    first_packet = self.connection._read_packet()
                   ^^^^^^^^^^^^^^^^^^^^^^^^^^^^^^
  File "C:\Users\leegg\Documents\StockFlow_final_logging\.venv\Lib\site-packages\pymysql\connections.py", line 782, in _read_packet
    packet.raise_for_error()
  File "C:\Users\leegg\Documents\StockFlow_final_logging\.venv\Lib\site-packages\pymysql\protocol.py", line 219, in raise_for_error
    err.raise_mysql_exception(self._data)
  File "C:\Users\leegg\Documents\StockFlow_final_logging\.venv\Lib\site-packages\pymysql\err.py", line 150, in raise_mysql_exception
    raise errorclass(errno, errval)
sqlalchemy.exc.OperationalError: (pymysql.err.OperationalError) (1054, "Unknown column 'user.name' in 'field list'")
[SQL: SELECT user.id AS user_id, user.username AS user_username, user.password_hash AS user_password_hash, user.`role` AS user_role, user.name AS user_name, user.position AS user_position, user.created_at AS user_created_at 
FROM user 
WHERE user.id = %(pk_1)s]
[parameters: {'pk_1': 6}]
(Background on this error at: https://sqlalche.me/e/20/e3q8)
2026-09-08 10:24:19 | ERROR | app | Exception on /logout [GET]
Traceback (most recent call last):
  File "C:\Users\leegg\Documents\StockFlow_final_logging\.venv\Lib\site-packages\sqlalchemy\engine\base.py", line 1969, in _exec_single_context
    self.dialect.do_execute(
  File "C:\Users\leegg\Documents\StockFlow_final_logging\.venv\Lib\site-packages\sqlalchemy\engine\default.py", line 952, in do_execute
    cursor.execute(statement, parameters)
  File "C:\Users\leegg\Documents\StockFlow_final_logging\.venv\Lib\site-packages\pymysql\cursors.py", line 153, in execute
    result = self._query(query)
             ^^^^^^^^^^^^^^^^^^
  File "C:\Users\leegg\Documents\StockFlow_final_logging\.venv\Lib\site-packages\pymysql\cursors.py", line 322, in _query
    conn.query(q)
  File "C:\Users\leegg\Documents\StockFlow_final_logging\.venv\Lib\site-packages\pymysql\connections.py", line 575, in query
    self._affected_rows = self._read_query_result(unbuffered=unbuffered)
                          ^^^^^^^^^^^^^^^^^^^^^^^^^^^^^^^^^^^^^^^^^^^^^^
  File "C:\Users\leegg\Documents\StockFlow_final_logging\.venv\Lib\site-packages\pymysql\connections.py", line 826, in _read_query_result
    result.read()
  File "C:\Users\leegg\Documents\StockFlow_final_logging\.venv\Lib\site-packages\pymysql\connections.py", line 1203, in read
    first_packet = self.connection._read_packet()
                   ^^^^^^^^^^^^^^^^^^^^^^^^^^^^^^
  File "C:\Users\leegg\Documents\StockFlow_final_logging\.venv\Lib\site-packages\pymysql\connections.py", line 782, in _read_packet
    packet.raise_for_error()
  File "C:\Users\leegg\Documents\StockFlow_final_logging\.venv\Lib\site-packages\pymysql\protocol.py", line 219, in raise_for_error
    err.raise_mysql_exception(self._data)
  File "C:\Users\leegg\Documents\StockFlow_final_logging\.venv\Lib\site-packages\pymysql\err.py", line 150, in raise_mysql_exception
    raise errorclass(errno, errval)
pymysql.err.OperationalError: (1054, "Unknown column 'user.name' in 'field list'")

The above exception was the direct cause of the following exception:

Traceback (most recent call last):
  File "C:\Users\leegg\Documents\StockFlow_final_logging\.venv\Lib\site-packages\flask\app.py", line 1511, in wsgi_app
    response = self.full_dispatch_request()
               ^^^^^^^^^^^^^^^^^^^^^^^^^^^^
  File "C:\Users\leegg\Documents\StockFlow_final_logging\.venv\Lib\site-packages\flask\app.py", line 920, in full_dispatch_request
    return self.finalize_request(rv)
           ^^^^^^^^^^^^^^^^^^^^^^^^^
  File "C:\Users\leegg\Documents\StockFlow_final_logging\.venv\Lib\site-packages\flask\app.py", line 941, in finalize_request
    response = self.process_response(response)
               ^^^^^^^^^^^^^^^^^^^^^^^^^^^^^^^
  File "C:\Users\leegg\Documents\StockFlow_final_logging\.venv\Lib\site-packages\flask\app.py", line 1319, in process_response
    response = self.ensure_sync(func)(response)
               ^^^^^^^^^^^^^^^^^^^^^^^^^^^^^^^^
  File "C:\Users\leegg\Documents\StockFlow_final_logging\app\__init__.py", line 42, in _request_end
    getattr(current_user, "id", None) if current_user.is_authenticated else None
                                         ^^^^^^^^^^^^^^^^^^^^^^^^^^^^^
  File "C:\Users\leegg\Documents\StockFlow_final_logging\.venv\Lib\site-packages\werkzeug\local.py", line 318, in __get__
    obj = instance._get_current_object()
          ^^^^^^^^^^^^^^^^^^^^^^^^^^^^^^
  File "C:\Users\leegg\Documents\StockFlow_final_logging\.venv\Lib\site-packages\werkzeug\local.py", line 526, in _get_current_object
    return get_name(local())
                    ^^^^^^^
  File "C:\Users\leegg\Documents\StockFlow_final_logging\.venv\Lib\site-packages\flask_login\utils.py", line 25, in <lambda>
    current_user = LocalProxy(lambda: _get_user())
                                      ^^^^^^^^^^^
  File "C:\Users\leegg\Documents\StockFlow_final_logging\.venv\Lib\site-packages\flask_login\utils.py", line 370, in _get_user
    current_app.login_manager._load_user()
  File "C:\Users\leegg\Documents\StockFlow_final_logging\.venv\Lib\site-packages\flask_login\login_manager.py", line 364, in _load_user
    user = self._user_callback(user_id)
           ^^^^^^^^^^^^^^^^^^^^^^^^^^^^
  File "C:\Users\leegg\Documents\StockFlow_final_logging\app\__init__.py", line 86, in load_user
    return db.session.get(User, int(user_id))
           ^^^^^^^^^^^^^^^^^^^^^^^^^^^^^^^^^^
  File "C:\Users\leegg\Documents\StockFlow_final_logging\.venv\Lib\site-packages\sqlalchemy\orm\scoping.py", line 1043, in get
    return self._proxied.get(
           ^^^^^^^^^^^^^^^^^^
  File "C:\Users\leegg\Documents\StockFlow_final_logging\.venv\Lib\site-packages\sqlalchemy\orm\session.py", line 3702, in get
    return self._get_impl(
           ^^^^^^^^^^^^^^^
  File "C:\Users\leegg\Documents\StockFlow_final_logging\.venv\Lib\site-packages\sqlalchemy\orm\session.py", line 3881, in _get_impl
    return db_load_fn(
           ^^^^^^^^^^^
  File "C:\Users\leegg\Documents\StockFlow_final_logging\.venv\Lib\site-packages\sqlalchemy\orm\loading.py", line 695, in load_on_pk_identity
    session.execute(
  File "C:\Users\leegg\Documents\StockFlow_final_logging\.venv\Lib\site-packages\sqlalchemy\orm\session.py", line 2373, in execute
    return self._execute_internal(
           ^^^^^^^^^^^^^^^^^^^^^^^
  File "C:\Users\leegg\Documents\StockFlow_final_logging\.venv\Lib\site-packages\sqlalchemy\orm\session.py", line 2271, in _execute_internal
    result: Result[Any] = compile_state_cls.orm_execute_statement(
                          ^^^^^^^^^^^^^^^^^^^^^^^^^^^^^^^^^^^^^^^^
  File "C:\Users\leegg\Documents\StockFlow_final_logging\.venv\Lib\site-packages\sqlalchemy\orm\context.py", line 306, in orm_execute_statement
    result = conn.execute(
             ^^^^^^^^^^^^^
  File "C:\Users\leegg\Documents\StockFlow_final_logging\.venv\Lib\site-packages\sqlalchemy\engine\base.py", line 1421, in execute
    return meth(
           ^^^^^
  File "C:\Users\leegg\Documents\StockFlow_final_logging\.venv\Lib\site-packages\sqlalchemy\sql\elements.py", line 526, in _execute_on_connection
    return connection._execute_clauseelement(
           ^^^^^^^^^^^^^^^^^^^^^^^^^^^^^^^^^^
  File "C:\Users\leegg\Documents\StockFlow_final_logging\.venv\Lib\site-packages\sqlalchemy\engine\base.py", line 1643, in _execute_clauseelement
    ret = self._execute_context(
          ^^^^^^^^^^^^^^^^^^^^^^
  File "C:\Users\leegg\Documents\StockFlow_final_logging\.venv\Lib\site-packages\sqlalchemy\engine\base.py", line 1848, in _execute_context
    return self._exec_single_context(
           ^^^^^^^^^^^^^^^^^^^^^^^^^^
  File "C:\Users\leegg\Documents\StockFlow_final_logging\.venv\Lib\site-packages\sqlalchemy\engine\base.py", line 1988, in _exec_single_context
    self._handle_dbapi_exception(
  File "C:\Users\leegg\Documents\StockFlow_final_logging\.venv\Lib\site-packages\sqlalchemy\engine\base.py", line 2365, in _handle_dbapi_exception
    raise sqlalchemy_exception.with_traceback(exc_info[2]) from e
  File "C:\Users\leegg\Documents\StockFlow_final_logging\.venv\Lib\site-packages\sqlalchemy\engine\base.py", line 1969, in _exec_single_context
    self.dialect.do_execute(
  File "C:\Users\leegg\Documents\StockFlow_final_logging\.venv\Lib\site-packages\sqlalchemy\engine\default.py", line 952, in do_execute
    cursor.execute(statement, parameters)
  File "C:\Users\leegg\Documents\StockFlow_final_logging\.venv\Lib\site-packages\pymysql\cursors.py", line 153, in execute
    result = self._query(query)
             ^^^^^^^^^^^^^^^^^^
  File "C:\Users\leegg\Documents\StockFlow_final_logging\.venv\Lib\site-packages\pymysql\cursors.py", line 322, in _query
    conn.query(q)
  File "C:\Users\leegg\Documents\StockFlow_final_logging\.venv\Lib\site-packages\pymysql\connections.py", line 575, in query
    self._affected_rows = self._read_query_result(unbuffered=unbuffered)
                          ^^^^^^^^^^^^^^^^^^^^^^^^^^^^^^^^^^^^^^^^^^^^^^
  File "C:\Users\leegg\Documents\StockFlow_final_logging\.venv\Lib\site-packages\pymysql\connections.py", line 826, in _read_query_result
    result.read()
  File "C:\Users\leegg\Documents\StockFlow_final_logging\.venv\Lib\site-packages\pymysql\connections.py", line 1203, in read
    first_packet = self.connection._read_packet()
                   ^^^^^^^^^^^^^^^^^^^^^^^^^^^^^^
  File "C:\Users\leegg\Documents\StockFlow_final_logging\.venv\Lib\site-packages\pymysql\connections.py", line 782, in _read_packet
    packet.raise_for_error()
  File "C:\Users\leegg\Documents\StockFlow_final_logging\.venv\Lib\site-packages\pymysql\protocol.py", line 219, in raise_for_error
    err.raise_mysql_exception(self._data)
  File "C:\Users\leegg\Documents\StockFlow_final_logging\.venv\Lib\site-packages\pymysql\err.py", line 150, in raise_mysql_exception
    raise errorclass(errno, errval)
sqlalchemy.exc.OperationalError: (pymysql.err.OperationalError) (1054, "Unknown column 'user.name' in 'field list'")
[SQL: SELECT user.id AS user_id, user.username AS user_username, user.password_hash AS user_password_hash, user.`role` AS user_role, user.name AS user_name, user.position AS user_position, user.created_at AS user_created_at 
FROM user 
WHERE user.id = %(pk_1)s]
[parameters: {'pk_1': 6}]
(Background on this error at: https://sqlalche.me/e/20/e3q8)
2026-09-08 10:24:19 | ERROR | app | Request finalizing failed with an error while handling an error
Traceback (most recent call last):
  File "C:\Users\leegg\Documents\StockFlow_final_logging\.venv\Lib\site-packages\sqlalchemy\engine\base.py", line 1969, in _exec_single_context
    self.dialect.do_execute(
  File "C:\Users\leegg\Documents\StockFlow_final_logging\.venv\Lib\site-packages\sqlalchemy\engine\default.py", line 952, in do_execute
    cursor.execute(statement, parameters)
  File "C:\Users\leegg\Documents\StockFlow_final_logging\.venv\Lib\site-packages\pymysql\cursors.py", line 153, in execute
    result = self._query(query)
             ^^^^^^^^^^^^^^^^^^
  File "C:\Users\leegg\Documents\StockFlow_final_logging\.venv\Lib\site-packages\pymysql\cursors.py", line 322, in _query
    conn.query(q)
  File "C:\Users\leegg\Documents\StockFlow_final_logging\.venv\Lib\site-packages\pymysql\connections.py", line 575, in query
    self._affected_rows = self._read_query_result(unbuffered=unbuffered)
                          ^^^^^^^^^^^^^^^^^^^^^^^^^^^^^^^^^^^^^^^^^^^^^^
  File "C:\Users\leegg\Documents\StockFlow_final_logging\.venv\Lib\site-packages\pymysql\connections.py", line 826, in _read_query_result
    result.read()
  File "C:\Users\leegg\Documents\StockFlow_final_logging\.venv\Lib\site-packages\pymysql\connections.py", line 1203, in read
    first_packet = self.connection._read_packet()
                   ^^^^^^^^^^^^^^^^^^^^^^^^^^^^^^
  File "C:\Users\leegg\Documents\StockFlow_final_logging\.venv\Lib\site-packages\pymysql\connections.py", line 782, in _read_packet
    packet.raise_for_error()
  File "C:\Users\leegg\Documents\StockFlow_final_logging\.venv\Lib\site-packages\pymysql\protocol.py", line 219, in raise_for_error
    err.raise_mysql_exception(self._data)
  File "C:\Users\leegg\Documents\StockFlow_final_logging\.venv\Lib\site-packages\pymysql\err.py", line 150, in raise_mysql_exception
    raise errorclass(errno, errval)
pymysql.err.OperationalError: (1054, "Unknown column 'user.name' in 'field list'")

The above exception was the direct cause of the following exception:

Traceback (most recent call last):
  File "C:\Users\leegg\Documents\StockFlow_final_logging\.venv\Lib\site-packages\flask\app.py", line 1511, in wsgi_app
    response = self.full_dispatch_request()
               ^^^^^^^^^^^^^^^^^^^^^^^^^^^^
  File "C:\Users\leegg\Documents\StockFlow_final_logging\.venv\Lib\site-packages\flask\app.py", line 920, in full_dispatch_request
    return self.finalize_request(rv)
           ^^^^^^^^^^^^^^^^^^^^^^^^^
  File "C:\Users\leegg\Documents\StockFlow_final_logging\.venv\Lib\site-packages\flask\app.py", line 941, in finalize_request
    response = self.process_response(response)
               ^^^^^^^^^^^^^^^^^^^^^^^^^^^^^^^
  File "C:\Users\leegg\Documents\StockFlow_final_logging\.venv\Lib\site-packages\flask\app.py", line 1319, in process_response
    response = self.ensure_sync(func)(response)
               ^^^^^^^^^^^^^^^^^^^^^^^^^^^^^^^^
  File "C:\Users\leegg\Documents\StockFlow_final_logging\app\__init__.py", line 42, in _request_end
    getattr(current_user, "id", None) if current_user.is_authenticated else None
                                         ^^^^^^^^^^^^^^^^^^^^^^^^^^^^^
  File "C:\Users\leegg\Documents\StockFlow_final_logging\.venv\Lib\site-packages\werkzeug\local.py", line 318, in __get__
    obj = instance._get_current_object()
          ^^^^^^^^^^^^^^^^^^^^^^^^^^^^^^
  File "C:\Users\leegg\Documents\StockFlow_final_logging\.venv\Lib\site-packages\werkzeug\local.py", line 526, in _get_current_object
    return get_name(local())
                    ^^^^^^^
  File "C:\Users\leegg\Documents\StockFlow_final_logging\.venv\Lib\site-packages\flask_login\utils.py", line 25, in <lambda>
    current_user = LocalProxy(lambda: _get_user())
                                      ^^^^^^^^^^^
  File "C:\Users\leegg\Documents\StockFlow_final_logging\.venv\Lib\site-packages\flask_login\utils.py", line 370, in _get_user
    current_app.login_manager._load_user()
  File "C:\Users\leegg\Documents\StockFlow_final_logging\.venv\Lib\site-packages\flask_login\login_manager.py", line 364, in _load_user
    user = self._user_callback(user_id)
           ^^^^^^^^^^^^^^^^^^^^^^^^^^^^
  File "C:\Users\leegg\Documents\StockFlow_final_logging\app\__init__.py", line 86, in load_user
    return db.session.get(User, int(user_id))
           ^^^^^^^^^^^^^^^^^^^^^^^^^^^^^^^^^^
  File "C:\Users\leegg\Documents\StockFlow_final_logging\.venv\Lib\site-packages\sqlalchemy\orm\scoping.py", line 1043, in get
    return self._proxied.get(
           ^^^^^^^^^^^^^^^^^^
  File "C:\Users\leegg\Documents\StockFlow_final_logging\.venv\Lib\site-packages\sqlalchemy\orm\session.py", line 3702, in get
    return self._get_impl(
           ^^^^^^^^^^^^^^^
  File "C:\Users\leegg\Documents\StockFlow_final_logging\.venv\Lib\site-packages\sqlalchemy\orm\session.py", line 3881, in _get_impl
    return db_load_fn(
           ^^^^^^^^^^^
  File "C:\Users\leegg\Documents\StockFlow_final_logging\.venv\Lib\site-packages\sqlalchemy\orm\loading.py", line 695, in load_on_pk_identity
    session.execute(
  File "C:\Users\leegg\Documents\StockFlow_final_logging\.venv\Lib\site-packages\sqlalchemy\orm\session.py", line 2373, in execute
    return self._execute_internal(
           ^^^^^^^^^^^^^^^^^^^^^^^
  File "C:\Users\leegg\Documents\StockFlow_final_logging\.venv\Lib\site-packages\sqlalchemy\orm\session.py", line 2271, in _execute_internal
    result: Result[Any] = compile_state_cls.orm_execute_statement(
                          ^^^^^^^^^^^^^^^^^^^^^^^^^^^^^^^^^^^^^^^^
  File "C:\Users\leegg\Documents\StockFlow_final_logging\.venv\Lib\site-packages\sqlalchemy\orm\context.py", line 306, in orm_execute_statement
    result = conn.execute(
             ^^^^^^^^^^^^^
  File "C:\Users\leegg\Documents\StockFlow_final_logging\.venv\Lib\site-packages\sqlalchemy\engine\base.py", line 1421, in execute
    return meth(
           ^^^^^
  File "C:\Users\leegg\Documents\StockFlow_final_logging\.venv\Lib\site-packages\sqlalchemy\sql\elements.py", line 526, in _execute_on_connection
    return connection._execute_clauseelement(
           ^^^^^^^^^^^^^^^^^^^^^^^^^^^^^^^^^^
  File "C:\Users\leegg\Documents\StockFlow_final_logging\.venv\Lib\site-packages\sqlalchemy\engine\base.py", line 1643, in _execute_clauseelement
    ret = self._execute_context(
          ^^^^^^^^^^^^^^^^^^^^^^
  File "C:\Users\leegg\Documents\StockFlow_final_logging\.venv\Lib\site-packages\sqlalchemy\engine\base.py", line 1848, in _execute_context
    return self._exec_single_context(
           ^^^^^^^^^^^^^^^^^^^^^^^^^^
  File "C:\Users\leegg\Documents\StockFlow_final_logging\.venv\Lib\site-packages\sqlalchemy\engine\base.py", line 1988, in _exec_single_context
    self._handle_dbapi_exception(
  File "C:\Users\leegg\Documents\StockFlow_final_logging\.venv\Lib\site-packages\sqlalchemy\engine\base.py", line 2365, in _handle_dbapi_exception
    raise sqlalchemy_exception.with_traceback(exc_info[2]) from e
  File "C:\Users\leegg\Documents\StockFlow_final_logging\.venv\Lib\site-packages\sqlalchemy\engine\base.py", line 1969, in _exec_single_context
    self.dialect.do_execute(
  File "C:\Users\leegg\Documents\StockFlow_final_logging\.venv\Lib\site-packages\sqlalchemy\engine\default.py", line 952, in do_execute
    cursor.execute(statement, parameters)
  File "C:\Users\leegg\Documents\StockFlow_final_logging\.venv\Lib\site-packages\pymysql\cursors.py", line 153, in execute
    result = self._query(query)
             ^^^^^^^^^^^^^^^^^^
  File "C:\Users\leegg\Documents\StockFlow_final_logging\.venv\Lib\site-packages\pymysql\cursors.py", line 322, in _query
    conn.query(q)
  File "C:\Users\leegg\Documents\StockFlow_final_logging\.venv\Lib\site-packages\pymysql\connections.py", line 575, in query
    self._affected_rows = self._read_query_result(unbuffered=unbuffered)
                          ^^^^^^^^^^^^^^^^^^^^^^^^^^^^^^^^^^^^^^^^^^^^^^
  File "C:\Users\leegg\Documents\StockFlow_final_logging\.venv\Lib\site-packages\pymysql\connections.py", line 826, in _read_query_result
    result.read()
  File "C:\Users\leegg\Documents\StockFlow_final_logging\.venv\Lib\site-packages\pymysql\connections.py", line 1203, in read
    first_packet = self.connection._read_packet()
                   ^^^^^^^^^^^^^^^^^^^^^^^^^^^^^^
  File "C:\Users\leegg\Documents\StockFlow_final_logging\.venv\Lib\site-packages\pymysql\connections.py", line 782, in _read_packet
    packet.raise_for_error()
  File "C:\Users\leegg\Documents\StockFlow_final_logging\.venv\Lib\site-packages\pymysql\protocol.py", line 219, in raise_for_error
    err.raise_mysql_exception(self._data)
  File "C:\Users\leegg\Documents\StockFlow_final_logging\.venv\Lib\site-packages\pymysql\err.py", line 150, in raise_mysql_exception
    raise errorclass(errno, errval)
sqlalchemy.exc.OperationalError: (pymysql.err.OperationalError) (1054, "Unknown column 'user.name' in 'field list'")
[SQL: SELECT user.id AS user_id, user.username AS user_username, user.password_hash AS user_password_hash, user.`role` AS user_role, user.name AS user_name, user.position AS user_position, user.created_at AS user_created_at 
FROM user 
WHERE user.id = %(pk_1)s]
[parameters: {'pk_1': 6}]
(Background on this error at: https://sqlalche.me/e/20/e3q8)

During handling of the above exception, another exception occurred:

Traceback (most recent call last):
  File "C:\Users\leegg\Documents\StockFlow_final_logging\.venv\Lib\site-packages\sqlalchemy\engine\base.py", line 1969, in _exec_single_context
    self.dialect.do_execute(
  File "C:\Users\leegg\Documents\StockFlow_final_logging\.venv\Lib\site-packages\sqlalchemy\engine\default.py", line 952, in do_execute
    cursor.execute(statement, parameters)
  File "C:\Users\leegg\Documents\StockFlow_final_logging\.venv\Lib\site-packages\pymysql\cursors.py", line 153, in execute
    result = self._query(query)
             ^^^^^^^^^^^^^^^^^^
  File "C:\Users\leegg\Documents\StockFlow_final_logging\.venv\Lib\site-packages\pymysql\cursors.py", line 322, in _query
    conn.query(q)
  File "C:\Users\leegg\Documents\StockFlow_final_logging\.venv\Lib\site-packages\pymysql\connections.py", line 575, in query
    self._affected_rows = self._read_query_result(unbuffered=unbuffered)
                          ^^^^^^^^^^^^^^^^^^^^^^^^^^^^^^^^^^^^^^^^^^^^^^
  File "C:\Users\leegg\Documents\StockFlow_final_logging\.venv\Lib\site-packages\pymysql\connections.py", line 826, in _read_query_result
    result.read()
  File "C:\Users\leegg\Documents\StockFlow_final_logging\.venv\Lib\site-packages\pymysql\connections.py", line 1203, in read
    first_packet = self.connection._read_packet()
                   ^^^^^^^^^^^^^^^^^^^^^^^^^^^^^^
  File "C:\Users\leegg\Documents\StockFlow_final_logging\.venv\Lib\site-packages\pymysql\connections.py", line 782, in _read_packet
    packet.raise_for_error()
  File "C:\Users\leegg\Documents\StockFlow_final_logging\.venv\Lib\site-packages\pymysql\protocol.py", line 219, in raise_for_error
    err.raise_mysql_exception(self._data)
  File "C:\Users\leegg\Documents\StockFlow_final_logging\.venv\Lib\site-packages\pymysql\err.py", line 150, in raise_mysql_exception
    raise errorclass(errno, errval)
pymysql.err.OperationalError: (1054, "Unknown column 'user.name' in 'field list'")

The above exception was the direct cause of the following exception:

Traceback (most recent call last):
  File "C:\Users\leegg\Documents\StockFlow_final_logging\.venv\Lib\site-packages\flask\app.py", line 941, in finalize_request
    response = self.process_response(response)
               ^^^^^^^^^^^^^^^^^^^^^^^^^^^^^^^
  File "C:\Users\leegg\Documents\StockFlow_final_logging\.venv\Lib\site-packages\flask\app.py", line 1319, in process_response
    response = self.ensure_sync(func)(response)
               ^^^^^^^^^^^^^^^^^^^^^^^^^^^^^^^^
  File "C:\Users\leegg\Documents\StockFlow_final_logging\app\__init__.py", line 42, in _request_end
    getattr(current_user, "id", None) if current_user.is_authenticated else None
                                         ^^^^^^^^^^^^^^^^^^^^^^^^^^^^^
  File "C:\Users\leegg\Documents\StockFlow_final_logging\.venv\Lib\site-packages\werkzeug\local.py", line 318, in __get__
    obj = instance._get_current_object()
          ^^^^^^^^^^^^^^^^^^^^^^^^^^^^^^
  File "C:\Users\leegg\Documents\StockFlow_final_logging\.venv\Lib\site-packages\werkzeug\local.py", line 526, in _get_current_object
    return get_name(local())
                    ^^^^^^^
  File "C:\Users\leegg\Documents\StockFlow_final_logging\.venv\Lib\site-packages\flask_login\utils.py", line 25, in <lambda>
    current_user = LocalProxy(lambda: _get_user())
                                      ^^^^^^^^^^^
  File "C:\Users\leegg\Documents\StockFlow_final_logging\.venv\Lib\site-packages\flask_login\utils.py", line 370, in _get_user
    current_app.login_manager._load_user()
  File "C:\Users\leegg\Documents\StockFlow_final_logging\.venv\Lib\site-packages\flask_login\login_manager.py", line 364, in _load_user
    user = self._user_callback(user_id)
           ^^^^^^^^^^^^^^^^^^^^^^^^^^^^
  File "C:\Users\leegg\Documents\StockFlow_final_logging\app\__init__.py", line 86, in load_user
    return db.session.get(User, int(user_id))
           ^^^^^^^^^^^^^^^^^^^^^^^^^^^^^^^^^^
  File "C:\Users\leegg\Documents\StockFlow_final_logging\.venv\Lib\site-packages\sqlalchemy\orm\scoping.py", line 1043, in get
    return self._proxied.get(
           ^^^^^^^^^^^^^^^^^^
  File "C:\Users\leegg\Documents\StockFlow_final_logging\.venv\Lib\site-packages\sqlalchemy\orm\session.py", line 3702, in get
    return self._get_impl(
           ^^^^^^^^^^^^^^^
  File "C:\Users\leegg\Documents\StockFlow_final_logging\.venv\Lib\site-packages\sqlalchemy\orm\session.py", line 3881, in _get_impl
    return db_load_fn(
           ^^^^^^^^^^^
  File "C:\Users\leegg\Documents\StockFlow_final_logging\.venv\Lib\site-packages\sqlalchemy\orm\loading.py", line 695, in load_on_pk_identity
    session.execute(
  File "C:\Users\leegg\Documents\StockFlow_final_logging\.venv\Lib\site-packages\sqlalchemy\orm\session.py", line 2373, in execute
    return self._execute_internal(
           ^^^^^^^^^^^^^^^^^^^^^^^
  File "C:\Users\leegg\Documents\StockFlow_final_logging\.venv\Lib\site-packages\sqlalchemy\orm\session.py", line 2271, in _execute_internal
    result: Result[Any] = compile_state_cls.orm_execute_statement(
                          ^^^^^^^^^^^^^^^^^^^^^^^^^^^^^^^^^^^^^^^^
  File "C:\Users\leegg\Documents\StockFlow_final_logging\.venv\Lib\site-packages\sqlalchemy\orm\context.py", line 306, in orm_execute_statement
    result = conn.execute(
             ^^^^^^^^^^^^^
  File "C:\Users\leegg\Documents\StockFlow_final_logging\.venv\Lib\site-packages\sqlalchemy\engine\base.py", line 1421, in execute
    return meth(
           ^^^^^
  File "C:\Users\leegg\Documents\StockFlow_final_logging\.venv\Lib\site-packages\sqlalchemy\sql\elements.py", line 526, in _execute_on_connection
    return connection._execute_clauseelement(
           ^^^^^^^^^^^^^^^^^^^^^^^^^^^^^^^^^^
  File "C:\Users\leegg\Documents\StockFlow_final_logging\.venv\Lib\site-packages\sqlalchemy\engine\base.py", line 1643, in _execute_clauseelement
    ret = self._execute_context(
          ^^^^^^^^^^^^^^^^^^^^^^
  File "C:\Users\leegg\Documents\StockFlow_final_logging\.venv\Lib\site-packages\sqlalchemy\engine\base.py", line 1848, in _execute_context
    return self._exec_single_context(
           ^^^^^^^^^^^^^^^^^^^^^^^^^^
  File "C:\Users\leegg\Documents\StockFlow_final_logging\.venv\Lib\site-packages\sqlalchemy\engine\base.py", line 1988, in _exec_single_context
    self._handle_dbapi_exception(
  File "C:\Users\leegg\Documents\StockFlow_final_logging\.venv\Lib\site-packages\sqlalchemy\engine\base.py", line 2365, in _handle_dbapi_exception
    raise sqlalchemy_exception.with_traceback(exc_info[2]) from e
  File "C:\Users\leegg\Documents\StockFlow_final_logging\.venv\Lib\site-packages\sqlalchemy\engine\base.py", line 1969, in _exec_single_context
    self.dialect.do_execute(
  File "C:\Users\leegg\Documents\StockFlow_final_logging\.venv\Lib\site-packages\sqlalchemy\engine\default.py", line 952, in do_execute
    cursor.execute(statement, parameters)
  File "C:\Users\leegg\Documents\StockFlow_final_logging\.venv\Lib\site-packages\pymysql\cursors.py", line 153, in execute
    result = self._query(query)
             ^^^^^^^^^^^^^^^^^^
  File "C:\Users\leegg\Documents\StockFlow_final_logging\.venv\Lib\site-packages\pymysql\cursors.py", line 322, in _query
    conn.query(q)
  File "C:\Users\leegg\Documents\StockFlow_final_logging\.venv\Lib\site-packages\pymysql\connections.py", line 575, in query
    self._affected_rows = self._read_query_result(unbuffered=unbuffered)
                          ^^^^^^^^^^^^^^^^^^^^^^^^^^^^^^^^^^^^^^^^^^^^^^
  File "C:\Users\leegg\Documents\StockFlow_final_logging\.venv\Lib\site-packages\pymysql\connections.py", line 826, in _read_query_result
    result.read()
  File "C:\Users\leegg\Documents\StockFlow_final_logging\.venv\Lib\site-packages\pymysql\connections.py", line 1203, in read
    first_packet = self.connection._read_packet()
                   ^^^^^^^^^^^^^^^^^^^^^^^^^^^^^^
  File "C:\Users\leegg\Documents\StockFlow_final_logging\.venv\Lib\site-packages\pymysql\connections.py", line 782, in _read_packet
    packet.raise_for_error()
  File "C:\Users\leegg\Documents\StockFlow_final_logging\.venv\Lib\site-packages\pymysql\protocol.py", line 219, in raise_for_error
    err.raise_mysql_exception(self._data)
  File "C:\Users\leegg\Documents\StockFlow_final_logging\.venv\Lib\site-packages\pymysql\err.py", line 150, in raise_mysql_exception
    raise errorclass(errno, errval)
sqlalchemy.exc.OperationalError: (pymysql.err.OperationalError) (1054, "Unknown column 'user.name' in 'field list'")
[SQL: SELECT user.id AS user_id, user.username AS user_username, user.password_hash AS user_password_hash, user.`role` AS user_role, user.name AS user_name, user.position AS user_position, user.created_at AS user_created_at 
FROM user 
WHERE user.id = %(pk_1)s]
[parameters: {'pk_1': 6}]
(Background on this error at: https://sqlalche.me/e/20/e3q8)
2026-09-08 10:24:20 | ERROR | app | Unhandled exception | request_id=ad379eb918ac | method=GET | path=/logout
Traceback (most recent call last):
  File "C:\Users\leegg\Documents\StockFlow_final_logging\.venv\Lib\site-packages\sqlalchemy\engine\base.py", line 1969, in _exec_single_context
    self.dialect.do_execute(
  File "C:\Users\leegg\Documents\StockFlow_final_logging\.venv\Lib\site-packages\sqlalchemy\engine\default.py", line 952, in do_execute
    cursor.execute(statement, parameters)
  File "C:\Users\leegg\Documents\StockFlow_final_logging\.venv\Lib\site-packages\pymysql\cursors.py", line 153, in execute
    result = self._query(query)
             ^^^^^^^^^^^^^^^^^^
  File "C:\Users\leegg\Documents\StockFlow_final_logging\.venv\Lib\site-packages\pymysql\cursors.py", line 322, in _query
    conn.query(q)
  File "C:\Users\leegg\Documents\StockFlow_final_logging\.venv\Lib\site-packages\pymysql\connections.py", line 575, in query
    self._affected_rows = self._read_query_result(unbuffered=unbuffered)
                          ^^^^^^^^^^^^^^^^^^^^^^^^^^^^^^^^^^^^^^^^^^^^^^
  File "C:\Users\leegg\Documents\StockFlow_final_logging\.venv\Lib\site-packages\pymysql\connections.py", line 826, in _read_query_result
    result.read()
  File "C:\Users\leegg\Documents\StockFlow_final_logging\.venv\Lib\site-packages\pymysql\connections.py", line 1203, in read
    first_packet = self.connection._read_packet()
                   ^^^^^^^^^^^^^^^^^^^^^^^^^^^^^^
  File "C:\Users\leegg\Documents\StockFlow_final_logging\.venv\Lib\site-packages\pymysql\connections.py", line 782, in _read_packet
    packet.raise_for_error()
  File "C:\Users\leegg\Documents\StockFlow_final_logging\.venv\Lib\site-packages\pymysql\protocol.py", line 219, in raise_for_error
    err.raise_mysql_exception(self._data)
  File "C:\Users\leegg\Documents\StockFlow_final_logging\.venv\Lib\site-packages\pymysql\err.py", line 150, in raise_mysql_exception
    raise errorclass(errno, errval)
pymysql.err.OperationalError: (1054, "Unknown column 'user.name' in 'field list'")

The above exception was the direct cause of the following exception:

Traceback (most recent call last):
  File "C:\Users\leegg\Documents\StockFlow_final_logging\.venv\Lib\site-packages\flask\app.py", line 917, in full_dispatch_request
    rv = self.dispatch_request()
         ^^^^^^^^^^^^^^^^^^^^^^^
  File "C:\Users\leegg\Documents\StockFlow_final_logging\.venv\Lib\site-packages\flask\app.py", line 902, in dispatch_request
    return self.ensure_sync(self.view_functions[rule.endpoint])(**view_args)  # type: ignore[no-any-return]
           ^^^^^^^^^^^^^^^^^^^^^^^^^^^^^^^^^^^^^^^^^^^^^^^^^^^^^^^^^^^^^^^^^
  File "C:\Users\leegg\Documents\StockFlow_final_logging\.venv\Lib\site-packages\flask_login\utils.py", line 284, in decorated_view
    elif not current_user.is_authenticated:
             ^^^^^^^^^^^^^^^^^^^^^^^^^^^^^
  File "C:\Users\leegg\Documents\StockFlow_final_logging\.venv\Lib\site-packages\werkzeug\local.py", line 318, in __get__
    obj = instance._get_current_object()
          ^^^^^^^^^^^^^^^^^^^^^^^^^^^^^^
  File "C:\Users\leegg\Documents\StockFlow_final_logging\.venv\Lib\site-packages\werkzeug\local.py", line 526, in _get_current_object
    return get_name(local())
                    ^^^^^^^
  File "C:\Users\leegg\Documents\StockFlow_final_logging\.venv\Lib\site-packages\flask_login\utils.py", line 25, in <lambda>
    current_user = LocalProxy(lambda: _get_user())
                                      ^^^^^^^^^^^
  File "C:\Users\leegg\Documents\StockFlow_final_logging\.venv\Lib\site-packages\flask_login\utils.py", line 370, in _get_user
    current_app.login_manager._load_user()
  File "C:\Users\leegg\Documents\StockFlow_final_logging\.venv\Lib\site-packages\flask_login\login_manager.py", line 364, in _load_user
    user = self._user_callback(user_id)
           ^^^^^^^^^^^^^^^^^^^^^^^^^^^^
  File "C:\Users\leegg\Documents\StockFlow_final_logging\app\__init__.py", line 86, in load_user
    return db.session.get(User, int(user_id))
           ^^^^^^^^^^^^^^^^^^^^^^^^^^^^^^^^^^
  File "C:\Users\leegg\Documents\StockFlow_final_logging\.venv\Lib\site-packages\sqlalchemy\orm\scoping.py", line 1043, in get
    return self._proxied.get(
           ^^^^^^^^^^^^^^^^^^
  File "C:\Users\leegg\Documents\StockFlow_final_logging\.venv\Lib\site-packages\sqlalchemy\orm\session.py", line 3702, in get
    return self._get_impl(
           ^^^^^^^^^^^^^^^
  File "C:\Users\leegg\Documents\StockFlow_final_logging\.venv\Lib\site-packages\sqlalchemy\orm\session.py", line 3881, in _get_impl
    return db_load_fn(
           ^^^^^^^^^^^
  File "C:\Users\leegg\Documents\StockFlow_final_logging\.venv\Lib\site-packages\sqlalchemy\orm\loading.py", line 695, in load_on_pk_identity
    session.execute(
  File "C:\Users\leegg\Documents\StockFlow_final_logging\.venv\Lib\site-packages\sqlalchemy\orm\session.py", line 2373, in execute
    return self._execute_internal(
           ^^^^^^^^^^^^^^^^^^^^^^^
  File "C:\Users\leegg\Documents\StockFlow_final_logging\.venv\Lib\site-packages\sqlalchemy\orm\session.py", line 2271, in _execute_internal
    result: Result[Any] = compile_state_cls.orm_execute_statement(
                          ^^^^^^^^^^^^^^^^^^^^^^^^^^^^^^^^^^^^^^^^
  File "C:\Users\leegg\Documents\StockFlow_final_logging\.venv\Lib\site-packages\sqlalchemy\orm\context.py", line 306, in orm_execute_statement
    result = conn.execute(
             ^^^^^^^^^^^^^
  File "C:\Users\leegg\Documents\StockFlow_final_logging\.venv\Lib\site-packages\sqlalchemy\engine\base.py", line 1421, in execute
    return meth(
           ^^^^^
  File "C:\Users\leegg\Documents\StockFlow_final_logging\.venv\Lib\site-packages\sqlalchemy\sql\elements.py", line 526, in _execute_on_connection
    return connection._execute_clauseelement(
           ^^^^^^^^^^^^^^^^^^^^^^^^^^^^^^^^^^
  File "C:\Users\leegg\Documents\StockFlow_final_logging\.venv\Lib\site-packages\sqlalchemy\engine\base.py", line 1643, in _execute_clauseelement
    ret = self._execute_context(
          ^^^^^^^^^^^^^^^^^^^^^^
  File "C:\Users\leegg\Documents\StockFlow_final_logging\.venv\Lib\site-packages\sqlalchemy\engine\base.py", line 1848, in _execute_context
    return self._exec_single_context(
           ^^^^^^^^^^^^^^^^^^^^^^^^^^
  File "C:\Users\leegg\Documents\StockFlow_final_logging\.venv\Lib\site-packages\sqlalchemy\engine\base.py", line 1988, in _exec_single_context
    self._handle_dbapi_exception(
  File "C:\Users\leegg\Documents\StockFlow_final_logging\.venv\Lib\site-packages\sqlalchemy\engine\base.py", line 2365, in _handle_dbapi_exception
    raise sqlalchemy_exception.with_traceback(exc_info[2]) from e
  File "C:\Users\leegg\Documents\StockFlow_final_logging\.venv\Lib\site-packages\sqlalchemy\engine\base.py", line 1969, in _exec_single_context
    self.dialect.do_execute(
  File "C:\Users\leegg\Documents\StockFlow_final_logging\.venv\Lib\site-packages\sqlalchemy\engine\default.py", line 952, in do_execute
    cursor.execute(statement, parameters)
  File "C:\Users\leegg\Documents\StockFlow_final_logging\.venv\Lib\site-packages\pymysql\cursors.py", line 153, in execute
    result = self._query(query)
             ^^^^^^^^^^^^^^^^^^
  File "C:\Users\leegg\Documents\StockFlow_final_logging\.venv\Lib\site-packages\pymysql\cursors.py", line 322, in _query
    conn.query(q)
  File "C:\Users\leegg\Documents\StockFlow_final_logging\.venv\Lib\site-packages\pymysql\connections.py", line 575, in query
    self._affected_rows = self._read_query_result(unbuffered=unbuffered)
                          ^^^^^^^^^^^^^^^^^^^^^^^^^^^^^^^^^^^^^^^^^^^^^^
  File "C:\Users\leegg\Documents\StockFlow_final_logging\.venv\Lib\site-packages\pymysql\connections.py", line 826, in _read_query_result
    result.read()
  File "C:\Users\leegg\Documents\StockFlow_final_logging\.venv\Lib\site-packages\pymysql\connections.py", line 1203, in read
    first_packet = self.connection._read_packet()
                   ^^^^^^^^^^^^^^^^^^^^^^^^^^^^^^
  File "C:\Users\leegg\Documents\StockFlow_final_logging\.venv\Lib\site-packages\pymysql\connections.py", line 782, in _read_packet
    packet.raise_for_error()
  File "C:\Users\leegg\Documents\StockFlow_final_logging\.venv\Lib\site-packages\pymysql\protocol.py", line 219, in raise_for_error
    err.raise_mysql_exception(self._data)
  File "C:\Users\leegg\Documents\StockFlow_final_logging\.venv\Lib\site-packages\pymysql\err.py", line 150, in raise_mysql_exception
    raise errorclass(errno, errval)
sqlalchemy.exc.OperationalError: (pymysql.err.OperationalError) (1054, "Unknown column 'user.name' in 'field list'")
[SQL: SELECT user.id AS user_id, user.username AS user_username, user.password_hash AS user_password_hash, user.`role` AS user_role, user.name AS user_name, user.position AS user_position, user.created_at AS user_created_at 
FROM user 
WHERE user.id = %(pk_1)s]
[parameters: {'pk_1': 6}]
(Background on this error at: https://sqlalche.me/e/20/e3q8)
2026-09-08 10:24:20 | ERROR | app | Exception on /logout [GET]
Traceback (most recent call last):
  File "C:\Users\leegg\Documents\StockFlow_final_logging\.venv\Lib\site-packages\sqlalchemy\engine\base.py", line 1969, in _exec_single_context
    self.dialect.do_execute(
  File "C:\Users\leegg\Documents\StockFlow_final_logging\.venv\Lib\site-packages\sqlalchemy\engine\default.py", line 952, in do_execute
    cursor.execute(statement, parameters)
  File "C:\Users\leegg\Documents\StockFlow_final_logging\.venv\Lib\site-packages\pymysql\cursors.py", line 153, in execute
    result = self._query(query)
             ^^^^^^^^^^^^^^^^^^
  File "C:\Users\leegg\Documents\StockFlow_final_logging\.venv\Lib\site-packages\pymysql\cursors.py", line 322, in _query
    conn.query(q)
  File "C:\Users\leegg\Documents\StockFlow_final_logging\.venv\Lib\site-packages\pymysql\connections.py", line 575, in query
    self._affected_rows = self._read_query_result(unbuffered=unbuffered)
                          ^^^^^^^^^^^^^^^^^^^^^^^^^^^^^^^^^^^^^^^^^^^^^^
  File "C:\Users\leegg\Documents\StockFlow_final_logging\.venv\Lib\site-packages\pymysql\connections.py", line 826, in _read_query_result
    result.read()
  File "C:\Users\leegg\Documents\StockFlow_final_logging\.venv\Lib\site-packages\pymysql\connections.py", line 1203, in read
    first_packet = self.connection._read_packet()
                   ^^^^^^^^^^^^^^^^^^^^^^^^^^^^^^
  File "C:\Users\leegg\Documents\StockFlow_final_logging\.venv\Lib\site-packages\pymysql\connections.py", line 782, in _read_packet
    packet.raise_for_error()
  File "C:\Users\leegg\Documents\StockFlow_final_logging\.venv\Lib\site-packages\pymysql\protocol.py", line 219, in raise_for_error
    err.raise_mysql_exception(self._data)
  File "C:\Users\leegg\Documents\StockFlow_final_logging\.venv\Lib\site-packages\pymysql\err.py", line 150, in raise_mysql_exception
    raise errorclass(errno, errval)
pymysql.err.OperationalError: (1054, "Unknown column 'user.name' in 'field list'")

The above exception was the direct cause of the following exception:

Traceback (most recent call last):
  File "C:\Users\leegg\Documents\StockFlow_final_logging\.venv\Lib\site-packages\flask\app.py", line 1511, in wsgi_app
    response = self.full_dispatch_request()
               ^^^^^^^^^^^^^^^^^^^^^^^^^^^^
  File "C:\Users\leegg\Documents\StockFlow_final_logging\.venv\Lib\site-packages\flask\app.py", line 920, in full_dispatch_request
    return self.finalize_request(rv)
           ^^^^^^^^^^^^^^^^^^^^^^^^^
  File "C:\Users\leegg\Documents\StockFlow_final_logging\.venv\Lib\site-packages\flask\app.py", line 941, in finalize_request
    response = self.process_response(response)
               ^^^^^^^^^^^^^^^^^^^^^^^^^^^^^^^
  File "C:\Users\leegg\Documents\StockFlow_final_logging\.venv\Lib\site-packages\flask\app.py", line 1319, in process_response
    response = self.ensure_sync(func)(response)
               ^^^^^^^^^^^^^^^^^^^^^^^^^^^^^^^^
  File "C:\Users\leegg\Documents\StockFlow_final_logging\app\__init__.py", line 42, in _request_end
    getattr(current_user, "id", None) if current_user.is_authenticated else None
                                         ^^^^^^^^^^^^^^^^^^^^^^^^^^^^^
  File "C:\Users\leegg\Documents\StockFlow_final_logging\.venv\Lib\site-packages\werkzeug\local.py", line 318, in __get__
    obj = instance._get_current_object()
          ^^^^^^^^^^^^^^^^^^^^^^^^^^^^^^
  File "C:\Users\leegg\Documents\StockFlow_final_logging\.venv\Lib\site-packages\werkzeug\local.py", line 526, in _get_current_object
    return get_name(local())
                    ^^^^^^^
  File "C:\Users\leegg\Documents\StockFlow_final_logging\.venv\Lib\site-packages\flask_login\utils.py", line 25, in <lambda>
    current_user = LocalProxy(lambda: _get_user())
                                      ^^^^^^^^^^^
  File "C:\Users\leegg\Documents\StockFlow_final_logging\.venv\Lib\site-packages\flask_login\utils.py", line 370, in _get_user
    current_app.login_manager._load_user()
  File "C:\Users\leegg\Documents\StockFlow_final_logging\.venv\Lib\site-packages\flask_login\login_manager.py", line 364, in _load_user
    user = self._user_callback(user_id)
           ^^^^^^^^^^^^^^^^^^^^^^^^^^^^
  File "C:\Users\leegg\Documents\StockFlow_final_logging\app\__init__.py", line 86, in load_user
    return db.session.get(User, int(user_id))
           ^^^^^^^^^^^^^^^^^^^^^^^^^^^^^^^^^^
  File "C:\Users\leegg\Documents\StockFlow_final_logging\.venv\Lib\site-packages\sqlalchemy\orm\scoping.py", line 1043, in get
    return self._proxied.get(
           ^^^^^^^^^^^^^^^^^^
  File "C:\Users\leegg\Documents\StockFlow_final_logging\.venv\Lib\site-packages\sqlalchemy\orm\session.py", line 3702, in get
    return self._get_impl(
           ^^^^^^^^^^^^^^^
  File "C:\Users\leegg\Documents\StockFlow_final_logging\.venv\Lib\site-packages\sqlalchemy\orm\session.py", line 3881, in _get_impl
    return db_load_fn(
           ^^^^^^^^^^^
  File "C:\Users\leegg\Documents\StockFlow_final_logging\.venv\Lib\site-packages\sqlalchemy\orm\loading.py", line 695, in load_on_pk_identity
    session.execute(
  File "C:\Users\leegg\Documents\StockFlow_final_logging\.venv\Lib\site-packages\sqlalchemy\orm\session.py", line 2373, in execute
    return self._execute_internal(
           ^^^^^^^^^^^^^^^^^^^^^^^
  File "C:\Users\leegg\Documents\StockFlow_final_logging\.venv\Lib\site-packages\sqlalchemy\orm\session.py", line 2271, in _execute_internal
    result: Result[Any] = compile_state_cls.orm_execute_statement(
                          ^^^^^^^^^^^^^^^^^^^^^^^^^^^^^^^^^^^^^^^^
  File "C:\Users\leegg\Documents\StockFlow_final_logging\.venv\Lib\site-packages\sqlalchemy\orm\context.py", line 306, in orm_execute_statement
    result = conn.execute(
             ^^^^^^^^^^^^^
  File "C:\Users\leegg\Documents\StockFlow_final_logging\.venv\Lib\site-packages\sqlalchemy\engine\base.py", line 1421, in execute
    return meth(
           ^^^^^
  File "C:\Users\leegg\Documents\StockFlow_final_logging\.venv\Lib\site-packages\sqlalchemy\sql\elements.py", line 526, in _execute_on_connection
    return connection._execute_clauseelement(
           ^^^^^^^^^^^^^^^^^^^^^^^^^^^^^^^^^^
  File "C:\Users\leegg\Documents\StockFlow_final_logging\.venv\Lib\site-packages\sqlalchemy\engine\base.py", line 1643, in _execute_clauseelement
    ret = self._execute_context(
          ^^^^^^^^^^^^^^^^^^^^^^
  File "C:\Users\leegg\Documents\StockFlow_final_logging\.venv\Lib\site-packages\sqlalchemy\engine\base.py", line 1848, in _execute_context
    return self._exec_single_context(
           ^^^^^^^^^^^^^^^^^^^^^^^^^^
  File "C:\Users\leegg\Documents\StockFlow_final_logging\.venv\Lib\site-packages\sqlalchemy\engine\base.py", line 1988, in _exec_single_context
    self._handle_dbapi_exception(
  File "C:\Users\leegg\Documents\StockFlow_final_logging\.venv\Lib\site-packages\sqlalchemy\engine\base.py", line 2365, in _handle_dbapi_exception
    raise sqlalchemy_exception.with_traceback(exc_info[2]) from e
  File "C:\Users\leegg\Documents\StockFlow_final_logging\.venv\Lib\site-packages\sqlalchemy\engine\base.py", line 1969, in _exec_single_context
    self.dialect.do_execute(
  File "C:\Users\leegg\Documents\StockFlow_final_logging\.venv\Lib\site-packages\sqlalchemy\engine\default.py", line 952, in do_execute
    cursor.execute(statement, parameters)
  File "C:\Users\leegg\Documents\StockFlow_final_logging\.venv\Lib\site-packages\pymysql\cursors.py", line 153, in execute
    result = self._query(query)
             ^^^^^^^^^^^^^^^^^^
  File "C:\Users\leegg\Documents\StockFlow_final_logging\.venv\Lib\site-packages\pymysql\cursors.py", line 322, in _query
    conn.query(q)
  File "C:\Users\leegg\Documents\StockFlow_final_logging\.venv\Lib\site-packages\pymysql\connections.py", line 575, in query
    self._affected_rows = self._read_query_result(unbuffered=unbuffered)
                          ^^^^^^^^^^^^^^^^^^^^^^^^^^^^^^^^^^^^^^^^^^^^^^
  File "C:\Users\leegg\Documents\StockFlow_final_logging\.venv\Lib\site-packages\pymysql\connections.py", line 826, in _read_query_result
    result.read()
  File "C:\Users\leegg\Documents\StockFlow_final_logging\.venv\Lib\site-packages\pymysql\connections.py", line 1203, in read
    first_packet = self.connection._read_packet()
                   ^^^^^^^^^^^^^^^^^^^^^^^^^^^^^^
  File "C:\Users\leegg\Documents\StockFlow_final_logging\.venv\Lib\site-packages\pymysql\connections.py", line 782, in _read_packet
    packet.raise_for_error()
  File "C:\Users\leegg\Documents\StockFlow_final_logging\.venv\Lib\site-packages\pymysql\protocol.py", line 219, in raise_for_error
    err.raise_mysql_exception(self._data)
  File "C:\Users\leegg\Documents\StockFlow_final_logging\.venv\Lib\site-packages\pymysql\err.py", line 150, in raise_mysql_exception
    raise errorclass(errno, errval)
sqlalchemy.exc.OperationalError: (pymysql.err.OperationalError) (1054, "Unknown column 'user.name' in 'field list'")
[SQL: SELECT user.id AS user_id, user.username AS user_username, user.password_hash AS user_password_hash, user.`role` AS user_role, user.name AS user_name, user.position AS user_position, user.created_at AS user_created_at 
FROM user 
WHERE user.id = %(pk_1)s]
[parameters: {'pk_1': 6}]
(Background on this error at: https://sqlalche.me/e/20/e3q8)
2026-09-08 10:24:20 | ERROR | app | Request finalizing failed with an error while handling an error
Traceback (most recent call last):
  File "C:\Users\leegg\Documents\StockFlow_final_logging\.venv\Lib\site-packages\sqlalchemy\engine\base.py", line 1969, in _exec_single_context
    self.dialect.do_execute(
  File "C:\Users\leegg\Documents\StockFlow_final_logging\.venv\Lib\site-packages\sqlalchemy\engine\default.py", line 952, in do_execute
    cursor.execute(statement, parameters)
  File "C:\Users\leegg\Documents\StockFlow_final_logging\.venv\Lib\site-packages\pymysql\cursors.py", line 153, in execute
    result = self._query(query)
             ^^^^^^^^^^^^^^^^^^
  File "C:\Users\leegg\Documents\StockFlow_final_logging\.venv\Lib\site-packages\pymysql\cursors.py", line 322, in _query
    conn.query(q)
  File "C:\Users\leegg\Documents\StockFlow_final_logging\.venv\Lib\site-packages\pymysql\connections.py", line 575, in query
    self._affected_rows = self._read_query_result(unbuffered=unbuffered)
                          ^^^^^^^^^^^^^^^^^^^^^^^^^^^^^^^^^^^^^^^^^^^^^^
  File "C:\Users\leegg\Documents\StockFlow_final_logging\.venv\Lib\site-packages\pymysql\connections.py", line 826, in _read_query_result
    result.read()
  File "C:\Users\leegg\Documents\StockFlow_final_logging\.venv\Lib\site-packages\pymysql\connections.py", line 1203, in read
    first_packet = self.connection._read_packet()
                   ^^^^^^^^^^^^^^^^^^^^^^^^^^^^^^
  File "C:\Users\leegg\Documents\StockFlow_final_logging\.venv\Lib\site-packages\pymysql\connections.py", line 782, in _read_packet
    packet.raise_for_error()
  File "C:\Users\leegg\Documents\StockFlow_final_logging\.venv\Lib\site-packages\pymysql\protocol.py", line 219, in raise_for_error
    err.raise_mysql_exception(self._data)
  File "C:\Users\leegg\Documents\StockFlow_final_logging\.venv\Lib\site-packages\pymysql\err.py", line 150, in raise_mysql_exception
    raise errorclass(errno, errval)
pymysql.err.OperationalError: (1054, "Unknown column 'user.name' in 'field list'")

The above exception was the direct cause of the following exception:

Traceback (most recent call last):
  File "C:\Users\leegg\Documents\StockFlow_final_logging\.venv\Lib\site-packages\flask\app.py", line 1511, in wsgi_app
    response = self.full_dispatch_request()
               ^^^^^^^^^^^^^^^^^^^^^^^^^^^^
  File "C:\Users\leegg\Documents\StockFlow_final_logging\.venv\Lib\site-packages\flask\app.py", line 920, in full_dispatch_request
    return self.finalize_request(rv)
           ^^^^^^^^^^^^^^^^^^^^^^^^^
  File "C:\Users\leegg\Documents\StockFlow_final_logging\.venv\Lib\site-packages\flask\app.py", line 941, in finalize_request
    response = self.process_response(response)
               ^^^^^^^^^^^^^^^^^^^^^^^^^^^^^^^
  File "C:\Users\leegg\Documents\StockFlow_final_logging\.venv\Lib\site-packages\flask\app.py", line 1319, in process_response
    response = self.ensure_sync(func)(response)
               ^^^^^^^^^^^^^^^^^^^^^^^^^^^^^^^^
  File "C:\Users\leegg\Documents\StockFlow_final_logging\app\__init__.py", line 42, in _request_end
    getattr(current_user, "id", None) if current_user.is_authenticated else None
                                         ^^^^^^^^^^^^^^^^^^^^^^^^^^^^^
  File "C:\Users\leegg\Documents\StockFlow_final_logging\.venv\Lib\site-packages\werkzeug\local.py", line 318, in __get__
    obj = instance._get_current_object()
          ^^^^^^^^^^^^^^^^^^^^^^^^^^^^^^
  File "C:\Users\leegg\Documents\StockFlow_final_logging\.venv\Lib\site-packages\werkzeug\local.py", line 526, in _get_current_object
    return get_name(local())
                    ^^^^^^^
  File "C:\Users\leegg\Documents\StockFlow_final_logging\.venv\Lib\site-packages\flask_login\utils.py", line 25, in <lambda>
    current_user = LocalProxy(lambda: _get_user())
                                      ^^^^^^^^^^^
  File "C:\Users\leegg\Documents\StockFlow_final_logging\.venv\Lib\site-packages\flask_login\utils.py", line 370, in _get_user
    current_app.login_manager._load_user()
  File "C:\Users\leegg\Documents\StockFlow_final_logging\.venv\Lib\site-packages\flask_login\login_manager.py", line 364, in _load_user
    user = self._user_callback(user_id)
           ^^^^^^^^^^^^^^^^^^^^^^^^^^^^
  File "C:\Users\leegg\Documents\StockFlow_final_logging\app\__init__.py", line 86, in load_user
    return db.session.get(User, int(user_id))
           ^^^^^^^^^^^^^^^^^^^^^^^^^^^^^^^^^^
  File "C:\Users\leegg\Documents\StockFlow_final_logging\.venv\Lib\site-packages\sqlalchemy\orm\scoping.py", line 1043, in get
    return self._proxied.get(
           ^^^^^^^^^^^^^^^^^^
  File "C:\Users\leegg\Documents\StockFlow_final_logging\.venv\Lib\site-packages\sqlalchemy\orm\session.py", line 3702, in get
    return self._get_impl(
           ^^^^^^^^^^^^^^^
  File "C:\Users\leegg\Documents\StockFlow_final_logging\.venv\Lib\site-packages\sqlalchemy\orm\session.py", line 3881, in _get_impl
    return db_load_fn(
           ^^^^^^^^^^^
  File "C:\Users\leegg\Documents\StockFlow_final_logging\.venv\Lib\site-packages\sqlalchemy\orm\loading.py", line 695, in load_on_pk_identity
    session.execute(
  File "C:\Users\leegg\Documents\StockFlow_final_logging\.venv\Lib\site-packages\sqlalchemy\orm\session.py", line 2373, in execute
    return self._execute_internal(
           ^^^^^^^^^^^^^^^^^^^^^^^
  File "C:\Users\leegg\Documents\StockFlow_final_logging\.venv\Lib\site-packages\sqlalchemy\orm\session.py", line 2271, in _execute_internal
    result: Result[Any] = compile_state_cls.orm_execute_statement(
                          ^^^^^^^^^^^^^^^^^^^^^^^^^^^^^^^^^^^^^^^^
  File "C:\Users\leegg\Documents\StockFlow_final_logging\.venv\Lib\site-packages\sqlalchemy\orm\context.py", line 306, in orm_execute_statement
    result = conn.execute(
             ^^^^^^^^^^^^^
  File "C:\Users\leegg\Documents\StockFlow_final_logging\.venv\Lib\site-packages\sqlalchemy\engine\base.py", line 1421, in execute
    return meth(
           ^^^^^
  File "C:\Users\leegg\Documents\StockFlow_final_logging\.venv\Lib\site-packages\sqlalchemy\sql\elements.py", line 526, in _execute_on_connection
    return connection._execute_clauseelement(
           ^^^^^^^^^^^^^^^^^^^^^^^^^^^^^^^^^^
  File "C:\Users\leegg\Documents\StockFlow_final_logging\.venv\Lib\site-packages\sqlalchemy\engine\base.py", line 1643, in _execute_clauseelement
    ret = self._execute_context(
          ^^^^^^^^^^^^^^^^^^^^^^
  File "C:\Users\leegg\Documents\StockFlow_final_logging\.venv\Lib\site-packages\sqlalchemy\engine\base.py", line 1848, in _execute_context
    return self._exec_single_context(
           ^^^^^^^^^^^^^^^^^^^^^^^^^^
  File "C:\Users\leegg\Documents\StockFlow_final_logging\.venv\Lib\site-packages\sqlalchemy\engine\base.py", line 1988, in _exec_single_context
    self._handle_dbapi_exception(
  File "C:\Users\leegg\Documents\StockFlow_final_logging\.venv\Lib\site-packages\sqlalchemy\engine\base.py", line 2365, in _handle_dbapi_exception
    raise sqlalchemy_exception.with_traceback(exc_info[2]) from e
  File "C:\Users\leegg\Documents\StockFlow_final_logging\.venv\Lib\site-packages\sqlalchemy\engine\base.py", line 1969, in _exec_single_context
    self.dialect.do_execute(
  File "C:\Users\leegg\Documents\StockFlow_final_logging\.venv\Lib\site-packages\sqlalchemy\engine\default.py", line 952, in do_execute
    cursor.execute(statement, parameters)
  File "C:\Users\leegg\Documents\StockFlow_final_logging\.venv\Lib\site-packages\pymysql\cursors.py", line 153, in execute
    result = self._query(query)
             ^^^^^^^^^^^^^^^^^^
  File "C:\Users\leegg\Documents\StockFlow_final_logging\.venv\Lib\site-packages\pymysql\cursors.py", line 322, in _query
    conn.query(q)
  File "C:\Users\leegg\Documents\StockFlow_final_logging\.venv\Lib\site-packages\pymysql\connections.py", line 575, in query
    self._affected_rows = self._read_query_result(unbuffered=unbuffered)
                          ^^^^^^^^^^^^^^^^^^^^^^^^^^^^^^^^^^^^^^^^^^^^^^
  File "C:\Users\leegg\Documents\StockFlow_final_logging\.venv\Lib\site-packages\pymysql\connections.py", line 826, in _read_query_result
    result.read()
  File "C:\Users\leegg\Documents\StockFlow_final_logging\.venv\Lib\site-packages\pymysql\connections.py", line 1203, in read
    first_packet = self.connection._read_packet()
                   ^^^^^^^^^^^^^^^^^^^^^^^^^^^^^^
  File "C:\Users\leegg\Documents\StockFlow_final_logging\.venv\Lib\site-packages\pymysql\connections.py", line 782, in _read_packet
    packet.raise_for_error()
  File "C:\Users\leegg\Documents\StockFlow_final_logging\.venv\Lib\site-packages\pymysql\protocol.py", line 219, in raise_for_error
    err.raise_mysql_exception(self._data)
  File "C:\Users\leegg\Documents\StockFlow_final_logging\.venv\Lib\site-packages\pymysql\err.py", line 150, in raise_mysql_exception
    raise errorclass(errno, errval)
sqlalchemy.exc.OperationalError: (pymysql.err.OperationalError) (1054, "Unknown column 'user.name' in 'field list'")
[SQL: SELECT user.id AS user_id, user.username AS user_username, user.password_hash AS user_password_hash, user.`role` AS user_role, user.name AS user_name, user.position AS user_position, user.created_at AS user_created_at 
FROM user 
WHERE user.id = %(pk_1)s]
[parameters: {'pk_1': 6}]
(Background on this error at: https://sqlalche.me/e/20/e3q8)

During handling of the above exception, another exception occurred:

Traceback (most recent call last):
  File "C:\Users\leegg\Documents\StockFlow_final_logging\.venv\Lib\site-packages\sqlalchemy\engine\base.py", line 1969, in _exec_single_context
    self.dialect.do_execute(
  File "C:\Users\leegg\Documents\StockFlow_final_logging\.venv\Lib\site-packages\sqlalchemy\engine\default.py", line 952, in do_execute
    cursor.execute(statement, parameters)
  File "C:\Users\leegg\Documents\StockFlow_final_logging\.venv\Lib\site-packages\pymysql\cursors.py", line 153, in execute
    result = self._query(query)
             ^^^^^^^^^^^^^^^^^^
  File "C:\Users\leegg\Documents\StockFlow_final_logging\.venv\Lib\site-packages\pymysql\cursors.py", line 322, in _query
    conn.query(q)
  File "C:\Users\leegg\Documents\StockFlow_final_logging\.venv\Lib\site-packages\pymysql\connections.py", line 575, in query
    self._affected_rows = self._read_query_result(unbuffered=unbuffered)
                          ^^^^^^^^^^^^^^^^^^^^^^^^^^^^^^^^^^^^^^^^^^^^^^
  File "C:\Users\leegg\Documents\StockFlow_final_logging\.venv\Lib\site-packages\pymysql\connections.py", line 826, in _read_query_result
    result.read()
  File "C:\Users\leegg\Documents\StockFlow_final_logging\.venv\Lib\site-packages\pymysql\connections.py", line 1203, in read
    first_packet = self.connection._read_packet()
                   ^^^^^^^^^^^^^^^^^^^^^^^^^^^^^^
  File "C:\Users\leegg\Documents\StockFlow_final_logging\.venv\Lib\site-packages\pymysql\connections.py", line 782, in _read_packet
    packet.raise_for_error()
  File "C:\Users\leegg\Documents\StockFlow_final_logging\.venv\Lib\site-packages\pymysql\protocol.py", line 219, in raise_for_error
    err.raise_mysql_exception(self._data)
  File "C:\Users\leegg\Documents\StockFlow_final_logging\.venv\Lib\site-packages\pymysql\err.py", line 150, in raise_mysql_exception
    raise errorclass(errno, errval)
pymysql.err.OperationalError: (1054, "Unknown column 'user.name' in 'field list'")

The above exception was the direct cause of the following exception:

Traceback (most recent call last):
  File "C:\Users\leegg\Documents\StockFlow_final_logging\.venv\Lib\site-packages\flask\app.py", line 941, in finalize_request
    response = self.process_response(response)
               ^^^^^^^^^^^^^^^^^^^^^^^^^^^^^^^
  File "C:\Users\leegg\Documents\StockFlow_final_logging\.venv\Lib\site-packages\flask\app.py", line 1319, in process_response
    response = self.ensure_sync(func)(response)
               ^^^^^^^^^^^^^^^^^^^^^^^^^^^^^^^^
  File "C:\Users\leegg\Documents\StockFlow_final_logging\app\__init__.py", line 42, in _request_end
    getattr(current_user, "id", None) if current_user.is_authenticated else None
                                         ^^^^^^^^^^^^^^^^^^^^^^^^^^^^^
  File "C:\Users\leegg\Documents\StockFlow_final_logging\.venv\Lib\site-packages\werkzeug\local.py", line 318, in __get__
    obj = instance._get_current_object()
          ^^^^^^^^^^^^^^^^^^^^^^^^^^^^^^
  File "C:\Users\leegg\Documents\StockFlow_final_logging\.venv\Lib\site-packages\werkzeug\local.py", line 526, in _get_current_object
    return get_name(local())
                    ^^^^^^^
  File "C:\Users\leegg\Documents\StockFlow_final_logging\.venv\Lib\site-packages\flask_login\utils.py", line 25, in <lambda>
    current_user = LocalProxy(lambda: _get_user())
                                      ^^^^^^^^^^^
  File "C:\Users\leegg\Documents\StockFlow_final_logging\.venv\Lib\site-packages\flask_login\utils.py", line 370, in _get_user
    current_app.login_manager._load_user()
  File "C:\Users\leegg\Documents\StockFlow_final_logging\.venv\Lib\site-packages\flask_login\login_manager.py", line 364, in _load_user
    user = self._user_callback(user_id)
           ^^^^^^^^^^^^^^^^^^^^^^^^^^^^
  File "C:\Users\leegg\Documents\StockFlow_final_logging\app\__init__.py", line 86, in load_user
    return db.session.get(User, int(user_id))
           ^^^^^^^^^^^^^^^^^^^^^^^^^^^^^^^^^^
  File "C:\Users\leegg\Documents\StockFlow_final_logging\.venv\Lib\site-packages\sqlalchemy\orm\scoping.py", line 1043, in get
    return self._proxied.get(
           ^^^^^^^^^^^^^^^^^^
  File "C:\Users\leegg\Documents\StockFlow_final_logging\.venv\Lib\site-packages\sqlalchemy\orm\session.py", line 3702, in get
    return self._get_impl(
           ^^^^^^^^^^^^^^^
  File "C:\Users\leegg\Documents\StockFlow_final_logging\.venv\Lib\site-packages\sqlalchemy\orm\session.py", line 3881, in _get_impl
    return db_load_fn(
           ^^^^^^^^^^^
  File "C:\Users\leegg\Documents\StockFlow_final_logging\.venv\Lib\site-packages\sqlalchemy\orm\loading.py", line 695, in load_on_pk_identity
    session.execute(
  File "C:\Users\leegg\Documents\StockFlow_final_logging\.venv\Lib\site-packages\sqlalchemy\orm\session.py", line 2373, in execute
    return self._execute_internal(
           ^^^^^^^^^^^^^^^^^^^^^^^
  File "C:\Users\leegg\Documents\StockFlow_final_logging\.venv\Lib\site-packages\sqlalchemy\orm\session.py", line 2271, in _execute_internal
    result: Result[Any] = compile_state_cls.orm_execute_statement(
                          ^^^^^^^^^^^^^^^^^^^^^^^^^^^^^^^^^^^^^^^^
  File "C:\Users\leegg\Documents\StockFlow_final_logging\.venv\Lib\site-packages\sqlalchemy\orm\context.py", line 306, in orm_execute_statement
    result = conn.execute(
             ^^^^^^^^^^^^^
  File "C:\Users\leegg\Documents\StockFlow_final_logging\.venv\Lib\site-packages\sqlalchemy\engine\base.py", line 1421, in execute
    return meth(
           ^^^^^
  File "C:\Users\leegg\Documents\StockFlow_final_logging\.venv\Lib\site-packages\sqlalchemy\sql\elements.py", line 526, in _execute_on_connection
    return connection._execute_clauseelement(
           ^^^^^^^^^^^^^^^^^^^^^^^^^^^^^^^^^^
  File "C:\Users\leegg\Documents\StockFlow_final_logging\.venv\Lib\site-packages\sqlalchemy\engine\base.py", line 1643, in _execute_clauseelement
    ret = self._execute_context(
          ^^^^^^^^^^^^^^^^^^^^^^
  File "C:\Users\leegg\Documents\StockFlow_final_logging\.venv\Lib\site-packages\sqlalchemy\engine\base.py", line 1848, in _execute_context
    return self._exec_single_context(
           ^^^^^^^^^^^^^^^^^^^^^^^^^^
  File "C:\Users\leegg\Documents\StockFlow_final_logging\.venv\Lib\site-packages\sqlalchemy\engine\base.py", line 1988, in _exec_single_context
    self._handle_dbapi_exception(
  File "C:\Users\leegg\Documents\StockFlow_final_logging\.venv\Lib\site-packages\sqlalchemy\engine\base.py", line 2365, in _handle_dbapi_exception
    raise sqlalchemy_exception.with_traceback(exc_info[2]) from e
  File "C:\Users\leegg\Documents\StockFlow_final_logging\.venv\Lib\site-packages\sqlalchemy\engine\base.py", line 1969, in _exec_single_context
    self.dialect.do_execute(
  File "C:\Users\leegg\Documents\StockFlow_final_logging\.venv\Lib\site-packages\sqlalchemy\engine\default.py", line 952, in do_execute
    cursor.execute(statement, parameters)
  File "C:\Users\leegg\Documents\StockFlow_final_logging\.venv\Lib\site-packages\pymysql\cursors.py", line 153, in execute
    result = self._query(query)
             ^^^^^^^^^^^^^^^^^^
  File "C:\Users\leegg\Documents\StockFlow_final_logging\.venv\Lib\site-packages\pymysql\cursors.py", line 322, in _query
    conn.query(q)
  File "C:\Users\leegg\Documents\StockFlow_final_logging\.venv\Lib\site-packages\pymysql\connections.py", line 575, in query
    self._affected_rows = self._read_query_result(unbuffered=unbuffered)
                          ^^^^^^^^^^^^^^^^^^^^^^^^^^^^^^^^^^^^^^^^^^^^^^
  File "C:\Users\leegg\Documents\StockFlow_final_logging\.venv\Lib\site-packages\pymysql\connections.py", line 826, in _read_query_result
    result.read()
  File "C:\Users\leegg\Documents\StockFlow_final_logging\.venv\Lib\site-packages\pymysql\connections.py", line 1203, in read
    first_packet = self.connection._read_packet()
                   ^^^^^^^^^^^^^^^^^^^^^^^^^^^^^^
  File "C:\Users\leegg\Documents\StockFlow_final_logging\.venv\Lib\site-packages\pymysql\connections.py", line 782, in _read_packet
    packet.raise_for_error()
  File "C:\Users\leegg\Documents\StockFlow_final_logging\.venv\Lib\site-packages\pymysql\protocol.py", line 219, in raise_for_error
    err.raise_mysql_exception(self._data)
  File "C:\Users\leegg\Documents\StockFlow_final_logging\.venv\Lib\site-packages\pymysql\err.py", line 150, in raise_mysql_exception
    raise errorclass(errno, errval)
sqlalchemy.exc.OperationalError: (pymysql.err.OperationalError) (1054, "Unknown column 'user.name' in 'field list'")
[SQL: SELECT user.id AS user_id, user.username AS user_username, user.password_hash AS user_password_hash, user.`role` AS user_role, user.name AS user_name, user.position AS user_position, user.created_at AS user_created_at 
FROM user 
WHERE user.id = %(pk_1)s]
[parameters: {'pk_1': 6}]
(Background on this error at: https://sqlalche.me/e/20/e3q8)
2026-09-08 10:24:20 | ERROR | app | Unhandled exception | request_id=517460712a58 | method=GET | path=/logout
Traceback (most recent call last):
  File "C:\Users\leegg\Documents\StockFlow_final_logging\.venv\Lib\site-packages\sqlalchemy\engine\base.py", line 1969, in _exec_single_context
    self.dialect.do_execute(
  File "C:\Users\leegg\Documents\StockFlow_final_logging\.venv\Lib\site-packages\sqlalchemy\engine\default.py", line 952, in do_execute
    cursor.execute(statement, parameters)
  File "C:\Users\leegg\Documents\StockFlow_final_logging\.venv\Lib\site-packages\pymysql\cursors.py", line 153, in execute
    result = self._query(query)
             ^^^^^^^^^^^^^^^^^^
  File "C:\Users\leegg\Documents\StockFlow_final_logging\.venv\Lib\site-packages\pymysql\cursors.py", line 322, in _query
    conn.query(q)
  File "C:\Users\leegg\Documents\StockFlow_final_logging\.venv\Lib\site-packages\pymysql\connections.py", line 575, in query
    self._affected_rows = self._read_query_result(unbuffered=unbuffered)
                          ^^^^^^^^^^^^^^^^^^^^^^^^^^^^^^^^^^^^^^^^^^^^^^
  File "C:\Users\leegg\Documents\StockFlow_final_logging\.venv\Lib\site-packages\pymysql\connections.py", line 826, in _read_query_result
    result.read()
  File "C:\Users\leegg\Documents\StockFlow_final_logging\.venv\Lib\site-packages\pymysql\connections.py", line 1203, in read
    first_packet = self.connection._read_packet()
                   ^^^^^^^^^^^^^^^^^^^^^^^^^^^^^^
  File "C:\Users\leegg\Documents\StockFlow_final_logging\.venv\Lib\site-packages\pymysql\connections.py", line 782, in _read_packet
    packet.raise_for_error()
  File "C:\Users\leegg\Documents\StockFlow_final_logging\.venv\Lib\site-packages\pymysql\protocol.py", line 219, in raise_for_error
    err.raise_mysql_exception(self._data)
  File "C:\Users\leegg\Documents\StockFlow_final_logging\.venv\Lib\site-packages\pymysql\err.py", line 150, in raise_mysql_exception
    raise errorclass(errno, errval)
pymysql.err.OperationalError: (1054, "Unknown column 'user.name' in 'field list'")

The above exception was the direct cause of the following exception:

Traceback (most recent call last):
  File "C:\Users\leegg\Documents\StockFlow_final_logging\.venv\Lib\site-packages\flask\app.py", line 917, in full_dispatch_request
    rv = self.dispatch_request()
         ^^^^^^^^^^^^^^^^^^^^^^^
  File "C:\Users\leegg\Documents\StockFlow_final_logging\.venv\Lib\site-packages\flask\app.py", line 902, in dispatch_request
    return self.ensure_sync(self.view_functions[rule.endpoint])(**view_args)  # type: ignore[no-any-return]
           ^^^^^^^^^^^^^^^^^^^^^^^^^^^^^^^^^^^^^^^^^^^^^^^^^^^^^^^^^^^^^^^^^
  File "C:\Users\leegg\Documents\StockFlow_final_logging\.venv\Lib\site-packages\flask_login\utils.py", line 284, in decorated_view
    elif not current_user.is_authenticated:
             ^^^^^^^^^^^^^^^^^^^^^^^^^^^^^
  File "C:\Users\leegg\Documents\StockFlow_final_logging\.venv\Lib\site-packages\werkzeug\local.py", line 318, in __get__
    obj = instance._get_current_object()
          ^^^^^^^^^^^^^^^^^^^^^^^^^^^^^^
  File "C:\Users\leegg\Documents\StockFlow_final_logging\.venv\Lib\site-packages\werkzeug\local.py", line 526, in _get_current_object
    return get_name(local())
                    ^^^^^^^
  File "C:\Users\leegg\Documents\StockFlow_final_logging\.venv\Lib\site-packages\flask_login\utils.py", line 25, in <lambda>
    current_user = LocalProxy(lambda: _get_user())
                                      ^^^^^^^^^^^
  File "C:\Users\leegg\Documents\StockFlow_final_logging\.venv\Lib\site-packages\flask_login\utils.py", line 370, in _get_user
    current_app.login_manager._load_user()
  File "C:\Users\leegg\Documents\StockFlow_final_logging\.venv\Lib\site-packages\flask_login\login_manager.py", line 364, in _load_user
    user = self._user_callback(user_id)
           ^^^^^^^^^^^^^^^^^^^^^^^^^^^^
  File "C:\Users\leegg\Documents\StockFlow_final_logging\app\__init__.py", line 86, in load_user
    return db.session.get(User, int(user_id))
           ^^^^^^^^^^^^^^^^^^^^^^^^^^^^^^^^^^
  File "C:\Users\leegg\Documents\StockFlow_final_logging\.venv\Lib\site-packages\sqlalchemy\orm\scoping.py", line 1043, in get
    return self._proxied.get(
           ^^^^^^^^^^^^^^^^^^
  File "C:\Users\leegg\Documents\StockFlow_final_logging\.venv\Lib\site-packages\sqlalchemy\orm\session.py", line 3702, in get
    return self._get_impl(
           ^^^^^^^^^^^^^^^
  File "C:\Users\leegg\Documents\StockFlow_final_logging\.venv\Lib\site-packages\sqlalchemy\orm\session.py", line 3881, in _get_impl
    return db_load_fn(
           ^^^^^^^^^^^
  File "C:\Users\leegg\Documents\StockFlow_final_logging\.venv\Lib\site-packages\sqlalchemy\orm\loading.py", line 695, in load_on_pk_identity
    session.execute(
  File "C:\Users\leegg\Documents\StockFlow_final_logging\.venv\Lib\site-packages\sqlalchemy\orm\session.py", line 2373, in execute
    return self._execute_internal(
           ^^^^^^^^^^^^^^^^^^^^^^^
  File "C:\Users\leegg\Documents\StockFlow_final_logging\.venv\Lib\site-packages\sqlalchemy\orm\session.py", line 2271, in _execute_internal
    result: Result[Any] = compile_state_cls.orm_execute_statement(
                          ^^^^^^^^^^^^^^^^^^^^^^^^^^^^^^^^^^^^^^^^
  File "C:\Users\leegg\Documents\StockFlow_final_logging\.venv\Lib\site-packages\sqlalchemy\orm\context.py", line 306, in orm_execute_statement
    result = conn.execute(
             ^^^^^^^^^^^^^
  File "C:\Users\leegg\Documents\StockFlow_final_logging\.venv\Lib\site-packages\sqlalchemy\engine\base.py", line 1421, in execute
    return meth(
           ^^^^^
  File "C:\Users\leegg\Documents\StockFlow_final_logging\.venv\Lib\site-packages\sqlalchemy\sql\elements.py", line 526, in _execute_on_connection
    return connection._execute_clauseelement(
           ^^^^^^^^^^^^^^^^^^^^^^^^^^^^^^^^^^
  File "C:\Users\leegg\Documents\StockFlow_final_logging\.venv\Lib\site-packages\sqlalchemy\engine\base.py", line 1643, in _execute_clauseelement
    ret = self._execute_context(
          ^^^^^^^^^^^^^^^^^^^^^^
  File "C:\Users\leegg\Documents\StockFlow_final_logging\.venv\Lib\site-packages\sqlalchemy\engine\base.py", line 1848, in _execute_context
    return self._exec_single_context(
           ^^^^^^^^^^^^^^^^^^^^^^^^^^
  File "C:\Users\leegg\Documents\StockFlow_final_logging\.venv\Lib\site-packages\sqlalchemy\engine\base.py", line 1988, in _exec_single_context
    self._handle_dbapi_exception(
  File "C:\Users\leegg\Documents\StockFlow_final_logging\.venv\Lib\site-packages\sqlalchemy\engine\base.py", line 2365, in _handle_dbapi_exception
    raise sqlalchemy_exception.with_traceback(exc_info[2]) from e
  File "C:\Users\leegg\Documents\StockFlow_final_logging\.venv\Lib\site-packages\sqlalchemy\engine\base.py", line 1969, in _exec_single_context
    self.dialect.do_execute(
  File "C:\Users\leegg\Documents\StockFlow_final_logging\.venv\Lib\site-packages\sqlalchemy\engine\default.py", line 952, in do_execute
    cursor.execute(statement, parameters)
  File "C:\Users\leegg\Documents\StockFlow_final_logging\.venv\Lib\site-packages\pymysql\cursors.py", line 153, in execute
    result = self._query(query)
             ^^^^^^^^^^^^^^^^^^
  File "C:\Users\leegg\Documents\StockFlow_final_logging\.venv\Lib\site-packages\pymysql\cursors.py", line 322, in _query
    conn.query(q)
  File "C:\Users\leegg\Documents\StockFlow_final_logging\.venv\Lib\site-packages\pymysql\connections.py", line 575, in query
    self._affected_rows = self._read_query_result(unbuffered=unbuffered)
                          ^^^^^^^^^^^^^^^^^^^^^^^^^^^^^^^^^^^^^^^^^^^^^^
  File "C:\Users\leegg\Documents\StockFlow_final_logging\.venv\Lib\site-packages\pymysql\connections.py", line 826, in _read_query_result
    result.read()
  File "C:\Users\leegg\Documents\StockFlow_final_logging\.venv\Lib\site-packages\pymysql\connections.py", line 1203, in read
    first_packet = self.connection._read_packet()
                   ^^^^^^^^^^^^^^^^^^^^^^^^^^^^^^
  File "C:\Users\leegg\Documents\StockFlow_final_logging\.venv\Lib\site-packages\pymysql\connections.py", line 782, in _read_packet
    packet.raise_for_error()
  File "C:\Users\leegg\Documents\StockFlow_final_logging\.venv\Lib\site-packages\pymysql\protocol.py", line 219, in raise_for_error
    err.raise_mysql_exception(self._data)
  File "C:\Users\leegg\Documents\StockFlow_final_logging\.venv\Lib\site-packages\pymysql\err.py", line 150, in raise_mysql_exception
    raise errorclass(errno, errval)
sqlalchemy.exc.OperationalError: (pymysql.err.OperationalError) (1054, "Unknown column 'user.name' in 'field list'")
[SQL: SELECT user.id AS user_id, user.username AS user_username, user.password_hash AS user_password_hash, user.`role` AS user_role, user.name AS user_name, user.position AS user_position, user.created_at AS user_created_at 
FROM user 
WHERE user.id = %(pk_1)s]
[parameters: {'pk_1': 6}]
(Background on this error at: https://sqlalche.me/e/20/e3q8)
2026-09-08 10:24:20 | ERROR | app | Exception on /logout [GET]
Traceback (most recent call last):
  File "C:\Users\leegg\Documents\StockFlow_final_logging\.venv\Lib\site-packages\sqlalchemy\engine\base.py", line 1969, in _exec_single_context
    self.dialect.do_execute(
  File "C:\Users\leegg\Documents\StockFlow_final_logging\.venv\Lib\site-packages\sqlalchemy\engine\default.py", line 952, in do_execute
    cursor.execute(statement, parameters)
  File "C:\Users\leegg\Documents\StockFlow_final_logging\.venv\Lib\site-packages\pymysql\cursors.py", line 153, in execute
    result = self._query(query)
             ^^^^^^^^^^^^^^^^^^
  File "C:\Users\leegg\Documents\StockFlow_final_logging\.venv\Lib\site-packages\pymysql\cursors.py", line 322, in _query
    conn.query(q)
  File "C:\Users\leegg\Documents\StockFlow_final_logging\.venv\Lib\site-packages\pymysql\connections.py", line 575, in query
    self._affected_rows = self._read_query_result(unbuffered=unbuffered)
                          ^^^^^^^^^^^^^^^^^^^^^^^^^^^^^^^^^^^^^^^^^^^^^^
  File "C:\Users\leegg\Documents\StockFlow_final_logging\.venv\Lib\site-packages\pymysql\connections.py", line 826, in _read_query_result
    result.read()
  File "C:\Users\leegg\Documents\StockFlow_final_logging\.venv\Lib\site-packages\pymysql\connections.py", line 1203, in read
    first_packet = self.connection._read_packet()
                   ^^^^^^^^^^^^^^^^^^^^^^^^^^^^^^
  File "C:\Users\leegg\Documents\StockFlow_final_logging\.venv\Lib\site-packages\pymysql\connections.py", line 782, in _read_packet
    packet.raise_for_error()
  File "C:\Users\leegg\Documents\StockFlow_final_logging\.venv\Lib\site-packages\pymysql\protocol.py", line 219, in raise_for_error
    err.raise_mysql_exception(self._data)
  File "C:\Users\leegg\Documents\StockFlow_final_logging\.venv\Lib\site-packages\pymysql\err.py", line 150, in raise_mysql_exception
    raise errorclass(errno, errval)
pymysql.err.OperationalError: (1054, "Unknown column 'user.name' in 'field list'")

The above exception was the direct cause of the following exception:

Traceback (most recent call last):
  File "C:\Users\leegg\Documents\StockFlow_final_logging\.venv\Lib\site-packages\flask\app.py", line 1511, in wsgi_app
    response = self.full_dispatch_request()
               ^^^^^^^^^^^^^^^^^^^^^^^^^^^^
  File "C:\Users\leegg\Documents\StockFlow_final_logging\.venv\Lib\site-packages\flask\app.py", line 920, in full_dispatch_request
    return self.finalize_request(rv)
           ^^^^^^^^^^^^^^^^^^^^^^^^^
  File "C:\Users\leegg\Documents\StockFlow_final_logging\.venv\Lib\site-packages\flask\app.py", line 941, in finalize_request
    response = self.process_response(response)
               ^^^^^^^^^^^^^^^^^^^^^^^^^^^^^^^
  File "C:\Users\leegg\Documents\StockFlow_final_logging\.venv\Lib\site-packages\flask\app.py", line 1319, in process_response
    response = self.ensure_sync(func)(response)
               ^^^^^^^^^^^^^^^^^^^^^^^^^^^^^^^^
  File "C:\Users\leegg\Documents\StockFlow_final_logging\app\__init__.py", line 42, in _request_end
    getattr(current_user, "id", None) if current_user.is_authenticated else None
                                         ^^^^^^^^^^^^^^^^^^^^^^^^^^^^^
  File "C:\Users\leegg\Documents\StockFlow_final_logging\.venv\Lib\site-packages\werkzeug\local.py", line 318, in __get__
    obj = instance._get_current_object()
          ^^^^^^^^^^^^^^^^^^^^^^^^^^^^^^
  File "C:\Users\leegg\Documents\StockFlow_final_logging\.venv\Lib\site-packages\werkzeug\local.py", line 526, in _get_current_object
    return get_name(local())
                    ^^^^^^^
  File "C:\Users\leegg\Documents\StockFlow_final_logging\.venv\Lib\site-packages\flask_login\utils.py", line 25, in <lambda>
    current_user = LocalProxy(lambda: _get_user())
                                      ^^^^^^^^^^^
  File "C:\Users\leegg\Documents\StockFlow_final_logging\.venv\Lib\site-packages\flask_login\utils.py", line 370, in _get_user
    current_app.login_manager._load_user()
  File "C:\Users\leegg\Documents\StockFlow_final_logging\.venv\Lib\site-packages\flask_login\login_manager.py", line 364, in _load_user
    user = self._user_callback(user_id)
           ^^^^^^^^^^^^^^^^^^^^^^^^^^^^
  File "C:\Users\leegg\Documents\StockFlow_final_logging\app\__init__.py", line 86, in load_user
    return db.session.get(User, int(user_id))
           ^^^^^^^^^^^^^^^^^^^^^^^^^^^^^^^^^^
  File "C:\Users\leegg\Documents\StockFlow_final_logging\.venv\Lib\site-packages\sqlalchemy\orm\scoping.py", line 1043, in get
    return self._proxied.get(
           ^^^^^^^^^^^^^^^^^^
  File "C:\Users\leegg\Documents\StockFlow_final_logging\.venv\Lib\site-packages\sqlalchemy\orm\session.py", line 3702, in get
    return self._get_impl(
           ^^^^^^^^^^^^^^^
  File "C:\Users\leegg\Documents\StockFlow_final_logging\.venv\Lib\site-packages\sqlalchemy\orm\session.py", line 3881, in _get_impl
    return db_load_fn(
           ^^^^^^^^^^^
  File "C:\Users\leegg\Documents\StockFlow_final_logging\.venv\Lib\site-packages\sqlalchemy\orm\loading.py", line 695, in load_on_pk_identity
    session.execute(
  File "C:\Users\leegg\Documents\StockFlow_final_logging\.venv\Lib\site-packages\sqlalchemy\orm\session.py", line 2373, in execute
    return self._execute_internal(
           ^^^^^^^^^^^^^^^^^^^^^^^
  File "C:\Users\leegg\Documents\StockFlow_final_logging\.venv\Lib\site-packages\sqlalchemy\orm\session.py", line 2271, in _execute_internal
    result: Result[Any] = compile_state_cls.orm_execute_statement(
                          ^^^^^^^^^^^^^^^^^^^^^^^^^^^^^^^^^^^^^^^^
  File "C:\Users\leegg\Documents\StockFlow_final_logging\.venv\Lib\site-packages\sqlalchemy\orm\context.py", line 306, in orm_execute_statement
    result = conn.execute(
             ^^^^^^^^^^^^^
  File "C:\Users\leegg\Documents\StockFlow_final_logging\.venv\Lib\site-packages\sqlalchemy\engine\base.py", line 1421, in execute
    return meth(
           ^^^^^
  File "C:\Users\leegg\Documents\StockFlow_final_logging\.venv\Lib\site-packages\sqlalchemy\sql\elements.py", line 526, in _execute_on_connection
    return connection._execute_clauseelement(
           ^^^^^^^^^^^^^^^^^^^^^^^^^^^^^^^^^^
  File "C:\Users\leegg\Documents\StockFlow_final_logging\.venv\Lib\site-packages\sqlalchemy\engine\base.py", line 1643, in _execute_clauseelement
    ret = self._execute_context(
          ^^^^^^^^^^^^^^^^^^^^^^
  File "C:\Users\leegg\Documents\StockFlow_final_logging\.venv\Lib\site-packages\sqlalchemy\engine\base.py", line 1848, in _execute_context
    return self._exec_single_context(
           ^^^^^^^^^^^^^^^^^^^^^^^^^^
  File "C:\Users\leegg\Documents\StockFlow_final_logging\.venv\Lib\site-packages\sqlalchemy\engine\base.py", line 1988, in _exec_single_context
    self._handle_dbapi_exception(
  File "C:\Users\leegg\Documents\StockFlow_final_logging\.venv\Lib\site-packages\sqlalchemy\engine\base.py", line 2365, in _handle_dbapi_exception
    raise sqlalchemy_exception.with_traceback(exc_info[2]) from e
  File "C:\Users\leegg\Documents\StockFlow_final_logging\.venv\Lib\site-packages\sqlalchemy\engine\base.py", line 1969, in _exec_single_context
    self.dialect.do_execute(
  File "C:\Users\leegg\Documents\StockFlow_final_logging\.venv\Lib\site-packages\sqlalchemy\engine\default.py", line 952, in do_execute
    cursor.execute(statement, parameters)
  File "C:\Users\leegg\Documents\StockFlow_final_logging\.venv\Lib\site-packages\pymysql\cursors.py", line 153, in execute
    result = self._query(query)
             ^^^^^^^^^^^^^^^^^^
  File "C:\Users\leegg\Documents\StockFlow_final_logging\.venv\Lib\site-packages\pymysql\cursors.py", line 322, in _query
    conn.query(q)
  File "C:\Users\leegg\Documents\StockFlow_final_logging\.venv\Lib\site-packages\pymysql\connections.py", line 575, in query
    self._affected_rows = self._read_query_result(unbuffered=unbuffered)
                          ^^^^^^^^^^^^^^^^^^^^^^^^^^^^^^^^^^^^^^^^^^^^^^
  File "C:\Users\leegg\Documents\StockFlow_final_logging\.venv\Lib\site-packages\pymysql\connections.py", line 826, in _read_query_result
    result.read()
  File "C:\Users\leegg\Documents\StockFlow_final_logging\.venv\Lib\site-packages\pymysql\connections.py", line 1203, in read
    first_packet = self.connection._read_packet()
                   ^^^^^^^^^^^^^^^^^^^^^^^^^^^^^^
  File "C:\Users\leegg\Documents\StockFlow_final_logging\.venv\Lib\site-packages\pymysql\connections.py", line 782, in _read_packet
    packet.raise_for_error()
  File "C:\Users\leegg\Documents\StockFlow_final_logging\.venv\Lib\site-packages\pymysql\protocol.py", line 219, in raise_for_error
    err.raise_mysql_exception(self._data)
  File "C:\Users\leegg\Documents\StockFlow_final_logging\.venv\Lib\site-packages\pymysql\err.py", line 150, in raise_mysql_exception
    raise errorclass(errno, errval)
sqlalchemy.exc.OperationalError: (pymysql.err.OperationalError) (1054, "Unknown column 'user.name' in 'field list'")
[SQL: SELECT user.id AS user_id, user.username AS user_username, user.password_hash AS user_password_hash, user.`role` AS user_role, user.name AS user_name, user.position AS user_position, user.created_at AS user_created_at 
FROM user 
WHERE user.id = %(pk_1)s]
[parameters: {'pk_1': 6}]
(Background on this error at: https://sqlalche.me/e/20/e3q8)
2026-09-08 10:24:21 | ERROR | app | Request finalizing failed with an error while handling an error
Traceback (most recent call last):
  File "C:\Users\leegg\Documents\StockFlow_final_logging\.venv\Lib\site-packages\sqlalchemy\engine\base.py", line 1969, in _exec_single_context
    self.dialect.do_execute(
  File "C:\Users\leegg\Documents\StockFlow_final_logging\.venv\Lib\site-packages\sqlalchemy\engine\default.py", line 952, in do_execute
    cursor.execute(statement, parameters)
  File "C:\Users\leegg\Documents\StockFlow_final_logging\.venv\Lib\site-packages\pymysql\cursors.py", line 153, in execute
    result = self._query(query)
             ^^^^^^^^^^^^^^^^^^
  File "C:\Users\leegg\Documents\StockFlow_final_logging\.venv\Lib\site-packages\pymysql\cursors.py", line 322, in _query
    conn.query(q)
  File "C:\Users\leegg\Documents\StockFlow_final_logging\.venv\Lib\site-packages\pymysql\connections.py", line 575, in query
    self._affected_rows = self._read_query_result(unbuffered=unbuffered)
                          ^^^^^^^^^^^^^^^^^^^^^^^^^^^^^^^^^^^^^^^^^^^^^^
  File "C:\Users\leegg\Documents\StockFlow_final_logging\.venv\Lib\site-packages\pymysql\connections.py", line 826, in _read_query_result
    result.read()
  File "C:\Users\leegg\Documents\StockFlow_final_logging\.venv\Lib\site-packages\pymysql\connections.py", line 1203, in read
    first_packet = self.connection._read_packet()
                   ^^^^^^^^^^^^^^^^^^^^^^^^^^^^^^
  File "C:\Users\leegg\Documents\StockFlow_final_logging\.venv\Lib\site-packages\pymysql\connections.py", line 782, in _read_packet
    packet.raise_for_error()
  File "C:\Users\leegg\Documents\StockFlow_final_logging\.venv\Lib\site-packages\pymysql\protocol.py", line 219, in raise_for_error
    err.raise_mysql_exception(self._data)
  File "C:\Users\leegg\Documents\StockFlow_final_logging\.venv\Lib\site-packages\pymysql\err.py", line 150, in raise_mysql_exception
    raise errorclass(errno, errval)
pymysql.err.OperationalError: (1054, "Unknown column 'user.name' in 'field list'")

The above exception was the direct cause of the following exception:

Traceback (most recent call last):
  File "C:\Users\leegg\Documents\StockFlow_final_logging\.venv\Lib\site-packages\flask\app.py", line 1511, in wsgi_app
    response = self.full_dispatch_request()
               ^^^^^^^^^^^^^^^^^^^^^^^^^^^^
  File "C:\Users\leegg\Documents\StockFlow_final_logging\.venv\Lib\site-packages\flask\app.py", line 920, in full_dispatch_request
    return self.finalize_request(rv)
           ^^^^^^^^^^^^^^^^^^^^^^^^^
  File "C:\Users\leegg\Documents\StockFlow_final_logging\.venv\Lib\site-packages\flask\app.py", line 941, in finalize_request
    response = self.process_response(response)
               ^^^^^^^^^^^^^^^^^^^^^^^^^^^^^^^
  File "C:\Users\leegg\Documents\StockFlow_final_logging\.venv\Lib\site-packages\flask\app.py", line 1319, in process_response
    response = self.ensure_sync(func)(response)
               ^^^^^^^^^^^^^^^^^^^^^^^^^^^^^^^^
  File "C:\Users\leegg\Documents\StockFlow_final_logging\app\__init__.py", line 42, in _request_end
    getattr(current_user, "id", None) if current_user.is_authenticated else None
                                         ^^^^^^^^^^^^^^^^^^^^^^^^^^^^^
  File "C:\Users\leegg\Documents\StockFlow_final_logging\.venv\Lib\site-packages\werkzeug\local.py", line 318, in __get__
    obj = instance._get_current_object()
          ^^^^^^^^^^^^^^^^^^^^^^^^^^^^^^
  File "C:\Users\leegg\Documents\StockFlow_final_logging\.venv\Lib\site-packages\werkzeug\local.py", line 526, in _get_current_object
    return get_name(local())
                    ^^^^^^^
  File "C:\Users\leegg\Documents\StockFlow_final_logging\.venv\Lib\site-packages\flask_login\utils.py", line 25, in <lambda>
    current_user = LocalProxy(lambda: _get_user())
                                      ^^^^^^^^^^^
  File "C:\Users\leegg\Documents\StockFlow_final_logging\.venv\Lib\site-packages\flask_login\utils.py", line 370, in _get_user
    current_app.login_manager._load_user()
  File "C:\Users\leegg\Documents\StockFlow_final_logging\.venv\Lib\site-packages\flask_login\login_manager.py", line 364, in _load_user
    user = self._user_callback(user_id)
           ^^^^^^^^^^^^^^^^^^^^^^^^^^^^
  File "C:\Users\leegg\Documents\StockFlow_final_logging\app\__init__.py", line 86, in load_user
    return db.session.get(User, int(user_id))
           ^^^^^^^^^^^^^^^^^^^^^^^^^^^^^^^^^^
  File "C:\Users\leegg\Documents\StockFlow_final_logging\.venv\Lib\site-packages\sqlalchemy\orm\scoping.py", line 1043, in get
    return self._proxied.get(
           ^^^^^^^^^^^^^^^^^^
  File "C:\Users\leegg\Documents\StockFlow_final_logging\.venv\Lib\site-packages\sqlalchemy\orm\session.py", line 3702, in get
    return self._get_impl(
           ^^^^^^^^^^^^^^^
  File "C:\Users\leegg\Documents\StockFlow_final_logging\.venv\Lib\site-packages\sqlalchemy\orm\session.py", line 3881, in _get_impl
    return db_load_fn(
           ^^^^^^^^^^^
  File "C:\Users\leegg\Documents\StockFlow_final_logging\.venv\Lib\site-packages\sqlalchemy\orm\loading.py", line 695, in load_on_pk_identity
    session.execute(
  File "C:\Users\leegg\Documents\StockFlow_final_logging\.venv\Lib\site-packages\sqlalchemy\orm\session.py", line 2373, in execute
    return self._execute_internal(
           ^^^^^^^^^^^^^^^^^^^^^^^
  File "C:\Users\leegg\Documents\StockFlow_final_logging\.venv\Lib\site-packages\sqlalchemy\orm\session.py", line 2271, in _execute_internal
    result: Result[Any] = compile_state_cls.orm_execute_statement(
                          ^^^^^^^^^^^^^^^^^^^^^^^^^^^^^^^^^^^^^^^^
  File "C:\Users\leegg\Documents\StockFlow_final_logging\.venv\Lib\site-packages\sqlalchemy\orm\context.py", line 306, in orm_execute_statement
    result = conn.execute(
             ^^^^^^^^^^^^^
  File "C:\Users\leegg\Documents\StockFlow_final_logging\.venv\Lib\site-packages\sqlalchemy\engine\base.py", line 1421, in execute
    return meth(
           ^^^^^
  File "C:\Users\leegg\Documents\StockFlow_final_logging\.venv\Lib\site-packages\sqlalchemy\sql\elements.py", line 526, in _execute_on_connection
    return connection._execute_clauseelement(
           ^^^^^^^^^^^^^^^^^^^^^^^^^^^^^^^^^^
  File "C:\Users\leegg\Documents\StockFlow_final_logging\.venv\Lib\site-packages\sqlalchemy\engine\base.py", line 1643, in _execute_clauseelement
    ret = self._execute_context(
          ^^^^^^^^^^^^^^^^^^^^^^
  File "C:\Users\leegg\Documents\StockFlow_final_logging\.venv\Lib\site-packages\sqlalchemy\engine\base.py", line 1848, in _execute_context
    return self._exec_single_context(
           ^^^^^^^^^^^^^^^^^^^^^^^^^^
  File "C:\Users\leegg\Documents\StockFlow_final_logging\.venv\Lib\site-packages\sqlalchemy\engine\base.py", line 1988, in _exec_single_context
    self._handle_dbapi_exception(
  File "C:\Users\leegg\Documents\StockFlow_final_logging\.venv\Lib\site-packages\sqlalchemy\engine\base.py", line 2365, in _handle_dbapi_exception
    raise sqlalchemy_exception.with_traceback(exc_info[2]) from e
  File "C:\Users\leegg\Documents\StockFlow_final_logging\.venv\Lib\site-packages\sqlalchemy\engine\base.py", line 1969, in _exec_single_context
    self.dialect.do_execute(
  File "C:\Users\leegg\Documents\StockFlow_final_logging\.venv\Lib\site-packages\sqlalchemy\engine\default.py", line 952, in do_execute
    cursor.execute(statement, parameters)
  File "C:\Users\leegg\Documents\StockFlow_final_logging\.venv\Lib\site-packages\pymysql\cursors.py", line 153, in execute
    result = self._query(query)
             ^^^^^^^^^^^^^^^^^^
  File "C:\Users\leegg\Documents\StockFlow_final_logging\.venv\Lib\site-packages\pymysql\cursors.py", line 322, in _query
    conn.query(q)
  File "C:\Users\leegg\Documents\StockFlow_final_logging\.venv\Lib\site-packages\pymysql\connections.py", line 575, in query
    self._affected_rows = self._read_query_result(unbuffered=unbuffered)
                          ^^^^^^^^^^^^^^^^^^^^^^^^^^^^^^^^^^^^^^^^^^^^^^
  File "C:\Users\leegg\Documents\StockFlow_final_logging\.venv\Lib\site-packages\pymysql\connections.py", line 826, in _read_query_result
    result.read()
  File "C:\Users\leegg\Documents\StockFlow_final_logging\.venv\Lib\site-packages\pymysql\connections.py", line 1203, in read
    first_packet = self.connection._read_packet()
                   ^^^^^^^^^^^^^^^^^^^^^^^^^^^^^^
  File "C:\Users\leegg\Documents\StockFlow_final_logging\.venv\Lib\site-packages\pymysql\connections.py", line 782, in _read_packet
    packet.raise_for_error()
  File "C:\Users\leegg\Documents\StockFlow_final_logging\.venv\Lib\site-packages\pymysql\protocol.py", line 219, in raise_for_error
    err.raise_mysql_exception(self._data)
  File "C:\Users\leegg\Documents\StockFlow_final_logging\.venv\Lib\site-packages\pymysql\err.py", line 150, in raise_mysql_exception
    raise errorclass(errno, errval)
sqlalchemy.exc.OperationalError: (pymysql.err.OperationalError) (1054, "Unknown column 'user.name' in 'field list'")
[SQL: SELECT user.id AS user_id, user.username AS user_username, user.password_hash AS user_password_hash, user.`role` AS user_role, user.name AS user_name, user.position AS user_position, user.created_at AS user_created_at 
FROM user 
WHERE user.id = %(pk_1)s]
[parameters: {'pk_1': 6}]
(Background on this error at: https://sqlalche.me/e/20/e3q8)

During handling of the above exception, another exception occurred:

Traceback (most recent call last):
  File "C:\Users\leegg\Documents\StockFlow_final_logging\.venv\Lib\site-packages\sqlalchemy\engine\base.py", line 1969, in _exec_single_context
    self.dialect.do_execute(
  File "C:\Users\leegg\Documents\StockFlow_final_logging\.venv\Lib\site-packages\sqlalchemy\engine\default.py", line 952, in do_execute
    cursor.execute(statement, parameters)
  File "C:\Users\leegg\Documents\StockFlow_final_logging\.venv\Lib\site-packages\pymysql\cursors.py", line 153, in execute
    result = self._query(query)
             ^^^^^^^^^^^^^^^^^^
  File "C:\Users\leegg\Documents\StockFlow_final_logging\.venv\Lib\site-packages\pymysql\cursors.py", line 322, in _query
    conn.query(q)
  File "C:\Users\leegg\Documents\StockFlow_final_logging\.venv\Lib\site-packages\pymysql\connections.py", line 575, in query
    self._affected_rows = self._read_query_result(unbuffered=unbuffered)
                          ^^^^^^^^^^^^^^^^^^^^^^^^^^^^^^^^^^^^^^^^^^^^^^
  File "C:\Users\leegg\Documents\StockFlow_final_logging\.venv\Lib\site-packages\pymysql\connections.py", line 826, in _read_query_result
    result.read()
  File "C:\Users\leegg\Documents\StockFlow_final_logging\.venv\Lib\site-packages\pymysql\connections.py", line 1203, in read
    first_packet = self.connection._read_packet()
                   ^^^^^^^^^^^^^^^^^^^^^^^^^^^^^^
  File "C:\Users\leegg\Documents\StockFlow_final_logging\.venv\Lib\site-packages\pymysql\connections.py", line 782, in _read_packet
    packet.raise_for_error()
  File "C:\Users\leegg\Documents\StockFlow_final_logging\.venv\Lib\site-packages\pymysql\protocol.py", line 219, in raise_for_error
    err.raise_mysql_exception(self._data)
  File "C:\Users\leegg\Documents\StockFlow_final_logging\.venv\Lib\site-packages\pymysql\err.py", line 150, in raise_mysql_exception
    raise errorclass(errno, errval)
pymysql.err.OperationalError: (1054, "Unknown column 'user.name' in 'field list'")

The above exception was the direct cause of the following exception:

Traceback (most recent call last):
  File "C:\Users\leegg\Documents\StockFlow_final_logging\.venv\Lib\site-packages\flask\app.py", line 941, in finalize_request
    response = self.process_response(response)
               ^^^^^^^^^^^^^^^^^^^^^^^^^^^^^^^
  File "C:\Users\leegg\Documents\StockFlow_final_logging\.venv\Lib\site-packages\flask\app.py", line 1319, in process_response
    response = self.ensure_sync(func)(response)
               ^^^^^^^^^^^^^^^^^^^^^^^^^^^^^^^^
  File "C:\Users\leegg\Documents\StockFlow_final_logging\app\__init__.py", line 42, in _request_end
    getattr(current_user, "id", None) if current_user.is_authenticated else None
                                         ^^^^^^^^^^^^^^^^^^^^^^^^^^^^^
  File "C:\Users\leegg\Documents\StockFlow_final_logging\.venv\Lib\site-packages\werkzeug\local.py", line 318, in __get__
    obj = instance._get_current_object()
          ^^^^^^^^^^^^^^^^^^^^^^^^^^^^^^
  File "C:\Users\leegg\Documents\StockFlow_final_logging\.venv\Lib\site-packages\werkzeug\local.py", line 526, in _get_current_object
    return get_name(local())
                    ^^^^^^^
  File "C:\Users\leegg\Documents\StockFlow_final_logging\.venv\Lib\site-packages\flask_login\utils.py", line 25, in <lambda>
    current_user = LocalProxy(lambda: _get_user())
                                      ^^^^^^^^^^^
  File "C:\Users\leegg\Documents\StockFlow_final_logging\.venv\Lib\site-packages\flask_login\utils.py", line 370, in _get_user
    current_app.login_manager._load_user()
  File "C:\Users\leegg\Documents\StockFlow_final_logging\.venv\Lib\site-packages\flask_login\login_manager.py", line 364, in _load_user
    user = self._user_callback(user_id)
           ^^^^^^^^^^^^^^^^^^^^^^^^^^^^
  File "C:\Users\leegg\Documents\StockFlow_final_logging\app\__init__.py", line 86, in load_user
    return db.session.get(User, int(user_id))
           ^^^^^^^^^^^^^^^^^^^^^^^^^^^^^^^^^^
  File "C:\Users\leegg\Documents\StockFlow_final_logging\.venv\Lib\site-packages\sqlalchemy\orm\scoping.py", line 1043, in get
    return self._proxied.get(
           ^^^^^^^^^^^^^^^^^^
  File "C:\Users\leegg\Documents\StockFlow_final_logging\.venv\Lib\site-packages\sqlalchemy\orm\session.py", line 3702, in get
    return self._get_impl(
           ^^^^^^^^^^^^^^^
  File "C:\Users\leegg\Documents\StockFlow_final_logging\.venv\Lib\site-packages\sqlalchemy\orm\session.py", line 3881, in _get_impl
    return db_load_fn(
           ^^^^^^^^^^^
  File "C:\Users\leegg\Documents\StockFlow_final_logging\.venv\Lib\site-packages\sqlalchemy\orm\loading.py", line 695, in load_on_pk_identity
    session.execute(
  File "C:\Users\leegg\Documents\StockFlow_final_logging\.venv\Lib\site-packages\sqlalchemy\orm\session.py", line 2373, in execute
    return self._execute_internal(
           ^^^^^^^^^^^^^^^^^^^^^^^
  File "C:\Users\leegg\Documents\StockFlow_final_logging\.venv\Lib\site-packages\sqlalchemy\orm\session.py", line 2271, in _execute_internal
    result: Result[Any] = compile_state_cls.orm_execute_statement(
                          ^^^^^^^^^^^^^^^^^^^^^^^^^^^^^^^^^^^^^^^^
  File "C:\Users\leegg\Documents\StockFlow_final_logging\.venv\Lib\site-packages\sqlalchemy\orm\context.py", line 306, in orm_execute_statement
    result = conn.execute(
             ^^^^^^^^^^^^^
  File "C:\Users\leegg\Documents\StockFlow_final_logging\.venv\Lib\site-packages\sqlalchemy\engine\base.py", line 1421, in execute
    return meth(
           ^^^^^
  File "C:\Users\leegg\Documents\StockFlow_final_logging\.venv\Lib\site-packages\sqlalchemy\sql\elements.py", line 526, in _execute_on_connection
    return connection._execute_clauseelement(
           ^^^^^^^^^^^^^^^^^^^^^^^^^^^^^^^^^^
  File "C:\Users\leegg\Documents\StockFlow_final_logging\.venv\Lib\site-packages\sqlalchemy\engine\base.py", line 1643, in _execute_clauseelement
    ret = self._execute_context(
          ^^^^^^^^^^^^^^^^^^^^^^
  File "C:\Users\leegg\Documents\StockFlow_final_logging\.venv\Lib\site-packages\sqlalchemy\engine\base.py", line 1848, in _execute_context
    return self._exec_single_context(
           ^^^^^^^^^^^^^^^^^^^^^^^^^^
  File "C:\Users\leegg\Documents\StockFlow_final_logging\.venv\Lib\site-packages\sqlalchemy\engine\base.py", line 1988, in _exec_single_context
    self._handle_dbapi_exception(
  File "C:\Users\leegg\Documents\StockFlow_final_logging\.venv\Lib\site-packages\sqlalchemy\engine\base.py", line 2365, in _handle_dbapi_exception
    raise sqlalchemy_exception.with_traceback(exc_info[2]) from e
  File "C:\Users\leegg\Documents\StockFlow_final_logging\.venv\Lib\site-packages\sqlalchemy\engine\base.py", line 1969, in _exec_single_context
    self.dialect.do_execute(
  File "C:\Users\leegg\Documents\StockFlow_final_logging\.venv\Lib\site-packages\sqlalchemy\engine\default.py", line 952, in do_execute
    cursor.execute(statement, parameters)
  File "C:\Users\leegg\Documents\StockFlow_final_logging\.venv\Lib\site-packages\pymysql\cursors.py", line 153, in execute
    result = self._query(query)
             ^^^^^^^^^^^^^^^^^^
  File "C:\Users\leegg\Documents\StockFlow_final_logging\.venv\Lib\site-packages\pymysql\cursors.py", line 322, in _query
    conn.query(q)
  File "C:\Users\leegg\Documents\StockFlow_final_logging\.venv\Lib\site-packages\pymysql\connections.py", line 575, in query
    self._affected_rows = self._read_query_result(unbuffered=unbuffered)
                          ^^^^^^^^^^^^^^^^^^^^^^^^^^^^^^^^^^^^^^^^^^^^^^
  File "C:\Users\leegg\Documents\StockFlow_final_logging\.venv\Lib\site-packages\pymysql\connections.py", line 826, in _read_query_result
    result.read()
  File "C:\Users\leegg\Documents\StockFlow_final_logging\.venv\Lib\site-packages\pymysql\connections.py", line 1203, in read
    first_packet = self.connection._read_packet()
                   ^^^^^^^^^^^^^^^^^^^^^^^^^^^^^^
  File "C:\Users\leegg\Documents\StockFlow_final_logging\.venv\Lib\site-packages\pymysql\connections.py", line 782, in _read_packet
    packet.raise_for_error()
  File "C:\Users\leegg\Documents\StockFlow_final_logging\.venv\Lib\site-packages\pymysql\protocol.py", line 219, in raise_for_error
    err.raise_mysql_exception(self._data)
  File "C:\Users\leegg\Documents\StockFlow_final_logging\.venv\Lib\site-packages\pymysql\err.py", line 150, in raise_mysql_exception
    raise errorclass(errno, errval)
sqlalchemy.exc.OperationalError: (pymysql.err.OperationalError) (1054, "Unknown column 'user.name' in 'field list'")
[SQL: SELECT user.id AS user_id, user.username AS user_username, user.password_hash AS user_password_hash, user.`role` AS user_role, user.name AS user_name, user.position AS user_position, user.created_at AS user_created_at 
FROM user 
WHERE user.id = %(pk_1)s]
[parameters: {'pk_1': 6}]
(Background on this error at: https://sqlalche.me/e/20/e3q8)
2026-09-08 10:24:35 | INFO | app | StockFlow logging initialized | level=INFO | dir=logs
2026-09-08 10:24:37 | INFO | app | Flask application initialized
2026-09-08 10:24:39 | ERROR | app | Unhandled exception | request_id=59052612a886 | method=GET | path=/
Traceback (most recent call last):
  File "C:\Users\leegg\Documents\StockFlow_final_logging\.venv\Lib\site-packages\sqlalchemy\engine\base.py", line 1969, in _exec_single_context
    self.dialect.do_execute(
  File "C:\Users\leegg\Documents\StockFlow_final_logging\.venv\Lib\site-packages\sqlalchemy\engine\default.py", line 952, in do_execute
    cursor.execute(statement, parameters)
  File "C:\Users\leegg\Documents\StockFlow_final_logging\.venv\Lib\site-packages\pymysql\cursors.py", line 153, in execute
    result = self._query(query)
             ^^^^^^^^^^^^^^^^^^
  File "C:\Users\leegg\Documents\StockFlow_final_logging\.venv\Lib\site-packages\pymysql\cursors.py", line 322, in _query
    conn.query(q)
  File "C:\Users\leegg\Documents\StockFlow_final_logging\.venv\Lib\site-packages\pymysql\connections.py", line 575, in query
    self._affected_rows = self._read_query_result(unbuffered=unbuffered)
                          ^^^^^^^^^^^^^^^^^^^^^^^^^^^^^^^^^^^^^^^^^^^^^^
  File "C:\Users\leegg\Documents\StockFlow_final_logging\.venv\Lib\site-packages\pymysql\connections.py", line 826, in _read_query_result
    result.read()
  File "C:\Users\leegg\Documents\StockFlow_final_logging\.venv\Lib\site-packages\pymysql\connections.py", line 1203, in read
    first_packet = self.connection._read_packet()
                   ^^^^^^^^^^^^^^^^^^^^^^^^^^^^^^
  File "C:\Users\leegg\Documents\StockFlow_final_logging\.venv\Lib\site-packages\pymysql\connections.py", line 782, in _read_packet
    packet.raise_for_error()
  File "C:\Users\leegg\Documents\StockFlow_final_logging\.venv\Lib\site-packages\pymysql\protocol.py", line 219, in raise_for_error
    err.raise_mysql_exception(self._data)
  File "C:\Users\leegg\Documents\StockFlow_final_logging\.venv\Lib\site-packages\pymysql\err.py", line 150, in raise_mysql_exception
    raise errorclass(errno, errval)
pymysql.err.OperationalError: (1054, "Unknown column 'user.name' in 'field list'")

The above exception was the direct cause of the following exception:

Traceback (most recent call last):
  File "C:\Users\leegg\Documents\StockFlow_final_logging\.venv\Lib\site-packages\flask\app.py", line 917, in full_dispatch_request
    rv = self.dispatch_request()
         ^^^^^^^^^^^^^^^^^^^^^^^
  File "C:\Users\leegg\Documents\StockFlow_final_logging\.venv\Lib\site-packages\flask\app.py", line 902, in dispatch_request
    return self.ensure_sync(self.view_functions[rule.endpoint])(**view_args)  # type: ignore[no-any-return]
           ^^^^^^^^^^^^^^^^^^^^^^^^^^^^^^^^^^^^^^^^^^^^^^^^^^^^^^^^^^^^^^^^^
  File "C:\Users\leegg\Documents\StockFlow_final_logging\.venv\Lib\site-packages\flask_login\utils.py", line 284, in decorated_view
    elif not current_user.is_authenticated:
             ^^^^^^^^^^^^^^^^^^^^^^^^^^^^^
  File "C:\Users\leegg\Documents\StockFlow_final_logging\.venv\Lib\site-packages\werkzeug\local.py", line 318, in __get__
    obj = instance._get_current_object()
          ^^^^^^^^^^^^^^^^^^^^^^^^^^^^^^
  File "C:\Users\leegg\Documents\StockFlow_final_logging\.venv\Lib\site-packages\werkzeug\local.py", line 526, in _get_current_object
    return get_name(local())
                    ^^^^^^^
  File "C:\Users\leegg\Documents\StockFlow_final_logging\.venv\Lib\site-packages\flask_login\utils.py", line 25, in <lambda>
    current_user = LocalProxy(lambda: _get_user())
                                      ^^^^^^^^^^^
  File "C:\Users\leegg\Documents\StockFlow_final_logging\.venv\Lib\site-packages\flask_login\utils.py", line 370, in _get_user
    current_app.login_manager._load_user()
  File "C:\Users\leegg\Documents\StockFlow_final_logging\.venv\Lib\site-packages\flask_login\login_manager.py", line 364, in _load_user
    user = self._user_callback(user_id)
           ^^^^^^^^^^^^^^^^^^^^^^^^^^^^
  File "C:\Users\leegg\Documents\StockFlow_final_logging\app\__init__.py", line 86, in load_user
    return db.session.get(User, int(user_id))
           ^^^^^^^^^^^^^^^^^^^^^^^^^^^^^^^^^^
  File "C:\Users\leegg\Documents\StockFlow_final_logging\.venv\Lib\site-packages\sqlalchemy\orm\scoping.py", line 1043, in get
    return self._proxied.get(
           ^^^^^^^^^^^^^^^^^^
  File "C:\Users\leegg\Documents\StockFlow_final_logging\.venv\Lib\site-packages\sqlalchemy\orm\session.py", line 3702, in get
    return self._get_impl(
           ^^^^^^^^^^^^^^^
  File "C:\Users\leegg\Documents\StockFlow_final_logging\.venv\Lib\site-packages\sqlalchemy\orm\session.py", line 3881, in _get_impl
    return db_load_fn(
           ^^^^^^^^^^^
  File "C:\Users\leegg\Documents\StockFlow_final_logging\.venv\Lib\site-packages\sqlalchemy\orm\loading.py", line 695, in load_on_pk_identity
    session.execute(
  File "C:\Users\leegg\Documents\StockFlow_final_logging\.venv\Lib\site-packages\sqlalchemy\orm\session.py", line 2373, in execute
    return self._execute_internal(
           ^^^^^^^^^^^^^^^^^^^^^^^
  File "C:\Users\leegg\Documents\StockFlow_final_logging\.venv\Lib\site-packages\sqlalchemy\orm\session.py", line 2271, in _execute_internal
    result: Result[Any] = compile_state_cls.orm_execute_statement(
                          ^^^^^^^^^^^^^^^^^^^^^^^^^^^^^^^^^^^^^^^^
  File "C:\Users\leegg\Documents\StockFlow_final_logging\.venv\Lib\site-packages\sqlalchemy\orm\context.py", line 306, in orm_execute_statement
    result = conn.execute(
             ^^^^^^^^^^^^^
  File "C:\Users\leegg\Documents\StockFlow_final_logging\.venv\Lib\site-packages\sqlalchemy\engine\base.py", line 1421, in execute
    return meth(
           ^^^^^
  File "C:\Users\leegg\Documents\StockFlow_final_logging\.venv\Lib\site-packages\sqlalchemy\sql\elements.py", line 526, in _execute_on_connection
    return connection._execute_clauseelement(
           ^^^^^^^^^^^^^^^^^^^^^^^^^^^^^^^^^^
  File "C:\Users\leegg\Documents\StockFlow_final_logging\.venv\Lib\site-packages\sqlalchemy\engine\base.py", line 1643, in _execute_clauseelement
    ret = self._execute_context(
          ^^^^^^^^^^^^^^^^^^^^^^
  File "C:\Users\leegg\Documents\StockFlow_final_logging\.venv\Lib\site-packages\sqlalchemy\engine\base.py", line 1848, in _execute_context
    return self._exec_single_context(
           ^^^^^^^^^^^^^^^^^^^^^^^^^^
  File "C:\Users\leegg\Documents\StockFlow_final_logging\.venv\Lib\site-packages\sqlalchemy\engine\base.py", line 1988, in _exec_single_context
    self._handle_dbapi_exception(
  File "C:\Users\leegg\Documents\StockFlow_final_logging\.venv\Lib\site-packages\sqlalchemy\engine\base.py", line 2365, in _handle_dbapi_exception
    raise sqlalchemy_exception.with_traceback(exc_info[2]) from e
  File "C:\Users\leegg\Documents\StockFlow_final_logging\.venv\Lib\site-packages\sqlalchemy\engine\base.py", line 1969, in _exec_single_context
    self.dialect.do_execute(
  File "C:\Users\leegg\Documents\StockFlow_final_logging\.venv\Lib\site-packages\sqlalchemy\engine\default.py", line 952, in do_execute
    cursor.execute(statement, parameters)
  File "C:\Users\leegg\Documents\StockFlow_final_logging\.venv\Lib\site-packages\pymysql\cursors.py", line 153, in execute
    result = self._query(query)
             ^^^^^^^^^^^^^^^^^^
  File "C:\Users\leegg\Documents\StockFlow_final_logging\.venv\Lib\site-packages\pymysql\cursors.py", line 322, in _query
    conn.query(q)
  File "C:\Users\leegg\Documents\StockFlow_final_logging\.venv\Lib\site-packages\pymysql\connections.py", line 575, in query
    self._affected_rows = self._read_query_result(unbuffered=unbuffered)
                          ^^^^^^^^^^^^^^^^^^^^^^^^^^^^^^^^^^^^^^^^^^^^^^
  File "C:\Users\leegg\Documents\StockFlow_final_logging\.venv\Lib\site-packages\pymysql\connections.py", line 826, in _read_query_result
    result.read()
  File "C:\Users\leegg\Documents\StockFlow_final_logging\.venv\Lib\site-packages\pymysql\connections.py", line 1203, in read
    first_packet = self.connection._read_packet()
                   ^^^^^^^^^^^^^^^^^^^^^^^^^^^^^^
  File "C:\Users\leegg\Documents\StockFlow_final_logging\.venv\Lib\site-packages\pymysql\connections.py", line 782, in _read_packet
    packet.raise_for_error()
  File "C:\Users\leegg\Documents\StockFlow_final_logging\.venv\Lib\site-packages\pymysql\protocol.py", line 219, in raise_for_error
    err.raise_mysql_exception(self._data)
  File "C:\Users\leegg\Documents\StockFlow_final_logging\.venv\Lib\site-packages\pymysql\err.py", line 150, in raise_mysql_exception
    raise errorclass(errno, errval)
sqlalchemy.exc.OperationalError: (pymysql.err.OperationalError) (1054, "Unknown column 'user.name' in 'field list'")
[SQL: SELECT user.id AS user_id, user.username AS user_username, user.password_hash AS user_password_hash, user.`role` AS user_role, user.name AS user_name, user.position AS user_position, user.created_at AS user_created_at 
FROM user 
WHERE user.id = %(pk_1)s]
[parameters: {'pk_1': 6}]
(Background on this error at: https://sqlalche.me/e/20/e3q8)
2026-09-08 10:24:39 | ERROR | app | Exception on / [GET]
Traceback (most recent call last):
  File "C:\Users\leegg\Documents\StockFlow_final_logging\.venv\Lib\site-packages\sqlalchemy\engine\base.py", line 1969, in _exec_single_context
    self.dialect.do_execute(
  File "C:\Users\leegg\Documents\StockFlow_final_logging\.venv\Lib\site-packages\sqlalchemy\engine\default.py", line 952, in do_execute
    cursor.execute(statement, parameters)
  File "C:\Users\leegg\Documents\StockFlow_final_logging\.venv\Lib\site-packages\pymysql\cursors.py", line 153, in execute
    result = self._query(query)
             ^^^^^^^^^^^^^^^^^^
  File "C:\Users\leegg\Documents\StockFlow_final_logging\.venv\Lib\site-packages\pymysql\cursors.py", line 322, in _query
    conn.query(q)
  File "C:\Users\leegg\Documents\StockFlow_final_logging\.venv\Lib\site-packages\pymysql\connections.py", line 575, in query
    self._affected_rows = self._read_query_result(unbuffered=unbuffered)
                          ^^^^^^^^^^^^^^^^^^^^^^^^^^^^^^^^^^^^^^^^^^^^^^
  File "C:\Users\leegg\Documents\StockFlow_final_logging\.venv\Lib\site-packages\pymysql\connections.py", line 826, in _read_query_result
    result.read()
  File "C:\Users\leegg\Documents\StockFlow_final_logging\.venv\Lib\site-packages\pymysql\connections.py", line 1203, in read
    first_packet = self.connection._read_packet()
                   ^^^^^^^^^^^^^^^^^^^^^^^^^^^^^^
  File "C:\Users\leegg\Documents\StockFlow_final_logging\.venv\Lib\site-packages\pymysql\connections.py", line 782, in _read_packet
    packet.raise_for_error()
  File "C:\Users\leegg\Documents\StockFlow_final_logging\.venv\Lib\site-packages\pymysql\protocol.py", line 219, in raise_for_error
    err.raise_mysql_exception(self._data)
  File "C:\Users\leegg\Documents\StockFlow_final_logging\.venv\Lib\site-packages\pymysql\err.py", line 150, in raise_mysql_exception
    raise errorclass(errno, errval)
pymysql.err.OperationalError: (1054, "Unknown column 'user.name' in 'field list'")

The above exception was the direct cause of the following exception:

Traceback (most recent call last):
  File "C:\Users\leegg\Documents\StockFlow_final_logging\.venv\Lib\site-packages\flask\app.py", line 1511, in wsgi_app
    response = self.full_dispatch_request()
               ^^^^^^^^^^^^^^^^^^^^^^^^^^^^
  File "C:\Users\leegg\Documents\StockFlow_final_logging\.venv\Lib\site-packages\flask\app.py", line 920, in full_dispatch_request
    return self.finalize_request(rv)
           ^^^^^^^^^^^^^^^^^^^^^^^^^
  File "C:\Users\leegg\Documents\StockFlow_final_logging\.venv\Lib\site-packages\flask\app.py", line 941, in finalize_request
    response = self.process_response(response)
               ^^^^^^^^^^^^^^^^^^^^^^^^^^^^^^^
  File "C:\Users\leegg\Documents\StockFlow_final_logging\.venv\Lib\site-packages\flask\app.py", line 1319, in process_response
    response = self.ensure_sync(func)(response)
               ^^^^^^^^^^^^^^^^^^^^^^^^^^^^^^^^
  File "C:\Users\leegg\Documents\StockFlow_final_logging\app\__init__.py", line 42, in _request_end
    getattr(current_user, "id", None) if current_user.is_authenticated else None
                                         ^^^^^^^^^^^^^^^^^^^^^^^^^^^^^
  File "C:\Users\leegg\Documents\StockFlow_final_logging\.venv\Lib\site-packages\werkzeug\local.py", line 318, in __get__
    obj = instance._get_current_object()
          ^^^^^^^^^^^^^^^^^^^^^^^^^^^^^^
  File "C:\Users\leegg\Documents\StockFlow_final_logging\.venv\Lib\site-packages\werkzeug\local.py", line 526, in _get_current_object
    return get_name(local())
                    ^^^^^^^
  File "C:\Users\leegg\Documents\StockFlow_final_logging\.venv\Lib\site-packages\flask_login\utils.py", line 25, in <lambda>
    current_user = LocalProxy(lambda: _get_user())
                                      ^^^^^^^^^^^
  File "C:\Users\leegg\Documents\StockFlow_final_logging\.venv\Lib\site-packages\flask_login\utils.py", line 370, in _get_user
    current_app.login_manager._load_user()
  File "C:\Users\leegg\Documents\StockFlow_final_logging\.venv\Lib\site-packages\flask_login\login_manager.py", line 364, in _load_user
    user = self._user_callback(user_id)
           ^^^^^^^^^^^^^^^^^^^^^^^^^^^^
  File "C:\Users\leegg\Documents\StockFlow_final_logging\app\__init__.py", line 86, in load_user
    return db.session.get(User, int(user_id))
           ^^^^^^^^^^^^^^^^^^^^^^^^^^^^^^^^^^
  File "C:\Users\leegg\Documents\StockFlow_final_logging\.venv\Lib\site-packages\sqlalchemy\orm\scoping.py", line 1043, in get
    return self._proxied.get(
           ^^^^^^^^^^^^^^^^^^
  File "C:\Users\leegg\Documents\StockFlow_final_logging\.venv\Lib\site-packages\sqlalchemy\orm\session.py", line 3702, in get
    return self._get_impl(
           ^^^^^^^^^^^^^^^
  File "C:\Users\leegg\Documents\StockFlow_final_logging\.venv\Lib\site-packages\sqlalchemy\orm\session.py", line 3881, in _get_impl
    return db_load_fn(
           ^^^^^^^^^^^
  File "C:\Users\leegg\Documents\StockFlow_final_logging\.venv\Lib\site-packages\sqlalchemy\orm\loading.py", line 695, in load_on_pk_identity
    session.execute(
  File "C:\Users\leegg\Documents\StockFlow_final_logging\.venv\Lib\site-packages\sqlalchemy\orm\session.py", line 2373, in execute
    return self._execute_internal(
           ^^^^^^^^^^^^^^^^^^^^^^^
  File "C:\Users\leegg\Documents\StockFlow_final_logging\.venv\Lib\site-packages\sqlalchemy\orm\session.py", line 2271, in _execute_internal
    result: Result[Any] = compile_state_cls.orm_execute_statement(
                          ^^^^^^^^^^^^^^^^^^^^^^^^^^^^^^^^^^^^^^^^
  File "C:\Users\leegg\Documents\StockFlow_final_logging\.venv\Lib\site-packages\sqlalchemy\orm\context.py", line 306, in orm_execute_statement
    result = conn.execute(
             ^^^^^^^^^^^^^
  File "C:\Users\leegg\Documents\StockFlow_final_logging\.venv\Lib\site-packages\sqlalchemy\engine\base.py", line 1421, in execute
    return meth(
           ^^^^^
  File "C:\Users\leegg\Documents\StockFlow_final_logging\.venv\Lib\site-packages\sqlalchemy\sql\elements.py", line 526, in _execute_on_connection
    return connection._execute_clauseelement(
           ^^^^^^^^^^^^^^^^^^^^^^^^^^^^^^^^^^
  File "C:\Users\leegg\Documents\StockFlow_final_logging\.venv\Lib\site-packages\sqlalchemy\engine\base.py", line 1643, in _execute_clauseelement
    ret = self._execute_context(
          ^^^^^^^^^^^^^^^^^^^^^^
  File "C:\Users\leegg\Documents\StockFlow_final_logging\.venv\Lib\site-packages\sqlalchemy\engine\base.py", line 1848, in _execute_context
    return self._exec_single_context(
           ^^^^^^^^^^^^^^^^^^^^^^^^^^
  File "C:\Users\leegg\Documents\StockFlow_final_logging\.venv\Lib\site-packages\sqlalchemy\engine\base.py", line 1988, in _exec_single_context
    self._handle_dbapi_exception(
  File "C:\Users\leegg\Documents\StockFlow_final_logging\.venv\Lib\site-packages\sqlalchemy\engine\base.py", line 2365, in _handle_dbapi_exception
    raise sqlalchemy_exception.with_traceback(exc_info[2]) from e
  File "C:\Users\leegg\Documents\StockFlow_final_logging\.venv\Lib\site-packages\sqlalchemy\engine\base.py", line 1969, in _exec_single_context
    self.dialect.do_execute(
  File "C:\Users\leegg\Documents\StockFlow_final_logging\.venv\Lib\site-packages\sqlalchemy\engine\default.py", line 952, in do_execute
    cursor.execute(statement, parameters)
  File "C:\Users\leegg\Documents\StockFlow_final_logging\.venv\Lib\site-packages\pymysql\cursors.py", line 153, in execute
    result = self._query(query)
             ^^^^^^^^^^^^^^^^^^
  File "C:\Users\leegg\Documents\StockFlow_final_logging\.venv\Lib\site-packages\pymysql\cursors.py", line 322, in _query
    conn.query(q)
  File "C:\Users\leegg\Documents\StockFlow_final_logging\.venv\Lib\site-packages\pymysql\connections.py", line 575, in query
    self._affected_rows = self._read_query_result(unbuffered=unbuffered)
                          ^^^^^^^^^^^^^^^^^^^^^^^^^^^^^^^^^^^^^^^^^^^^^^
  File "C:\Users\leegg\Documents\StockFlow_final_logging\.venv\Lib\site-packages\pymysql\connections.py", line 826, in _read_query_result
    result.read()
  File "C:\Users\leegg\Documents\StockFlow_final_logging\.venv\Lib\site-packages\pymysql\connections.py", line 1203, in read
    first_packet = self.connection._read_packet()
                   ^^^^^^^^^^^^^^^^^^^^^^^^^^^^^^
  File "C:\Users\leegg\Documents\StockFlow_final_logging\.venv\Lib\site-packages\pymysql\connections.py", line 782, in _read_packet
    packet.raise_for_error()
  File "C:\Users\leegg\Documents\StockFlow_final_logging\.venv\Lib\site-packages\pymysql\protocol.py", line 219, in raise_for_error
    err.raise_mysql_exception(self._data)
  File "C:\Users\leegg\Documents\StockFlow_final_logging\.venv\Lib\site-packages\pymysql\err.py", line 150, in raise_mysql_exception
    raise errorclass(errno, errval)
sqlalchemy.exc.OperationalError: (pymysql.err.OperationalError) (1054, "Unknown column 'user.name' in 'field list'")
[SQL: SELECT user.id AS user_id, user.username AS user_username, user.password_hash AS user_password_hash, user.`role` AS user_role, user.name AS user_name, user.position AS user_position, user.created_at AS user_created_at 
FROM user 
WHERE user.id = %(pk_1)s]
[parameters: {'pk_1': 6}]
(Background on this error at: https://sqlalche.me/e/20/e3q8)
2026-09-08 10:24:39 | ERROR | app | Request finalizing failed with an error while handling an error
Traceback (most recent call last):
  File "C:\Users\leegg\Documents\StockFlow_final_logging\.venv\Lib\site-packages\sqlalchemy\engine\base.py", line 1969, in _exec_single_context
    self.dialect.do_execute(
  File "C:\Users\leegg\Documents\StockFlow_final_logging\.venv\Lib\site-packages\sqlalchemy\engine\default.py", line 952, in do_execute
    cursor.execute(statement, parameters)
  File "C:\Users\leegg\Documents\StockFlow_final_logging\.venv\Lib\site-packages\pymysql\cursors.py", line 153, in execute
    result = self._query(query)
             ^^^^^^^^^^^^^^^^^^
  File "C:\Users\leegg\Documents\StockFlow_final_logging\.venv\Lib\site-packages\pymysql\cursors.py", line 322, in _query
    conn.query(q)
  File "C:\Users\leegg\Documents\StockFlow_final_logging\.venv\Lib\site-packages\pymysql\connections.py", line 575, in query
    self._affected_rows = self._read_query_result(unbuffered=unbuffered)
                          ^^^^^^^^^^^^^^^^^^^^^^^^^^^^^^^^^^^^^^^^^^^^^^
  File "C:\Users\leegg\Documents\StockFlow_final_logging\.venv\Lib\site-packages\pymysql\connections.py", line 826, in _read_query_result
    result.read()
  File "C:\Users\leegg\Documents\StockFlow_final_logging\.venv\Lib\site-packages\pymysql\connections.py", line 1203, in read
    first_packet = self.connection._read_packet()
                   ^^^^^^^^^^^^^^^^^^^^^^^^^^^^^^
  File "C:\Users\leegg\Documents\StockFlow_final_logging\.venv\Lib\site-packages\pymysql\connections.py", line 782, in _read_packet
    packet.raise_for_error()
  File "C:\Users\leegg\Documents\StockFlow_final_logging\.venv\Lib\site-packages\pymysql\protocol.py", line 219, in raise_for_error
    err.raise_mysql_exception(self._data)
  File "C:\Users\leegg\Documents\StockFlow_final_logging\.venv\Lib\site-packages\pymysql\err.py", line 150, in raise_mysql_exception
    raise errorclass(errno, errval)
pymysql.err.OperationalError: (1054, "Unknown column 'user.name' in 'field list'")

The above exception was the direct cause of the following exception:

Traceback (most recent call last):
  File "C:\Users\leegg\Documents\StockFlow_final_logging\.venv\Lib\site-packages\flask\app.py", line 1511, in wsgi_app
    response = self.full_dispatch_request()
               ^^^^^^^^^^^^^^^^^^^^^^^^^^^^
  File "C:\Users\leegg\Documents\StockFlow_final_logging\.venv\Lib\site-packages\flask\app.py", line 920, in full_dispatch_request
    return self.finalize_request(rv)
           ^^^^^^^^^^^^^^^^^^^^^^^^^
  File "C:\Users\leegg\Documents\StockFlow_final_logging\.venv\Lib\site-packages\flask\app.py", line 941, in finalize_request
    response = self.process_response(response)
               ^^^^^^^^^^^^^^^^^^^^^^^^^^^^^^^
  File "C:\Users\leegg\Documents\StockFlow_final_logging\.venv\Lib\site-packages\flask\app.py", line 1319, in process_response
    response = self.ensure_sync(func)(response)
               ^^^^^^^^^^^^^^^^^^^^^^^^^^^^^^^^
  File "C:\Users\leegg\Documents\StockFlow_final_logging\app\__init__.py", line 42, in _request_end
    getattr(current_user, "id", None) if current_user.is_authenticated else None
                                         ^^^^^^^^^^^^^^^^^^^^^^^^^^^^^
  File "C:\Users\leegg\Documents\StockFlow_final_logging\.venv\Lib\site-packages\werkzeug\local.py", line 318, in __get__
    obj = instance._get_current_object()
          ^^^^^^^^^^^^^^^^^^^^^^^^^^^^^^
  File "C:\Users\leegg\Documents\StockFlow_final_logging\.venv\Lib\site-packages\werkzeug\local.py", line 526, in _get_current_object
    return get_name(local())
                    ^^^^^^^
  File "C:\Users\leegg\Documents\StockFlow_final_logging\.venv\Lib\site-packages\flask_login\utils.py", line 25, in <lambda>
    current_user = LocalProxy(lambda: _get_user())
                                      ^^^^^^^^^^^
  File "C:\Users\leegg\Documents\StockFlow_final_logging\.venv\Lib\site-packages\flask_login\utils.py", line 370, in _get_user
    current_app.login_manager._load_user()
  File "C:\Users\leegg\Documents\StockFlow_final_logging\.venv\Lib\site-packages\flask_login\login_manager.py", line 364, in _load_user
    user = self._user_callback(user_id)
           ^^^^^^^^^^^^^^^^^^^^^^^^^^^^
  File "C:\Users\leegg\Documents\StockFlow_final_logging\app\__init__.py", line 86, in load_user
    return db.session.get(User, int(user_id))
           ^^^^^^^^^^^^^^^^^^^^^^^^^^^^^^^^^^
  File "C:\Users\leegg\Documents\StockFlow_final_logging\.venv\Lib\site-packages\sqlalchemy\orm\scoping.py", line 1043, in get
    return self._proxied.get(
           ^^^^^^^^^^^^^^^^^^
  File "C:\Users\leegg\Documents\StockFlow_final_logging\.venv\Lib\site-packages\sqlalchemy\orm\session.py", line 3702, in get
    return self._get_impl(
           ^^^^^^^^^^^^^^^
  File "C:\Users\leegg\Documents\StockFlow_final_logging\.venv\Lib\site-packages\sqlalchemy\orm\session.py", line 3881, in _get_impl
    return db_load_fn(
           ^^^^^^^^^^^
  File "C:\Users\leegg\Documents\StockFlow_final_logging\.venv\Lib\site-packages\sqlalchemy\orm\loading.py", line 695, in load_on_pk_identity
    session.execute(
  File "C:\Users\leegg\Documents\StockFlow_final_logging\.venv\Lib\site-packages\sqlalchemy\orm\session.py", line 2373, in execute
    return self._execute_internal(
           ^^^^^^^^^^^^^^^^^^^^^^^
  File "C:\Users\leegg\Documents\StockFlow_final_logging\.venv\Lib\site-packages\sqlalchemy\orm\session.py", line 2271, in _execute_internal
    result: Result[Any] = compile_state_cls.orm_execute_statement(
                          ^^^^^^^^^^^^^^^^^^^^^^^^^^^^^^^^^^^^^^^^
  File "C:\Users\leegg\Documents\StockFlow_final_logging\.venv\Lib\site-packages\sqlalchemy\orm\context.py", line 306, in orm_execute_statement
    result = conn.execute(
             ^^^^^^^^^^^^^
  File "C:\Users\leegg\Documents\StockFlow_final_logging\.venv\Lib\site-packages\sqlalchemy\engine\base.py", line 1421, in execute
    return meth(
           ^^^^^
  File "C:\Users\leegg\Documents\StockFlow_final_logging\.venv\Lib\site-packages\sqlalchemy\sql\elements.py", line 526, in _execute_on_connection
    return connection._execute_clauseelement(
           ^^^^^^^^^^^^^^^^^^^^^^^^^^^^^^^^^^
  File "C:\Users\leegg\Documents\StockFlow_final_logging\.venv\Lib\site-packages\sqlalchemy\engine\base.py", line 1643, in _execute_clauseelement
    ret = self._execute_context(
          ^^^^^^^^^^^^^^^^^^^^^^
  File "C:\Users\leegg\Documents\StockFlow_final_logging\.venv\Lib\site-packages\sqlalchemy\engine\base.py", line 1848, in _execute_context
    return self._exec_single_context(
           ^^^^^^^^^^^^^^^^^^^^^^^^^^
  File "C:\Users\leegg\Documents\StockFlow_final_logging\.venv\Lib\site-packages\sqlalchemy\engine\base.py", line 1988, in _exec_single_context
    self._handle_dbapi_exception(
  File "C:\Users\leegg\Documents\StockFlow_final_logging\.venv\Lib\site-packages\sqlalchemy\engine\base.py", line 2365, in _handle_dbapi_exception
    raise sqlalchemy_exception.with_traceback(exc_info[2]) from e
  File "C:\Users\leegg\Documents\StockFlow_final_logging\.venv\Lib\site-packages\sqlalchemy\engine\base.py", line 1969, in _exec_single_context
    self.dialect.do_execute(
  File "C:\Users\leegg\Documents\StockFlow_final_logging\.venv\Lib\site-packages\sqlalchemy\engine\default.py", line 952, in do_execute
    cursor.execute(statement, parameters)
  File "C:\Users\leegg\Documents\StockFlow_final_logging\.venv\Lib\site-packages\pymysql\cursors.py", line 153, in execute
    result = self._query(query)
             ^^^^^^^^^^^^^^^^^^
  File "C:\Users\leegg\Documents\StockFlow_final_logging\.venv\Lib\site-packages\pymysql\cursors.py", line 322, in _query
    conn.query(q)
  File "C:\Users\leegg\Documents\StockFlow_final_logging\.venv\Lib\site-packages\pymysql\connections.py", line 575, in query
    self._affected_rows = self._read_query_result(unbuffered=unbuffered)
                          ^^^^^^^^^^^^^^^^^^^^^^^^^^^^^^^^^^^^^^^^^^^^^^
  File "C:\Users\leegg\Documents\StockFlow_final_logging\.venv\Lib\site-packages\pymysql\connections.py", line 826, in _read_query_result
    result.read()
  File "C:\Users\leegg\Documents\StockFlow_final_logging\.venv\Lib\site-packages\pymysql\connections.py", line 1203, in read
    first_packet = self.connection._read_packet()
                   ^^^^^^^^^^^^^^^^^^^^^^^^^^^^^^
  File "C:\Users\leegg\Documents\StockFlow_final_logging\.venv\Lib\site-packages\pymysql\connections.py", line 782, in _read_packet
    packet.raise_for_error()
  File "C:\Users\leegg\Documents\StockFlow_final_logging\.venv\Lib\site-packages\pymysql\protocol.py", line 219, in raise_for_error
    err.raise_mysql_exception(self._data)
  File "C:\Users\leegg\Documents\StockFlow_final_logging\.venv\Lib\site-packages\pymysql\err.py", line 150, in raise_mysql_exception
    raise errorclass(errno, errval)
sqlalchemy.exc.OperationalError: (pymysql.err.OperationalError) (1054, "Unknown column 'user.name' in 'field list'")
[SQL: SELECT user.id AS user_id, user.username AS user_username, user.password_hash AS user_password_hash, user.`role` AS user_role, user.name AS user_name, user.position AS user_position, user.created_at AS user_created_at 
FROM user 
WHERE user.id = %(pk_1)s]
[parameters: {'pk_1': 6}]
(Background on this error at: https://sqlalche.me/e/20/e3q8)

During handling of the above exception, another exception occurred:

Traceback (most recent call last):
  File "C:\Users\leegg\Documents\StockFlow_final_logging\.venv\Lib\site-packages\sqlalchemy\engine\base.py", line 1969, in _exec_single_context
    self.dialect.do_execute(
  File "C:\Users\leegg\Documents\StockFlow_final_logging\.venv\Lib\site-packages\sqlalchemy\engine\default.py", line 952, in do_execute
    cursor.execute(statement, parameters)
  File "C:\Users\leegg\Documents\StockFlow_final_logging\.venv\Lib\site-packages\pymysql\cursors.py", line 153, in execute
    result = self._query(query)
             ^^^^^^^^^^^^^^^^^^
  File "C:\Users\leegg\Documents\StockFlow_final_logging\.venv\Lib\site-packages\pymysql\cursors.py", line 322, in _query
    conn.query(q)
  File "C:\Users\leegg\Documents\StockFlow_final_logging\.venv\Lib\site-packages\pymysql\connections.py", line 575, in query
    self._affected_rows = self._read_query_result(unbuffered=unbuffered)
                          ^^^^^^^^^^^^^^^^^^^^^^^^^^^^^^^^^^^^^^^^^^^^^^
  File "C:\Users\leegg\Documents\StockFlow_final_logging\.venv\Lib\site-packages\pymysql\connections.py", line 826, in _read_query_result
    result.read()
  File "C:\Users\leegg\Documents\StockFlow_final_logging\.venv\Lib\site-packages\pymysql\connections.py", line 1203, in read
    first_packet = self.connection._read_packet()
                   ^^^^^^^^^^^^^^^^^^^^^^^^^^^^^^
  File "C:\Users\leegg\Documents\StockFlow_final_logging\.venv\Lib\site-packages\pymysql\connections.py", line 782, in _read_packet
    packet.raise_for_error()
  File "C:\Users\leegg\Documents\StockFlow_final_logging\.venv\Lib\site-packages\pymysql\protocol.py", line 219, in raise_for_error
    err.raise_mysql_exception(self._data)
  File "C:\Users\leegg\Documents\StockFlow_final_logging\.venv\Lib\site-packages\pymysql\err.py", line 150, in raise_mysql_exception
    raise errorclass(errno, errval)
pymysql.err.OperationalError: (1054, "Unknown column 'user.name' in 'field list'")

The above exception was the direct cause of the following exception:

Traceback (most recent call last):
  File "C:\Users\leegg\Documents\StockFlow_final_logging\.venv\Lib\site-packages\flask\app.py", line 941, in finalize_request
    response = self.process_response(response)
               ^^^^^^^^^^^^^^^^^^^^^^^^^^^^^^^
  File "C:\Users\leegg\Documents\StockFlow_final_logging\.venv\Lib\site-packages\flask\app.py", line 1319, in process_response
    response = self.ensure_sync(func)(response)
               ^^^^^^^^^^^^^^^^^^^^^^^^^^^^^^^^
  File "C:\Users\leegg\Documents\StockFlow_final_logging\app\__init__.py", line 42, in _request_end
    getattr(current_user, "id", None) if current_user.is_authenticated else None
                                         ^^^^^^^^^^^^^^^^^^^^^^^^^^^^^
  File "C:\Users\leegg\Documents\StockFlow_final_logging\.venv\Lib\site-packages\werkzeug\local.py", line 318, in __get__
    obj = instance._get_current_object()
          ^^^^^^^^^^^^^^^^^^^^^^^^^^^^^^
  File "C:\Users\leegg\Documents\StockFlow_final_logging\.venv\Lib\site-packages\werkzeug\local.py", line 526, in _get_current_object
    return get_name(local())
                    ^^^^^^^
  File "C:\Users\leegg\Documents\StockFlow_final_logging\.venv\Lib\site-packages\flask_login\utils.py", line 25, in <lambda>
    current_user = LocalProxy(lambda: _get_user())
                                      ^^^^^^^^^^^
  File "C:\Users\leegg\Documents\StockFlow_final_logging\.venv\Lib\site-packages\flask_login\utils.py", line 370, in _get_user
    current_app.login_manager._load_user()
  File "C:\Users\leegg\Documents\StockFlow_final_logging\.venv\Lib\site-packages\flask_login\login_manager.py", line 364, in _load_user
    user = self._user_callback(user_id)
           ^^^^^^^^^^^^^^^^^^^^^^^^^^^^
  File "C:\Users\leegg\Documents\StockFlow_final_logging\app\__init__.py", line 86, in load_user
    return db.session.get(User, int(user_id))
           ^^^^^^^^^^^^^^^^^^^^^^^^^^^^^^^^^^
  File "C:\Users\leegg\Documents\StockFlow_final_logging\.venv\Lib\site-packages\sqlalchemy\orm\scoping.py", line 1043, in get
    return self._proxied.get(
           ^^^^^^^^^^^^^^^^^^
  File "C:\Users\leegg\Documents\StockFlow_final_logging\.venv\Lib\site-packages\sqlalchemy\orm\session.py", line 3702, in get
    return self._get_impl(
           ^^^^^^^^^^^^^^^
  File "C:\Users\leegg\Documents\StockFlow_final_logging\.venv\Lib\site-packages\sqlalchemy\orm\session.py", line 3881, in _get_impl
    return db_load_fn(
           ^^^^^^^^^^^
  File "C:\Users\leegg\Documents\StockFlow_final_logging\.venv\Lib\site-packages\sqlalchemy\orm\loading.py", line 695, in load_on_pk_identity
    session.execute(
  File "C:\Users\leegg\Documents\StockFlow_final_logging\.venv\Lib\site-packages\sqlalchemy\orm\session.py", line 2373, in execute
    return self._execute_internal(
           ^^^^^^^^^^^^^^^^^^^^^^^
  File "C:\Users\leegg\Documents\StockFlow_final_logging\.venv\Lib\site-packages\sqlalchemy\orm\session.py", line 2271, in _execute_internal
    result: Result[Any] = compile_state_cls.orm_execute_statement(
                          ^^^^^^^^^^^^^^^^^^^^^^^^^^^^^^^^^^^^^^^^
  File "C:\Users\leegg\Documents\StockFlow_final_logging\.venv\Lib\site-packages\sqlalchemy\orm\context.py", line 306, in orm_execute_statement
    result = conn.execute(
             ^^^^^^^^^^^^^
  File "C:\Users\leegg\Documents\StockFlow_final_logging\.venv\Lib\site-packages\sqlalchemy\engine\base.py", line 1421, in execute
    return meth(
           ^^^^^
  File "C:\Users\leegg\Documents\StockFlow_final_logging\.venv\Lib\site-packages\sqlalchemy\sql\elements.py", line 526, in _execute_on_connection
    return connection._execute_clauseelement(
           ^^^^^^^^^^^^^^^^^^^^^^^^^^^^^^^^^^
  File "C:\Users\leegg\Documents\StockFlow_final_logging\.venv\Lib\site-packages\sqlalchemy\engine\base.py", line 1643, in _execute_clauseelement
    ret = self._execute_context(
          ^^^^^^^^^^^^^^^^^^^^^^
  File "C:\Users\leegg\Documents\StockFlow_final_logging\.venv\Lib\site-packages\sqlalchemy\engine\base.py", line 1848, in _execute_context
    return self._exec_single_context(
           ^^^^^^^^^^^^^^^^^^^^^^^^^^
  File "C:\Users\leegg\Documents\StockFlow_final_logging\.venv\Lib\site-packages\sqlalchemy\engine\base.py", line 1988, in _exec_single_context
    self._handle_dbapi_exception(
  File "C:\Users\leegg\Documents\StockFlow_final_logging\.venv\Lib\site-packages\sqlalchemy\engine\base.py", line 2365, in _handle_dbapi_exception
    raise sqlalchemy_exception.with_traceback(exc_info[2]) from e
  File "C:\Users\leegg\Documents\StockFlow_final_logging\.venv\Lib\site-packages\sqlalchemy\engine\base.py", line 1969, in _exec_single_context
    self.dialect.do_execute(
  File "C:\Users\leegg\Documents\StockFlow_final_logging\.venv\Lib\site-packages\sqlalchemy\engine\default.py", line 952, in do_execute
    cursor.execute(statement, parameters)
  File "C:\Users\leegg\Documents\StockFlow_final_logging\.venv\Lib\site-packages\pymysql\cursors.py", line 153, in execute
    result = self._query(query)
             ^^^^^^^^^^^^^^^^^^
  File "C:\Users\leegg\Documents\StockFlow_final_logging\.venv\Lib\site-packages\pymysql\cursors.py", line 322, in _query
    conn.query(q)
  File "C:\Users\leegg\Documents\StockFlow_final_logging\.venv\Lib\site-packages\pymysql\connections.py", line 575, in query
    self._affected_rows = self._read_query_result(unbuffered=unbuffered)
                          ^^^^^^^^^^^^^^^^^^^^^^^^^^^^^^^^^^^^^^^^^^^^^^
  File "C:\Users\leegg\Documents\StockFlow_final_logging\.venv\Lib\site-packages\pymysql\connections.py", line 826, in _read_query_result
    result.read()
  File "C:\Users\leegg\Documents\StockFlow_final_logging\.venv\Lib\site-packages\pymysql\connections.py", line 1203, in read
    first_packet = self.connection._read_packet()
                   ^^^^^^^^^^^^^^^^^^^^^^^^^^^^^^
  File "C:\Users\leegg\Documents\StockFlow_final_logging\.venv\Lib\site-packages\pymysql\connections.py", line 782, in _read_packet
    packet.raise_for_error()
  File "C:\Users\leegg\Documents\StockFlow_final_logging\.venv\Lib\site-packages\pymysql\protocol.py", line 219, in raise_for_error
    err.raise_mysql_exception(self._data)
  File "C:\Users\leegg\Documents\StockFlow_final_logging\.venv\Lib\site-packages\pymysql\err.py", line 150, in raise_mysql_exception
    raise errorclass(errno, errval)
sqlalchemy.exc.OperationalError: (pymysql.err.OperationalError) (1054, "Unknown column 'user.name' in 'field list'")
[SQL: SELECT user.id AS user_id, user.username AS user_username, user.password_hash AS user_password_hash, user.`role` AS user_role, user.name AS user_name, user.position AS user_position, user.created_at AS user_created_at 
FROM user 
WHERE user.id = %(pk_1)s]
[parameters: {'pk_1': 6}]
(Background on this error at: https://sqlalche.me/e/20/e3q8)
2026-09-08 13:16:08 | INFO | app | StockFlow logging initialized | level=INFO | dir=logs
2026-09-08 13:16:15 | INFO | app | Flask application initialized
2026-09-08 13:17:04 | ERROR | app | Unhandled exception | request_id=69e8c469234d | method=GET | path=/
Traceback (most recent call last):
  File "C:\Users\leegg\Documents\StockFlow_final_logging\.venv\Lib\site-packages\sqlalchemy\engine\base.py", line 1969, in _exec_single_context
    self.dialect.do_execute(
  File "C:\Users\leegg\Documents\StockFlow_final_logging\.venv\Lib\site-packages\sqlalchemy\engine\default.py", line 952, in do_execute
    cursor.execute(statement, parameters)
  File "C:\Users\leegg\Documents\StockFlow_final_logging\.venv\Lib\site-packages\pymysql\cursors.py", line 153, in execute
    result = self._query(query)
             ^^^^^^^^^^^^^^^^^^
  File "C:\Users\leegg\Documents\StockFlow_final_logging\.venv\Lib\site-packages\pymysql\cursors.py", line 322, in _query
    conn.query(q)
  File "C:\Users\leegg\Documents\StockFlow_final_logging\.venv\Lib\site-packages\pymysql\connections.py", line 575, in query
    self._affected_rows = self._read_query_result(unbuffered=unbuffered)
                          ^^^^^^^^^^^^^^^^^^^^^^^^^^^^^^^^^^^^^^^^^^^^^^
  File "C:\Users\leegg\Documents\StockFlow_final_logging\.venv\Lib\site-packages\pymysql\connections.py", line 826, in _read_query_result
    result.read()
  File "C:\Users\leegg\Documents\StockFlow_final_logging\.venv\Lib\site-packages\pymysql\connections.py", line 1203, in read
    first_packet = self.connection._read_packet()
                   ^^^^^^^^^^^^^^^^^^^^^^^^^^^^^^
  File "C:\Users\leegg\Documents\StockFlow_final_logging\.venv\Lib\site-packages\pymysql\connections.py", line 782, in _read_packet
    packet.raise_for_error()
  File "C:\Users\leegg\Documents\StockFlow_final_logging\.venv\Lib\site-packages\pymysql\protocol.py", line 219, in raise_for_error
    err.raise_mysql_exception(self._data)
  File "C:\Users\leegg\Documents\StockFlow_final_logging\.venv\Lib\site-packages\pymysql\err.py", line 150, in raise_mysql_exception
    raise errorclass(errno, errval)
pymysql.err.OperationalError: (1054, "Unknown column 'user.name' in 'field list'")

The above exception was the direct cause of the following exception:

Traceback (most recent call last):
  File "C:\Users\leegg\Documents\StockFlow_final_logging\.venv\Lib\site-packages\flask\app.py", line 917, in full_dispatch_request
    rv = self.dispatch_request()
         ^^^^^^^^^^^^^^^^^^^^^^^
  File "C:\Users\leegg\Documents\StockFlow_final_logging\.venv\Lib\site-packages\flask\app.py", line 902, in dispatch_request
    return self.ensure_sync(self.view_functions[rule.endpoint])(**view_args)  # type: ignore[no-any-return]
           ^^^^^^^^^^^^^^^^^^^^^^^^^^^^^^^^^^^^^^^^^^^^^^^^^^^^^^^^^^^^^^^^^
  File "C:\Users\leegg\Documents\StockFlow_final_logging\.venv\Lib\site-packages\flask_login\utils.py", line 284, in decorated_view
    elif not current_user.is_authenticated:
             ^^^^^^^^^^^^^^^^^^^^^^^^^^^^^
  File "C:\Users\leegg\Documents\StockFlow_final_logging\.venv\Lib\site-packages\werkzeug\local.py", line 318, in __get__
    obj = instance._get_current_object()
          ^^^^^^^^^^^^^^^^^^^^^^^^^^^^^^
  File "C:\Users\leegg\Documents\StockFlow_final_logging\.venv\Lib\site-packages\werkzeug\local.py", line 526, in _get_current_object
    return get_name(local())
                    ^^^^^^^
  File "C:\Users\leegg\Documents\StockFlow_final_logging\.venv\Lib\site-packages\flask_login\utils.py", line 25, in <lambda>
    current_user = LocalProxy(lambda: _get_user())
                                      ^^^^^^^^^^^
  File "C:\Users\leegg\Documents\StockFlow_final_logging\.venv\Lib\site-packages\flask_login\utils.py", line 370, in _get_user
    current_app.login_manager._load_user()
  File "C:\Users\leegg\Documents\StockFlow_final_logging\.venv\Lib\site-packages\flask_login\login_manager.py", line 364, in _load_user
    user = self._user_callback(user_id)
           ^^^^^^^^^^^^^^^^^^^^^^^^^^^^
  File "C:\Users\leegg\Documents\StockFlow_final_logging\app\__init__.py", line 86, in load_user
    return db.session.get(User, int(user_id))
           ^^^^^^^^^^^^^^^^^^^^^^^^^^^^^^^^^^
  File "C:\Users\leegg\Documents\StockFlow_final_logging\.venv\Lib\site-packages\sqlalchemy\orm\scoping.py", line 1043, in get
    return self._proxied.get(
           ^^^^^^^^^^^^^^^^^^
  File "C:\Users\leegg\Documents\StockFlow_final_logging\.venv\Lib\site-packages\sqlalchemy\orm\session.py", line 3702, in get
    return self._get_impl(
           ^^^^^^^^^^^^^^^
  File "C:\Users\leegg\Documents\StockFlow_final_logging\.venv\Lib\site-packages\sqlalchemy\orm\session.py", line 3881, in _get_impl
    return db_load_fn(
           ^^^^^^^^^^^
  File "C:\Users\leegg\Documents\StockFlow_final_logging\.venv\Lib\site-packages\sqlalchemy\orm\loading.py", line 695, in load_on_pk_identity
    session.execute(
  File "C:\Users\leegg\Documents\StockFlow_final_logging\.venv\Lib\site-packages\sqlalchemy\orm\session.py", line 2373, in execute
    return self._execute_internal(
           ^^^^^^^^^^^^^^^^^^^^^^^
  File "C:\Users\leegg\Documents\StockFlow_final_logging\.venv\Lib\site-packages\sqlalchemy\orm\session.py", line 2271, in _execute_internal
    result: Result[Any] = compile_state_cls.orm_execute_statement(
                          ^^^^^^^^^^^^^^^^^^^^^^^^^^^^^^^^^^^^^^^^
  File "C:\Users\leegg\Documents\StockFlow_final_logging\.venv\Lib\site-packages\sqlalchemy\orm\context.py", line 306, in orm_execute_statement
    result = conn.execute(
             ^^^^^^^^^^^^^
  File "C:\Users\leegg\Documents\StockFlow_final_logging\.venv\Lib\site-packages\sqlalchemy\engine\base.py", line 1421, in execute
    return meth(
           ^^^^^
  File "C:\Users\leegg\Documents\StockFlow_final_logging\.venv\Lib\site-packages\sqlalchemy\sql\elements.py", line 526, in _execute_on_connection
    return connection._execute_clauseelement(
           ^^^^^^^^^^^^^^^^^^^^^^^^^^^^^^^^^^
  File "C:\Users\leegg\Documents\StockFlow_final_logging\.venv\Lib\site-packages\sqlalchemy\engine\base.py", line 1643, in _execute_clauseelement
    ret = self._execute_context(
          ^^^^^^^^^^^^^^^^^^^^^^
  File "C:\Users\leegg\Documents\StockFlow_final_logging\.venv\Lib\site-packages\sqlalchemy\engine\base.py", line 1848, in _execute_context
    return self._exec_single_context(
           ^^^^^^^^^^^^^^^^^^^^^^^^^^
  File "C:\Users\leegg\Documents\StockFlow_final_logging\.venv\Lib\site-packages\sqlalchemy\engine\base.py", line 1988, in _exec_single_context
    self._handle_dbapi_exception(
  File "C:\Users\leegg\Documents\StockFlow_final_logging\.venv\Lib\site-packages\sqlalchemy\engine\base.py", line 2365, in _handle_dbapi_exception
    raise sqlalchemy_exception.with_traceback(exc_info[2]) from e
  File "C:\Users\leegg\Documents\StockFlow_final_logging\.venv\Lib\site-packages\sqlalchemy\engine\base.py", line 1969, in _exec_single_context
    self.dialect.do_execute(
  File "C:\Users\leegg\Documents\StockFlow_final_logging\.venv\Lib\site-packages\sqlalchemy\engine\default.py", line 952, in do_execute
    cursor.execute(statement, parameters)
  File "C:\Users\leegg\Documents\StockFlow_final_logging\.venv\Lib\site-packages\pymysql\cursors.py", line 153, in execute
    result = self._query(query)
             ^^^^^^^^^^^^^^^^^^
  File "C:\Users\leegg\Documents\StockFlow_final_logging\.venv\Lib\site-packages\pymysql\cursors.py", line 322, in _query
    conn.query(q)
  File "C:\Users\leegg\Documents\StockFlow_final_logging\.venv\Lib\site-packages\pymysql\connections.py", line 575, in query
    self._affected_rows = self._read_query_result(unbuffered=unbuffered)
                          ^^^^^^^^^^^^^^^^^^^^^^^^^^^^^^^^^^^^^^^^^^^^^^
  File "C:\Users\leegg\Documents\StockFlow_final_logging\.venv\Lib\site-packages\pymysql\connections.py", line 826, in _read_query_result
    result.read()
  File "C:\Users\leegg\Documents\StockFlow_final_logging\.venv\Lib\site-packages\pymysql\connections.py", line 1203, in read
    first_packet = self.connection._read_packet()
                   ^^^^^^^^^^^^^^^^^^^^^^^^^^^^^^
  File "C:\Users\leegg\Documents\StockFlow_final_logging\.venv\Lib\site-packages\pymysql\connections.py", line 782, in _read_packet
    packet.raise_for_error()
  File "C:\Users\leegg\Documents\StockFlow_final_logging\.venv\Lib\site-packages\pymysql\protocol.py", line 219, in raise_for_error
    err.raise_mysql_exception(self._data)
  File "C:\Users\leegg\Documents\StockFlow_final_logging\.venv\Lib\site-packages\pymysql\err.py", line 150, in raise_mysql_exception
    raise errorclass(errno, errval)
sqlalchemy.exc.OperationalError: (pymysql.err.OperationalError) (1054, "Unknown column 'user.name' in 'field list'")
[SQL: SELECT user.id AS user_id, user.username AS user_username, user.password_hash AS user_password_hash, user.`role` AS user_role, user.name AS user_name, user.position AS user_position, user.created_at AS user_created_at 
FROM user 
WHERE user.id = %(pk_1)s]
[parameters: {'pk_1': 6}]
(Background on this error at: https://sqlalche.me/e/20/e3q8)
2026-09-08 13:17:05 | ERROR | app | Exception on / [GET]
Traceback (most recent call last):
  File "C:\Users\leegg\Documents\StockFlow_final_logging\.venv\Lib\site-packages\sqlalchemy\engine\base.py", line 1969, in _exec_single_context
    self.dialect.do_execute(
  File "C:\Users\leegg\Documents\StockFlow_final_logging\.venv\Lib\site-packages\sqlalchemy\engine\default.py", line 952, in do_execute
    cursor.execute(statement, parameters)
  File "C:\Users\leegg\Documents\StockFlow_final_logging\.venv\Lib\site-packages\pymysql\cursors.py", line 153, in execute
    result = self._query(query)
             ^^^^^^^^^^^^^^^^^^
  File "C:\Users\leegg\Documents\StockFlow_final_logging\.venv\Lib\site-packages\pymysql\cursors.py", line 322, in _query
    conn.query(q)
  File "C:\Users\leegg\Documents\StockFlow_final_logging\.venv\Lib\site-packages\pymysql\connections.py", line 575, in query
    self._affected_rows = self._read_query_result(unbuffered=unbuffered)
                          ^^^^^^^^^^^^^^^^^^^^^^^^^^^^^^^^^^^^^^^^^^^^^^
  File "C:\Users\leegg\Documents\StockFlow_final_logging\.venv\Lib\site-packages\pymysql\connections.py", line 826, in _read_query_result
    result.read()
  File "C:\Users\leegg\Documents\StockFlow_final_logging\.venv\Lib\site-packages\pymysql\connections.py", line 1203, in read
    first_packet = self.connection._read_packet()
                   ^^^^^^^^^^^^^^^^^^^^^^^^^^^^^^
  File "C:\Users\leegg\Documents\StockFlow_final_logging\.venv\Lib\site-packages\pymysql\connections.py", line 782, in _read_packet
    packet.raise_for_error()
  File "C:\Users\leegg\Documents\StockFlow_final_logging\.venv\Lib\site-packages\pymysql\protocol.py", line 219, in raise_for_error
    err.raise_mysql_exception(self._data)
  File "C:\Users\leegg\Documents\StockFlow_final_logging\.venv\Lib\site-packages\pymysql\err.py", line 150, in raise_mysql_exception
    raise errorclass(errno, errval)
pymysql.err.OperationalError: (1054, "Unknown column 'user.name' in 'field list'")

The above exception was the direct cause of the following exception:

Traceback (most recent call last):
  File "C:\Users\leegg\Documents\StockFlow_final_logging\.venv\Lib\site-packages\flask\app.py", line 1511, in wsgi_app
    response = self.full_dispatch_request()
               ^^^^^^^^^^^^^^^^^^^^^^^^^^^^
  File "C:\Users\leegg\Documents\StockFlow_final_logging\.venv\Lib\site-packages\flask\app.py", line 920, in full_dispatch_request
    return self.finalize_request(rv)
           ^^^^^^^^^^^^^^^^^^^^^^^^^
  File "C:\Users\leegg\Documents\StockFlow_final_logging\.venv\Lib\site-packages\flask\app.py", line 941, in finalize_request
    response = self.process_response(response)
               ^^^^^^^^^^^^^^^^^^^^^^^^^^^^^^^
  File "C:\Users\leegg\Documents\StockFlow_final_logging\.venv\Lib\site-packages\flask\app.py", line 1319, in process_response
    response = self.ensure_sync(func)(response)
               ^^^^^^^^^^^^^^^^^^^^^^^^^^^^^^^^
  File "C:\Users\leegg\Documents\StockFlow_final_logging\app\__init__.py", line 42, in _request_end
    getattr(current_user, "id", None) if current_user.is_authenticated else None
                                         ^^^^^^^^^^^^^^^^^^^^^^^^^^^^^
  File "C:\Users\leegg\Documents\StockFlow_final_logging\.venv\Lib\site-packages\werkzeug\local.py", line 318, in __get__
    obj = instance._get_current_object()
          ^^^^^^^^^^^^^^^^^^^^^^^^^^^^^^
  File "C:\Users\leegg\Documents\StockFlow_final_logging\.venv\Lib\site-packages\werkzeug\local.py", line 526, in _get_current_object
    return get_name(local())
                    ^^^^^^^
  File "C:\Users\leegg\Documents\StockFlow_final_logging\.venv\Lib\site-packages\flask_login\utils.py", line 25, in <lambda>
    current_user = LocalProxy(lambda: _get_user())
                                      ^^^^^^^^^^^
  File "C:\Users\leegg\Documents\StockFlow_final_logging\.venv\Lib\site-packages\flask_login\utils.py", line 370, in _get_user
    current_app.login_manager._load_user()
  File "C:\Users\leegg\Documents\StockFlow_final_logging\.venv\Lib\site-packages\flask_login\login_manager.py", line 364, in _load_user
    user = self._user_callback(user_id)
           ^^^^^^^^^^^^^^^^^^^^^^^^^^^^
  File "C:\Users\leegg\Documents\StockFlow_final_logging\app\__init__.py", line 86, in load_user
    return db.session.get(User, int(user_id))
           ^^^^^^^^^^^^^^^^^^^^^^^^^^^^^^^^^^
  File "C:\Users\leegg\Documents\StockFlow_final_logging\.venv\Lib\site-packages\sqlalchemy\orm\scoping.py", line 1043, in get
    return self._proxied.get(
           ^^^^^^^^^^^^^^^^^^
  File "C:\Users\leegg\Documents\StockFlow_final_logging\.venv\Lib\site-packages\sqlalchemy\orm\session.py", line 3702, in get
    return self._get_impl(
           ^^^^^^^^^^^^^^^
  File "C:\Users\leegg\Documents\StockFlow_final_logging\.venv\Lib\site-packages\sqlalchemy\orm\session.py", line 3881, in _get_impl
    return db_load_fn(
           ^^^^^^^^^^^
  File "C:\Users\leegg\Documents\StockFlow_final_logging\.venv\Lib\site-packages\sqlalchemy\orm\loading.py", line 695, in load_on_pk_identity
    session.execute(
  File "C:\Users\leegg\Documents\StockFlow_final_logging\.venv\Lib\site-packages\sqlalchemy\orm\session.py", line 2373, in execute
    return self._execute_internal(
           ^^^^^^^^^^^^^^^^^^^^^^^
  File "C:\Users\leegg\Documents\StockFlow_final_logging\.venv\Lib\site-packages\sqlalchemy\orm\session.py", line 2271, in _execute_internal
    result: Result[Any] = compile_state_cls.orm_execute_statement(
                          ^^^^^^^^^^^^^^^^^^^^^^^^^^^^^^^^^^^^^^^^
  File "C:\Users\leegg\Documents\StockFlow_final_logging\.venv\Lib\site-packages\sqlalchemy\orm\context.py", line 306, in orm_execute_statement
    result = conn.execute(
             ^^^^^^^^^^^^^
  File "C:\Users\leegg\Documents\StockFlow_final_logging\.venv\Lib\site-packages\sqlalchemy\engine\base.py", line 1421, in execute
    return meth(
           ^^^^^
  File "C:\Users\leegg\Documents\StockFlow_final_logging\.venv\Lib\site-packages\sqlalchemy\sql\elements.py", line 526, in _execute_on_connection
    return connection._execute_clauseelement(
           ^^^^^^^^^^^^^^^^^^^^^^^^^^^^^^^^^^
  File "C:\Users\leegg\Documents\StockFlow_final_logging\.venv\Lib\site-packages\sqlalchemy\engine\base.py", line 1643, in _execute_clauseelement
    ret = self._execute_context(
          ^^^^^^^^^^^^^^^^^^^^^^
  File "C:\Users\leegg\Documents\StockFlow_final_logging\.venv\Lib\site-packages\sqlalchemy\engine\base.py", line 1848, in _execute_context
    return self._exec_single_context(
           ^^^^^^^^^^^^^^^^^^^^^^^^^^
  File "C:\Users\leegg\Documents\StockFlow_final_logging\.venv\Lib\site-packages\sqlalchemy\engine\base.py", line 1988, in _exec_single_context
    self._handle_dbapi_exception(
  File "C:\Users\leegg\Documents\StockFlow_final_logging\.venv\Lib\site-packages\sqlalchemy\engine\base.py", line 2365, in _handle_dbapi_exception
    raise sqlalchemy_exception.with_traceback(exc_info[2]) from e
  File "C:\Users\leegg\Documents\StockFlow_final_logging\.venv\Lib\site-packages\sqlalchemy\engine\base.py", line 1969, in _exec_single_context
    self.dialect.do_execute(
  File "C:\Users\leegg\Documents\StockFlow_final_logging\.venv\Lib\site-packages\sqlalchemy\engine\default.py", line 952, in do_execute
    cursor.execute(statement, parameters)
  File "C:\Users\leegg\Documents\StockFlow_final_logging\.venv\Lib\site-packages\pymysql\cursors.py", line 153, in execute
    result = self._query(query)
             ^^^^^^^^^^^^^^^^^^
  File "C:\Users\leegg\Documents\StockFlow_final_logging\.venv\Lib\site-packages\pymysql\cursors.py", line 322, in _query
    conn.query(q)
  File "C:\Users\leegg\Documents\StockFlow_final_logging\.venv\Lib\site-packages\pymysql\connections.py", line 575, in query
    self._affected_rows = self._read_query_result(unbuffered=unbuffered)
                          ^^^^^^^^^^^^^^^^^^^^^^^^^^^^^^^^^^^^^^^^^^^^^^
  File "C:\Users\leegg\Documents\StockFlow_final_logging\.venv\Lib\site-packages\pymysql\connections.py", line 826, in _read_query_result
    result.read()
  File "C:\Users\leegg\Documents\StockFlow_final_logging\.venv\Lib\site-packages\pymysql\connections.py", line 1203, in read
    first_packet = self.connection._read_packet()
                   ^^^^^^^^^^^^^^^^^^^^^^^^^^^^^^
  File "C:\Users\leegg\Documents\StockFlow_final_logging\.venv\Lib\site-packages\pymysql\connections.py", line 782, in _read_packet
    packet.raise_for_error()
  File "C:\Users\leegg\Documents\StockFlow_final_logging\.venv\Lib\site-packages\pymysql\protocol.py", line 219, in raise_for_error
    err.raise_mysql_exception(self._data)
  File "C:\Users\leegg\Documents\StockFlow_final_logging\.venv\Lib\site-packages\pymysql\err.py", line 150, in raise_mysql_exception
    raise errorclass(errno, errval)
sqlalchemy.exc.OperationalError: (pymysql.err.OperationalError) (1054, "Unknown column 'user.name' in 'field list'")
[SQL: SELECT user.id AS user_id, user.username AS user_username, user.password_hash AS user_password_hash, user.`role` AS user_role, user.name AS user_name, user.position AS user_position, user.created_at AS user_created_at 
FROM user 
WHERE user.id = %(pk_1)s]
[parameters: {'pk_1': 6}]
(Background on this error at: https://sqlalche.me/e/20/e3q8)
2026-09-08 13:17:05 | ERROR | app | Request finalizing failed with an error while handling an error
Traceback (most recent call last):
  File "C:\Users\leegg\Documents\StockFlow_final_logging\.venv\Lib\site-packages\sqlalchemy\engine\base.py", line 1969, in _exec_single_context
    self.dialect.do_execute(
  File "C:\Users\leegg\Documents\StockFlow_final_logging\.venv\Lib\site-packages\sqlalchemy\engine\default.py", line 952, in do_execute
    cursor.execute(statement, parameters)
  File "C:\Users\leegg\Documents\StockFlow_final_logging\.venv\Lib\site-packages\pymysql\cursors.py", line 153, in execute
    result = self._query(query)
             ^^^^^^^^^^^^^^^^^^
  File "C:\Users\leegg\Documents\StockFlow_final_logging\.venv\Lib\site-packages\pymysql\cursors.py", line 322, in _query
    conn.query(q)
  File "C:\Users\leegg\Documents\StockFlow_final_logging\.venv\Lib\site-packages\pymysql\connections.py", line 575, in query
    self._affected_rows = self._read_query_result(unbuffered=unbuffered)
                          ^^^^^^^^^^^^^^^^^^^^^^^^^^^^^^^^^^^^^^^^^^^^^^
  File "C:\Users\leegg\Documents\StockFlow_final_logging\.venv\Lib\site-packages\pymysql\connections.py", line 826, in _read_query_result
    result.read()
  File "C:\Users\leegg\Documents\StockFlow_final_logging\.venv\Lib\site-packages\pymysql\connections.py", line 1203, in read
    first_packet = self.connection._read_packet()
                   ^^^^^^^^^^^^^^^^^^^^^^^^^^^^^^
  File "C:\Users\leegg\Documents\StockFlow_final_logging\.venv\Lib\site-packages\pymysql\connections.py", line 782, in _read_packet
    packet.raise_for_error()
  File "C:\Users\leegg\Documents\StockFlow_final_logging\.venv\Lib\site-packages\pymysql\protocol.py", line 219, in raise_for_error
    err.raise_mysql_exception(self._data)
  File "C:\Users\leegg\Documents\StockFlow_final_logging\.venv\Lib\site-packages\pymysql\err.py", line 150, in raise_mysql_exception
    raise errorclass(errno, errval)
pymysql.err.OperationalError: (1054, "Unknown column 'user.name' in 'field list'")

The above exception was the direct cause of the following exception:

Traceback (most recent call last):
  File "C:\Users\leegg\Documents\StockFlow_final_logging\.venv\Lib\site-packages\flask\app.py", line 1511, in wsgi_app
    response = self.full_dispatch_request()
               ^^^^^^^^^^^^^^^^^^^^^^^^^^^^
  File "C:\Users\leegg\Documents\StockFlow_final_logging\.venv\Lib\site-packages\flask\app.py", line 920, in full_dispatch_request
    return self.finalize_request(rv)
           ^^^^^^^^^^^^^^^^^^^^^^^^^
  File "C:\Users\leegg\Documents\StockFlow_final_logging\.venv\Lib\site-packages\flask\app.py", line 941, in finalize_request
    response = self.process_response(response)
               ^^^^^^^^^^^^^^^^^^^^^^^^^^^^^^^
  File "C:\Users\leegg\Documents\StockFlow_final_logging\.venv\Lib\site-packages\flask\app.py", line 1319, in process_response
    response = self.ensure_sync(func)(response)
               ^^^^^^^^^^^^^^^^^^^^^^^^^^^^^^^^
  File "C:\Users\leegg\Documents\StockFlow_final_logging\app\__init__.py", line 42, in _request_end
    getattr(current_user, "id", None) if current_user.is_authenticated else None
                                         ^^^^^^^^^^^^^^^^^^^^^^^^^^^^^
  File "C:\Users\leegg\Documents\StockFlow_final_logging\.venv\Lib\site-packages\werkzeug\local.py", line 318, in __get__
    obj = instance._get_current_object()
          ^^^^^^^^^^^^^^^^^^^^^^^^^^^^^^
  File "C:\Users\leegg\Documents\StockFlow_final_logging\.venv\Lib\site-packages\werkzeug\local.py", line 526, in _get_current_object
    return get_name(local())
                    ^^^^^^^
  File "C:\Users\leegg\Documents\StockFlow_final_logging\.venv\Lib\site-packages\flask_login\utils.py", line 25, in <lambda>
    current_user = LocalProxy(lambda: _get_user())
                                      ^^^^^^^^^^^
  File "C:\Users\leegg\Documents\StockFlow_final_logging\.venv\Lib\site-packages\flask_login\utils.py", line 370, in _get_user
    current_app.login_manager._load_user()
  File "C:\Users\leegg\Documents\StockFlow_final_logging\.venv\Lib\site-packages\flask_login\login_manager.py", line 364, in _load_user
    user = self._user_callback(user_id)
           ^^^^^^^^^^^^^^^^^^^^^^^^^^^^
  File "C:\Users\leegg\Documents\StockFlow_final_logging\app\__init__.py", line 86, in load_user
    return db.session.get(User, int(user_id))
           ^^^^^^^^^^^^^^^^^^^^^^^^^^^^^^^^^^
  File "C:\Users\leegg\Documents\StockFlow_final_logging\.venv\Lib\site-packages\sqlalchemy\orm\scoping.py", line 1043, in get
    return self._proxied.get(
           ^^^^^^^^^^^^^^^^^^
  File "C:\Users\leegg\Documents\StockFlow_final_logging\.venv\Lib\site-packages\sqlalchemy\orm\session.py", line 3702, in get
    return self._get_impl(
           ^^^^^^^^^^^^^^^
  File "C:\Users\leegg\Documents\StockFlow_final_logging\.venv\Lib\site-packages\sqlalchemy\orm\session.py", line 3881, in _get_impl
    return db_load_fn(
           ^^^^^^^^^^^
  File "C:\Users\leegg\Documents\StockFlow_final_logging\.venv\Lib\site-packages\sqlalchemy\orm\loading.py", line 695, in load_on_pk_identity
    session.execute(
  File "C:\Users\leegg\Documents\StockFlow_final_logging\.venv\Lib\site-packages\sqlalchemy\orm\session.py", line 2373, in execute
    return self._execute_internal(
           ^^^^^^^^^^^^^^^^^^^^^^^
  File "C:\Users\leegg\Documents\StockFlow_final_logging\.venv\Lib\site-packages\sqlalchemy\orm\session.py", line 2271, in _execute_internal
    result: Result[Any] = compile_state_cls.orm_execute_statement(
                          ^^^^^^^^^^^^^^^^^^^^^^^^^^^^^^^^^^^^^^^^
  File "C:\Users\leegg\Documents\StockFlow_final_logging\.venv\Lib\site-packages\sqlalchemy\orm\context.py", line 306, in orm_execute_statement
    result = conn.execute(
             ^^^^^^^^^^^^^
  File "C:\Users\leegg\Documents\StockFlow_final_logging\.venv\Lib\site-packages\sqlalchemy\engine\base.py", line 1421, in execute
    return meth(
           ^^^^^
  File "C:\Users\leegg\Documents\StockFlow_final_logging\.venv\Lib\site-packages\sqlalchemy\sql\elements.py", line 526, in _execute_on_connection
    return connection._execute_clauseelement(
           ^^^^^^^^^^^^^^^^^^^^^^^^^^^^^^^^^^
  File "C:\Users\leegg\Documents\StockFlow_final_logging\.venv\Lib\site-packages\sqlalchemy\engine\base.py", line 1643, in _execute_clauseelement
    ret = self._execute_context(
          ^^^^^^^^^^^^^^^^^^^^^^
  File "C:\Users\leegg\Documents\StockFlow_final_logging\.venv\Lib\site-packages\sqlalchemy\engine\base.py", line 1848, in _execute_context
    return self._exec_single_context(
           ^^^^^^^^^^^^^^^^^^^^^^^^^^
  File "C:\Users\leegg\Documents\StockFlow_final_logging\.venv\Lib\site-packages\sqlalchemy\engine\base.py", line 1988, in _exec_single_context
    self._handle_dbapi_exception(
  File "C:\Users\leegg\Documents\StockFlow_final_logging\.venv\Lib\site-packages\sqlalchemy\engine\base.py", line 2365, in _handle_dbapi_exception
    raise sqlalchemy_exception.with_traceback(exc_info[2]) from e
  File "C:\Users\leegg\Documents\StockFlow_final_logging\.venv\Lib\site-packages\sqlalchemy\engine\base.py", line 1969, in _exec_single_context
    self.dialect.do_execute(
  File "C:\Users\leegg\Documents\StockFlow_final_logging\.venv\Lib\site-packages\sqlalchemy\engine\default.py", line 952, in do_execute
    cursor.execute(statement, parameters)
  File "C:\Users\leegg\Documents\StockFlow_final_logging\.venv\Lib\site-packages\pymysql\cursors.py", line 153, in execute
    result = self._query(query)
             ^^^^^^^^^^^^^^^^^^
  File "C:\Users\leegg\Documents\StockFlow_final_logging\.venv\Lib\site-packages\pymysql\cursors.py", line 322, in _query
    conn.query(q)
  File "C:\Users\leegg\Documents\StockFlow_final_logging\.venv\Lib\site-packages\pymysql\connections.py", line 575, in query
    self._affected_rows = self._read_query_result(unbuffered=unbuffered)
                          ^^^^^^^^^^^^^^^^^^^^^^^^^^^^^^^^^^^^^^^^^^^^^^
  File "C:\Users\leegg\Documents\StockFlow_final_logging\.venv\Lib\site-packages\pymysql\connections.py", line 826, in _read_query_result
    result.read()
  File "C:\Users\leegg\Documents\StockFlow_final_logging\.venv\Lib\site-packages\pymysql\connections.py", line 1203, in read
    first_packet = self.connection._read_packet()
                   ^^^^^^^^^^^^^^^^^^^^^^^^^^^^^^
  File "C:\Users\leegg\Documents\StockFlow_final_logging\.venv\Lib\site-packages\pymysql\connections.py", line 782, in _read_packet
    packet.raise_for_error()
  File "C:\Users\leegg\Documents\StockFlow_final_logging\.venv\Lib\site-packages\pymysql\protocol.py", line 219, in raise_for_error
    err.raise_mysql_exception(self._data)
  File "C:\Users\leegg\Documents\StockFlow_final_logging\.venv\Lib\site-packages\pymysql\err.py", line 150, in raise_mysql_exception
    raise errorclass(errno, errval)
sqlalchemy.exc.OperationalError: (pymysql.err.OperationalError) (1054, "Unknown column 'user.name' in 'field list'")
[SQL: SELECT user.id AS user_id, user.username AS user_username, user.password_hash AS user_password_hash, user.`role` AS user_role, user.name AS user_name, user.position AS user_position, user.created_at AS user_created_at 
FROM user 
WHERE user.id = %(pk_1)s]
[parameters: {'pk_1': 6}]
(Background on this error at: https://sqlalche.me/e/20/e3q8)

During handling of the above exception, another exception occurred:

Traceback (most recent call last):
  File "C:\Users\leegg\Documents\StockFlow_final_logging\.venv\Lib\site-packages\sqlalchemy\engine\base.py", line 1969, in _exec_single_context
    self.dialect.do_execute(
  File "C:\Users\leegg\Documents\StockFlow_final_logging\.venv\Lib\site-packages\sqlalchemy\engine\default.py", line 952, in do_execute
    cursor.execute(statement, parameters)
  File "C:\Users\leegg\Documents\StockFlow_final_logging\.venv\Lib\site-packages\pymysql\cursors.py", line 153, in execute
    result = self._query(query)
             ^^^^^^^^^^^^^^^^^^
  File "C:\Users\leegg\Documents\StockFlow_final_logging\.venv\Lib\site-packages\pymysql\cursors.py", line 322, in _query
    conn.query(q)
  File "C:\Users\leegg\Documents\StockFlow_final_logging\.venv\Lib\site-packages\pymysql\connections.py", line 575, in query
    self._affected_rows = self._read_query_result(unbuffered=unbuffered)
                          ^^^^^^^^^^^^^^^^^^^^^^^^^^^^^^^^^^^^^^^^^^^^^^
  File "C:\Users\leegg\Documents\StockFlow_final_logging\.venv\Lib\site-packages\pymysql\connections.py", line 826, in _read_query_result
    result.read()
  File "C:\Users\leegg\Documents\StockFlow_final_logging\.venv\Lib\site-packages\pymysql\connections.py", line 1203, in read
    first_packet = self.connection._read_packet()
                   ^^^^^^^^^^^^^^^^^^^^^^^^^^^^^^
  File "C:\Users\leegg\Documents\StockFlow_final_logging\.venv\Lib\site-packages\pymysql\connections.py", line 782, in _read_packet
    packet.raise_for_error()
  File "C:\Users\leegg\Documents\StockFlow_final_logging\.venv\Lib\site-packages\pymysql\protocol.py", line 219, in raise_for_error
    err.raise_mysql_exception(self._data)
  File "C:\Users\leegg\Documents\StockFlow_final_logging\.venv\Lib\site-packages\pymysql\err.py", line 150, in raise_mysql_exception
    raise errorclass(errno, errval)
pymysql.err.OperationalError: (1054, "Unknown column 'user.name' in 'field list'")

The above exception was the direct cause of the following exception:

Traceback (most recent call last):
  File "C:\Users\leegg\Documents\StockFlow_final_logging\.venv\Lib\site-packages\flask\app.py", line 941, in finalize_request
    response = self.process_response(response)
               ^^^^^^^^^^^^^^^^^^^^^^^^^^^^^^^
  File "C:\Users\leegg\Documents\StockFlow_final_logging\.venv\Lib\site-packages\flask\app.py", line 1319, in process_response
    response = self.ensure_sync(func)(response)
               ^^^^^^^^^^^^^^^^^^^^^^^^^^^^^^^^
  File "C:\Users\leegg\Documents\StockFlow_final_logging\app\__init__.py", line 42, in _request_end
    getattr(current_user, "id", None) if current_user.is_authenticated else None
                                         ^^^^^^^^^^^^^^^^^^^^^^^^^^^^^
  File "C:\Users\leegg\Documents\StockFlow_final_logging\.venv\Lib\site-packages\werkzeug\local.py", line 318, in __get__
    obj = instance._get_current_object()
          ^^^^^^^^^^^^^^^^^^^^^^^^^^^^^^
  File "C:\Users\leegg\Documents\StockFlow_final_logging\.venv\Lib\site-packages\werkzeug\local.py", line 526, in _get_current_object
    return get_name(local())
                    ^^^^^^^
  File "C:\Users\leegg\Documents\StockFlow_final_logging\.venv\Lib\site-packages\flask_login\utils.py", line 25, in <lambda>
    current_user = LocalProxy(lambda: _get_user())
                                      ^^^^^^^^^^^
  File "C:\Users\leegg\Documents\StockFlow_final_logging\.venv\Lib\site-packages\flask_login\utils.py", line 370, in _get_user
    current_app.login_manager._load_user()
  File "C:\Users\leegg\Documents\StockFlow_final_logging\.venv\Lib\site-packages\flask_login\login_manager.py", line 364, in _load_user
    user = self._user_callback(user_id)
           ^^^^^^^^^^^^^^^^^^^^^^^^^^^^
  File "C:\Users\leegg\Documents\StockFlow_final_logging\app\__init__.py", line 86, in load_user
    return db.session.get(User, int(user_id))
           ^^^^^^^^^^^^^^^^^^^^^^^^^^^^^^^^^^
  File "C:\Users\leegg\Documents\StockFlow_final_logging\.venv\Lib\site-packages\sqlalchemy\orm\scoping.py", line 1043, in get
    return self._proxied.get(
           ^^^^^^^^^^^^^^^^^^
  File "C:\Users\leegg\Documents\StockFlow_final_logging\.venv\Lib\site-packages\sqlalchemy\orm\session.py", line 3702, in get
    return self._get_impl(
           ^^^^^^^^^^^^^^^
  File "C:\Users\leegg\Documents\StockFlow_final_logging\.venv\Lib\site-packages\sqlalchemy\orm\session.py", line 3881, in _get_impl
    return db_load_fn(
           ^^^^^^^^^^^
  File "C:\Users\leegg\Documents\StockFlow_final_logging\.venv\Lib\site-packages\sqlalchemy\orm\loading.py", line 695, in load_on_pk_identity
    session.execute(
  File "C:\Users\leegg\Documents\StockFlow_final_logging\.venv\Lib\site-packages\sqlalchemy\orm\session.py", line 2373, in execute
    return self._execute_internal(
           ^^^^^^^^^^^^^^^^^^^^^^^
  File "C:\Users\leegg\Documents\StockFlow_final_logging\.venv\Lib\site-packages\sqlalchemy\orm\session.py", line 2271, in _execute_internal
    result: Result[Any] = compile_state_cls.orm_execute_statement(
                          ^^^^^^^^^^^^^^^^^^^^^^^^^^^^^^^^^^^^^^^^
  File "C:\Users\leegg\Documents\StockFlow_final_logging\.venv\Lib\site-packages\sqlalchemy\orm\context.py", line 306, in orm_execute_statement
    result = conn.execute(
             ^^^^^^^^^^^^^
  File "C:\Users\leegg\Documents\StockFlow_final_logging\.venv\Lib\site-packages\sqlalchemy\engine\base.py", line 1421, in execute
    return meth(
           ^^^^^
  File "C:\Users\leegg\Documents\StockFlow_final_logging\.venv\Lib\site-packages\sqlalchemy\sql\elements.py", line 526, in _execute_on_connection
    return connection._execute_clauseelement(
           ^^^^^^^^^^^^^^^^^^^^^^^^^^^^^^^^^^
  File "C:\Users\leegg\Documents\StockFlow_final_logging\.venv\Lib\site-packages\sqlalchemy\engine\base.py", line 1643, in _execute_clauseelement
    ret = self._execute_context(
          ^^^^^^^^^^^^^^^^^^^^^^
  File "C:\Users\leegg\Documents\StockFlow_final_logging\.venv\Lib\site-packages\sqlalchemy\engine\base.py", line 1848, in _execute_context
    return self._exec_single_context(
           ^^^^^^^^^^^^^^^^^^^^^^^^^^
  File "C:\Users\leegg\Documents\StockFlow_final_logging\.venv\Lib\site-packages\sqlalchemy\engine\base.py", line 1988, in _exec_single_context
    self._handle_dbapi_exception(
  File "C:\Users\leegg\Documents\StockFlow_final_logging\.venv\Lib\site-packages\sqlalchemy\engine\base.py", line 2365, in _handle_dbapi_exception
    raise sqlalchemy_exception.with_traceback(exc_info[2]) from e
  File "C:\Users\leegg\Documents\StockFlow_final_logging\.venv\Lib\site-packages\sqlalchemy\engine\base.py", line 1969, in _exec_single_context
    self.dialect.do_execute(
  File "C:\Users\leegg\Documents\StockFlow_final_logging\.venv\Lib\site-packages\sqlalchemy\engine\default.py", line 952, in do_execute
    cursor.execute(statement, parameters)
  File "C:\Users\leegg\Documents\StockFlow_final_logging\.venv\Lib\site-packages\pymysql\cursors.py", line 153, in execute
    result = self._query(query)
             ^^^^^^^^^^^^^^^^^^
  File "C:\Users\leegg\Documents\StockFlow_final_logging\.venv\Lib\site-packages\pymysql\cursors.py", line 322, in _query
    conn.query(q)
  File "C:\Users\leegg\Documents\StockFlow_final_logging\.venv\Lib\site-packages\pymysql\connections.py", line 575, in query
    self._affected_rows = self._read_query_result(unbuffered=unbuffered)
                          ^^^^^^^^^^^^^^^^^^^^^^^^^^^^^^^^^^^^^^^^^^^^^^
  File "C:\Users\leegg\Documents\StockFlow_final_logging\.venv\Lib\site-packages\pymysql\connections.py", line 826, in _read_query_result
    result.read()
  File "C:\Users\leegg\Documents\StockFlow_final_logging\.venv\Lib\site-packages\pymysql\connections.py", line 1203, in read
    first_packet = self.connection._read_packet()
                   ^^^^^^^^^^^^^^^^^^^^^^^^^^^^^^
  File "C:\Users\leegg\Documents\StockFlow_final_logging\.venv\Lib\site-packages\pymysql\connections.py", line 782, in _read_packet
    packet.raise_for_error()
  File "C:\Users\leegg\Documents\StockFlow_final_logging\.venv\Lib\site-packages\pymysql\protocol.py", line 219, in raise_for_error
    err.raise_mysql_exception(self._data)
  File "C:\Users\leegg\Documents\StockFlow_final_logging\.venv\Lib\site-packages\pymysql\err.py", line 150, in raise_mysql_exception
    raise errorclass(errno, errval)
sqlalchemy.exc.OperationalError: (pymysql.err.OperationalError) (1054, "Unknown column 'user.name' in 'field list'")
[SQL: SELECT user.id AS user_id, user.username AS user_username, user.password_hash AS user_password_hash, user.`role` AS user_role, user.name AS user_name, user.position AS user_position, user.created_at AS user_created_at 
FROM user 
WHERE user.id = %(pk_1)s]
[parameters: {'pk_1': 6}]
(Background on this error at: https://sqlalche.me/e/20/e3q8)
2026-09-08 13:17:05 | ERROR | app | Unhandled exception | request_id=fa2b15e6dfe5 | method=GET | path=/
Traceback (most recent call last):
  File "C:\Users\leegg\Documents\StockFlow_final_logging\.venv\Lib\site-packages\sqlalchemy\engine\base.py", line 1969, in _exec_single_context
    self.dialect.do_execute(
  File "C:\Users\leegg\Documents\StockFlow_final_logging\.venv\Lib\site-packages\sqlalchemy\engine\default.py", line 952, in do_execute
    cursor.execute(statement, parameters)
  File "C:\Users\leegg\Documents\StockFlow_final_logging\.venv\Lib\site-packages\pymysql\cursors.py", line 153, in execute
    result = self._query(query)
             ^^^^^^^^^^^^^^^^^^
  File "C:\Users\leegg\Documents\StockFlow_final_logging\.venv\Lib\site-packages\pymysql\cursors.py", line 322, in _query
    conn.query(q)
  File "C:\Users\leegg\Documents\StockFlow_final_logging\.venv\Lib\site-packages\pymysql\connections.py", line 575, in query
    self._affected_rows = self._read_query_result(unbuffered=unbuffered)
                          ^^^^^^^^^^^^^^^^^^^^^^^^^^^^^^^^^^^^^^^^^^^^^^
  File "C:\Users\leegg\Documents\StockFlow_final_logging\.venv\Lib\site-packages\pymysql\connections.py", line 826, in _read_query_result
    result.read()
  File "C:\Users\leegg\Documents\StockFlow_final_logging\.venv\Lib\site-packages\pymysql\connections.py", line 1203, in read
    first_packet = self.connection._read_packet()
                   ^^^^^^^^^^^^^^^^^^^^^^^^^^^^^^
  File "C:\Users\leegg\Documents\StockFlow_final_logging\.venv\Lib\site-packages\pymysql\connections.py", line 782, in _read_packet
    packet.raise_for_error()
  File "C:\Users\leegg\Documents\StockFlow_final_logging\.venv\Lib\site-packages\pymysql\protocol.py", line 219, in raise_for_error
    err.raise_mysql_exception(self._data)
  File "C:\Users\leegg\Documents\StockFlow_final_logging\.venv\Lib\site-packages\pymysql\err.py", line 150, in raise_mysql_exception
    raise errorclass(errno, errval)
pymysql.err.OperationalError: (1054, "Unknown column 'user.name' in 'field list'")

The above exception was the direct cause of the following exception:

Traceback (most recent call last):
  File "C:\Users\leegg\Documents\StockFlow_final_logging\.venv\Lib\site-packages\flask\app.py", line 917, in full_dispatch_request
    rv = self.dispatch_request()
         ^^^^^^^^^^^^^^^^^^^^^^^
  File "C:\Users\leegg\Documents\StockFlow_final_logging\.venv\Lib\site-packages\flask\app.py", line 902, in dispatch_request
    return self.ensure_sync(self.view_functions[rule.endpoint])(**view_args)  # type: ignore[no-any-return]
           ^^^^^^^^^^^^^^^^^^^^^^^^^^^^^^^^^^^^^^^^^^^^^^^^^^^^^^^^^^^^^^^^^
  File "C:\Users\leegg\Documents\StockFlow_final_logging\.venv\Lib\site-packages\flask_login\utils.py", line 284, in decorated_view
    elif not current_user.is_authenticated:
             ^^^^^^^^^^^^^^^^^^^^^^^^^^^^^
  File "C:\Users\leegg\Documents\StockFlow_final_logging\.venv\Lib\site-packages\werkzeug\local.py", line 318, in __get__
    obj = instance._get_current_object()
          ^^^^^^^^^^^^^^^^^^^^^^^^^^^^^^
  File "C:\Users\leegg\Documents\StockFlow_final_logging\.venv\Lib\site-packages\werkzeug\local.py", line 526, in _get_current_object
    return get_name(local())
                    ^^^^^^^
  File "C:\Users\leegg\Documents\StockFlow_final_logging\.venv\Lib\site-packages\flask_login\utils.py", line 25, in <lambda>
    current_user = LocalProxy(lambda: _get_user())
                                      ^^^^^^^^^^^
  File "C:\Users\leegg\Documents\StockFlow_final_logging\.venv\Lib\site-packages\flask_login\utils.py", line 370, in _get_user
    current_app.login_manager._load_user()
  File "C:\Users\leegg\Documents\StockFlow_final_logging\.venv\Lib\site-packages\flask_login\login_manager.py", line 364, in _load_user
    user = self._user_callback(user_id)
           ^^^^^^^^^^^^^^^^^^^^^^^^^^^^
  File "C:\Users\leegg\Documents\StockFlow_final_logging\app\__init__.py", line 86, in load_user
    return db.session.get(User, int(user_id))
           ^^^^^^^^^^^^^^^^^^^^^^^^^^^^^^^^^^
  File "C:\Users\leegg\Documents\StockFlow_final_logging\.venv\Lib\site-packages\sqlalchemy\orm\scoping.py", line 1043, in get
    return self._proxied.get(
           ^^^^^^^^^^^^^^^^^^
  File "C:\Users\leegg\Documents\StockFlow_final_logging\.venv\Lib\site-packages\sqlalchemy\orm\session.py", line 3702, in get
    return self._get_impl(
           ^^^^^^^^^^^^^^^
  File "C:\Users\leegg\Documents\StockFlow_final_logging\.venv\Lib\site-packages\sqlalchemy\orm\session.py", line 3881, in _get_impl
    return db_load_fn(
           ^^^^^^^^^^^
  File "C:\Users\leegg\Documents\StockFlow_final_logging\.venv\Lib\site-packages\sqlalchemy\orm\loading.py", line 695, in load_on_pk_identity
    session.execute(
  File "C:\Users\leegg\Documents\StockFlow_final_logging\.venv\Lib\site-packages\sqlalchemy\orm\session.py", line 2373, in execute
    return self._execute_internal(
           ^^^^^^^^^^^^^^^^^^^^^^^
  File "C:\Users\leegg\Documents\StockFlow_final_logging\.venv\Lib\site-packages\sqlalchemy\orm\session.py", line 2271, in _execute_internal
    result: Result[Any] = compile_state_cls.orm_execute_statement(
                          ^^^^^^^^^^^^^^^^^^^^^^^^^^^^^^^^^^^^^^^^
  File "C:\Users\leegg\Documents\StockFlow_final_logging\.venv\Lib\site-packages\sqlalchemy\orm\context.py", line 306, in orm_execute_statement
    result = conn.execute(
             ^^^^^^^^^^^^^
  File "C:\Users\leegg\Documents\StockFlow_final_logging\.venv\Lib\site-packages\sqlalchemy\engine\base.py", line 1421, in execute
    return meth(
           ^^^^^
  File "C:\Users\leegg\Documents\StockFlow_final_logging\.venv\Lib\site-packages\sqlalchemy\sql\elements.py", line 526, in _execute_on_connection
    return connection._execute_clauseelement(
           ^^^^^^^^^^^^^^^^^^^^^^^^^^^^^^^^^^
  File "C:\Users\leegg\Documents\StockFlow_final_logging\.venv\Lib\site-packages\sqlalchemy\engine\base.py", line 1643, in _execute_clauseelement
    ret = self._execute_context(
          ^^^^^^^^^^^^^^^^^^^^^^
  File "C:\Users\leegg\Documents\StockFlow_final_logging\.venv\Lib\site-packages\sqlalchemy\engine\base.py", line 1848, in _execute_context
    return self._exec_single_context(
           ^^^^^^^^^^^^^^^^^^^^^^^^^^
  File "C:\Users\leegg\Documents\StockFlow_final_logging\.venv\Lib\site-packages\sqlalchemy\engine\base.py", line 1988, in _exec_single_context
    self._handle_dbapi_exception(
  File "C:\Users\leegg\Documents\StockFlow_final_logging\.venv\Lib\site-packages\sqlalchemy\engine\base.py", line 2365, in _handle_dbapi_exception
    raise sqlalchemy_exception.with_traceback(exc_info[2]) from e
  File "C:\Users\leegg\Documents\StockFlow_final_logging\.venv\Lib\site-packages\sqlalchemy\engine\base.py", line 1969, in _exec_single_context
    self.dialect.do_execute(
  File "C:\Users\leegg\Documents\StockFlow_final_logging\.venv\Lib\site-packages\sqlalchemy\engine\default.py", line 952, in do_execute
    cursor.execute(statement, parameters)
  File "C:\Users\leegg\Documents\StockFlow_final_logging\.venv\Lib\site-packages\pymysql\cursors.py", line 153, in execute
    result = self._query(query)
             ^^^^^^^^^^^^^^^^^^
  File "C:\Users\leegg\Documents\StockFlow_final_logging\.venv\Lib\site-packages\pymysql\cursors.py", line 322, in _query
    conn.query(q)
  File "C:\Users\leegg\Documents\StockFlow_final_logging\.venv\Lib\site-packages\pymysql\connections.py", line 575, in query
    self._affected_rows = self._read_query_result(unbuffered=unbuffered)
                          ^^^^^^^^^^^^^^^^^^^^^^^^^^^^^^^^^^^^^^^^^^^^^^
  File "C:\Users\leegg\Documents\StockFlow_final_logging\.venv\Lib\site-packages\pymysql\connections.py", line 826, in _read_query_result
    result.read()
  File "C:\Users\leegg\Documents\StockFlow_final_logging\.venv\Lib\site-packages\pymysql\connections.py", line 1203, in read
    first_packet = self.connection._read_packet()
                   ^^^^^^^^^^^^^^^^^^^^^^^^^^^^^^
  File "C:\Users\leegg\Documents\StockFlow_final_logging\.venv\Lib\site-packages\pymysql\connections.py", line 782, in _read_packet
    packet.raise_for_error()
  File "C:\Users\leegg\Documents\StockFlow_final_logging\.venv\Lib\site-packages\pymysql\protocol.py", line 219, in raise_for_error
    err.raise_mysql_exception(self._data)
  File "C:\Users\leegg\Documents\StockFlow_final_logging\.venv\Lib\site-packages\pymysql\err.py", line 150, in raise_mysql_exception
    raise errorclass(errno, errval)
sqlalchemy.exc.OperationalError: (pymysql.err.OperationalError) (1054, "Unknown column 'user.name' in 'field list'")
[SQL: SELECT user.id AS user_id, user.username AS user_username, user.password_hash AS user_password_hash, user.`role` AS user_role, user.name AS user_name, user.position AS user_position, user.created_at AS user_created_at 
FROM user 
WHERE user.id = %(pk_1)s]
[parameters: {'pk_1': 6}]
(Background on this error at: https://sqlalche.me/e/20/e3q8)
2026-09-08 13:17:05 | ERROR | app | Exception on / [GET]
Traceback (most recent call last):
  File "C:\Users\leegg\Documents\StockFlow_final_logging\.venv\Lib\site-packages\sqlalchemy\engine\base.py", line 1969, in _exec_single_context
    self.dialect.do_execute(
  File "C:\Users\leegg\Documents\StockFlow_final_logging\.venv\Lib\site-packages\sqlalchemy\engine\default.py", line 952, in do_execute
    cursor.execute(statement, parameters)
  File "C:\Users\leegg\Documents\StockFlow_final_logging\.venv\Lib\site-packages\pymysql\cursors.py", line 153, in execute
    result = self._query(query)
             ^^^^^^^^^^^^^^^^^^
  File "C:\Users\leegg\Documents\StockFlow_final_logging\.venv\Lib\site-packages\pymysql\cursors.py", line 322, in _query
    conn.query(q)
  File "C:\Users\leegg\Documents\StockFlow_final_logging\.venv\Lib\site-packages\pymysql\connections.py", line 575, in query
    self._affected_rows = self._read_query_result(unbuffered=unbuffered)
                          ^^^^^^^^^^^^^^^^^^^^^^^^^^^^^^^^^^^^^^^^^^^^^^
  File "C:\Users\leegg\Documents\StockFlow_final_logging\.venv\Lib\site-packages\pymysql\connections.py", line 826, in _read_query_result
    result.read()
  File "C:\Users\leegg\Documents\StockFlow_final_logging\.venv\Lib\site-packages\pymysql\connections.py", line 1203, in read
    first_packet = self.connection._read_packet()
                   ^^^^^^^^^^^^^^^^^^^^^^^^^^^^^^
  File "C:\Users\leegg\Documents\StockFlow_final_logging\.venv\Lib\site-packages\pymysql\connections.py", line 782, in _read_packet
    packet.raise_for_error()
  File "C:\Users\leegg\Documents\StockFlow_final_logging\.venv\Lib\site-packages\pymysql\protocol.py", line 219, in raise_for_error
    err.raise_mysql_exception(self._data)
  File "C:\Users\leegg\Documents\StockFlow_final_logging\.venv\Lib\site-packages\pymysql\err.py", line 150, in raise_mysql_exception
    raise errorclass(errno, errval)
pymysql.err.OperationalError: (1054, "Unknown column 'user.name' in 'field list'")

The above exception was the direct cause of the following exception:

Traceback (most recent call last):
  File "C:\Users\leegg\Documents\StockFlow_final_logging\.venv\Lib\site-packages\flask\app.py", line 1511, in wsgi_app
    response = self.full_dispatch_request()
               ^^^^^^^^^^^^^^^^^^^^^^^^^^^^
  File "C:\Users\leegg\Documents\StockFlow_final_logging\.venv\Lib\site-packages\flask\app.py", line 920, in full_dispatch_request
    return self.finalize_request(rv)
           ^^^^^^^^^^^^^^^^^^^^^^^^^
  File "C:\Users\leegg\Documents\StockFlow_final_logging\.venv\Lib\site-packages\flask\app.py", line 941, in finalize_request
    response = self.process_response(response)
               ^^^^^^^^^^^^^^^^^^^^^^^^^^^^^^^
  File "C:\Users\leegg\Documents\StockFlow_final_logging\.venv\Lib\site-packages\flask\app.py", line 1319, in process_response
    response = self.ensure_sync(func)(response)
               ^^^^^^^^^^^^^^^^^^^^^^^^^^^^^^^^
  File "C:\Users\leegg\Documents\StockFlow_final_logging\app\__init__.py", line 42, in _request_end
    getattr(current_user, "id", None) if current_user.is_authenticated else None
                                         ^^^^^^^^^^^^^^^^^^^^^^^^^^^^^
  File "C:\Users\leegg\Documents\StockFlow_final_logging\.venv\Lib\site-packages\werkzeug\local.py", line 318, in __get__
    obj = instance._get_current_object()
          ^^^^^^^^^^^^^^^^^^^^^^^^^^^^^^
  File "C:\Users\leegg\Documents\StockFlow_final_logging\.venv\Lib\site-packages\werkzeug\local.py", line 526, in _get_current_object
    return get_name(local())
                    ^^^^^^^
  File "C:\Users\leegg\Documents\StockFlow_final_logging\.venv\Lib\site-packages\flask_login\utils.py", line 25, in <lambda>
    current_user = LocalProxy(lambda: _get_user())
                                      ^^^^^^^^^^^
  File "C:\Users\leegg\Documents\StockFlow_final_logging\.venv\Lib\site-packages\flask_login\utils.py", line 370, in _get_user
    current_app.login_manager._load_user()
  File "C:\Users\leegg\Documents\StockFlow_final_logging\.venv\Lib\site-packages\flask_login\login_manager.py", line 364, in _load_user
    user = self._user_callback(user_id)
           ^^^^^^^^^^^^^^^^^^^^^^^^^^^^
  File "C:\Users\leegg\Documents\StockFlow_final_logging\app\__init__.py", line 86, in load_user
    return db.session.get(User, int(user_id))
           ^^^^^^^^^^^^^^^^^^^^^^^^^^^^^^^^^^
  File "C:\Users\leegg\Documents\StockFlow_final_logging\.venv\Lib\site-packages\sqlalchemy\orm\scoping.py", line 1043, in get
    return self._proxied.get(
           ^^^^^^^^^^^^^^^^^^
  File "C:\Users\leegg\Documents\StockFlow_final_logging\.venv\Lib\site-packages\sqlalchemy\orm\session.py", line 3702, in get
    return self._get_impl(
           ^^^^^^^^^^^^^^^
  File "C:\Users\leegg\Documents\StockFlow_final_logging\.venv\Lib\site-packages\sqlalchemy\orm\session.py", line 3881, in _get_impl
    return db_load_fn(
           ^^^^^^^^^^^
  File "C:\Users\leegg\Documents\StockFlow_final_logging\.venv\Lib\site-packages\sqlalchemy\orm\loading.py", line 695, in load_on_pk_identity
    session.execute(
  File "C:\Users\leegg\Documents\StockFlow_final_logging\.venv\Lib\site-packages\sqlalchemy\orm\session.py", line 2373, in execute
    return self._execute_internal(
           ^^^^^^^^^^^^^^^^^^^^^^^
  File "C:\Users\leegg\Documents\StockFlow_final_logging\.venv\Lib\site-packages\sqlalchemy\orm\session.py", line 2271, in _execute_internal
    result: Result[Any] = compile_state_cls.orm_execute_statement(
                          ^^^^^^^^^^^^^^^^^^^^^^^^^^^^^^^^^^^^^^^^
  File "C:\Users\leegg\Documents\StockFlow_final_logging\.venv\Lib\site-packages\sqlalchemy\orm\context.py", line 306, in orm_execute_statement
    result = conn.execute(
             ^^^^^^^^^^^^^
  File "C:\Users\leegg\Documents\StockFlow_final_logging\.venv\Lib\site-packages\sqlalchemy\engine\base.py", line 1421, in execute
    return meth(
           ^^^^^
  File "C:\Users\leegg\Documents\StockFlow_final_logging\.venv\Lib\site-packages\sqlalchemy\sql\elements.py", line 526, in _execute_on_connection
    return connection._execute_clauseelement(
           ^^^^^^^^^^^^^^^^^^^^^^^^^^^^^^^^^^
  File "C:\Users\leegg\Documents\StockFlow_final_logging\.venv\Lib\site-packages\sqlalchemy\engine\base.py", line 1643, in _execute_clauseelement
    ret = self._execute_context(
          ^^^^^^^^^^^^^^^^^^^^^^
  File "C:\Users\leegg\Documents\StockFlow_final_logging\.venv\Lib\site-packages\sqlalchemy\engine\base.py", line 1848, in _execute_context
    return self._exec_single_context(
           ^^^^^^^^^^^^^^^^^^^^^^^^^^
  File "C:\Users\leegg\Documents\StockFlow_final_logging\.venv\Lib\site-packages\sqlalchemy\engine\base.py", line 1988, in _exec_single_context
    self._handle_dbapi_exception(
  File "C:\Users\leegg\Documents\StockFlow_final_logging\.venv\Lib\site-packages\sqlalchemy\engine\base.py", line 2365, in _handle_dbapi_exception
    raise sqlalchemy_exception.with_traceback(exc_info[2]) from e
  File "C:\Users\leegg\Documents\StockFlow_final_logging\.venv\Lib\site-packages\sqlalchemy\engine\base.py", line 1969, in _exec_single_context
    self.dialect.do_execute(
  File "C:\Users\leegg\Documents\StockFlow_final_logging\.venv\Lib\site-packages\sqlalchemy\engine\default.py", line 952, in do_execute
    cursor.execute(statement, parameters)
  File "C:\Users\leegg\Documents\StockFlow_final_logging\.venv\Lib\site-packages\pymysql\cursors.py", line 153, in execute
    result = self._query(query)
             ^^^^^^^^^^^^^^^^^^
  File "C:\Users\leegg\Documents\StockFlow_final_logging\.venv\Lib\site-packages\pymysql\cursors.py", line 322, in _query
    conn.query(q)
  File "C:\Users\leegg\Documents\StockFlow_final_logging\.venv\Lib\site-packages\pymysql\connections.py", line 575, in query
    self._affected_rows = self._read_query_result(unbuffered=unbuffered)
                          ^^^^^^^^^^^^^^^^^^^^^^^^^^^^^^^^^^^^^^^^^^^^^^
  File "C:\Users\leegg\Documents\StockFlow_final_logging\.venv\Lib\site-packages\pymysql\connections.py", line 826, in _read_query_result
    result.read()
  File "C:\Users\leegg\Documents\StockFlow_final_logging\.venv\Lib\site-packages\pymysql\connections.py", line 1203, in read
    first_packet = self.connection._read_packet()
                   ^^^^^^^^^^^^^^^^^^^^^^^^^^^^^^
  File "C:\Users\leegg\Documents\StockFlow_final_logging\.venv\Lib\site-packages\pymysql\connections.py", line 782, in _read_packet
    packet.raise_for_error()
  File "C:\Users\leegg\Documents\StockFlow_final_logging\.venv\Lib\site-packages\pymysql\protocol.py", line 219, in raise_for_error
    err.raise_mysql_exception(self._data)
  File "C:\Users\leegg\Documents\StockFlow_final_logging\.venv\Lib\site-packages\pymysql\err.py", line 150, in raise_mysql_exception
    raise errorclass(errno, errval)
sqlalchemy.exc.OperationalError: (pymysql.err.OperationalError) (1054, "Unknown column 'user.name' in 'field list'")
[SQL: SELECT user.id AS user_id, user.username AS user_username, user.password_hash AS user_password_hash, user.`role` AS user_role, user.name AS user_name, user.position AS user_position, user.created_at AS user_created_at 
FROM user 
WHERE user.id = %(pk_1)s]
[parameters: {'pk_1': 6}]
(Background on this error at: https://sqlalche.me/e/20/e3q8)
2026-09-08 13:17:05 | ERROR | app | Request finalizing failed with an error while handling an error
Traceback (most recent call last):
  File "C:\Users\leegg\Documents\StockFlow_final_logging\.venv\Lib\site-packages\sqlalchemy\engine\base.py", line 1969, in _exec_single_context
    self.dialect.do_execute(
  File "C:\Users\leegg\Documents\StockFlow_final_logging\.venv\Lib\site-packages\sqlalchemy\engine\default.py", line 952, in do_execute
    cursor.execute(statement, parameters)
  File "C:\Users\leegg\Documents\StockFlow_final_logging\.venv\Lib\site-packages\pymysql\cursors.py", line 153, in execute
    result = self._query(query)
             ^^^^^^^^^^^^^^^^^^
  File "C:\Users\leegg\Documents\StockFlow_final_logging\.venv\Lib\site-packages\pymysql\cursors.py", line 322, in _query
    conn.query(q)
  File "C:\Users\leegg\Documents\StockFlow_final_logging\.venv\Lib\site-packages\pymysql\connections.py", line 575, in query
    self._affected_rows = self._read_query_result(unbuffered=unbuffered)
                          ^^^^^^^^^^^^^^^^^^^^^^^^^^^^^^^^^^^^^^^^^^^^^^
  File "C:\Users\leegg\Documents\StockFlow_final_logging\.venv\Lib\site-packages\pymysql\connections.py", line 826, in _read_query_result
    result.read()
  File "C:\Users\leegg\Documents\StockFlow_final_logging\.venv\Lib\site-packages\pymysql\connections.py", line 1203, in read
    first_packet = self.connection._read_packet()
                   ^^^^^^^^^^^^^^^^^^^^^^^^^^^^^^
  File "C:\Users\leegg\Documents\StockFlow_final_logging\.venv\Lib\site-packages\pymysql\connections.py", line 782, in _read_packet
    packet.raise_for_error()
  File "C:\Users\leegg\Documents\StockFlow_final_logging\.venv\Lib\site-packages\pymysql\protocol.py", line 219, in raise_for_error
    err.raise_mysql_exception(self._data)
  File "C:\Users\leegg\Documents\StockFlow_final_logging\.venv\Lib\site-packages\pymysql\err.py", line 150, in raise_mysql_exception
    raise errorclass(errno, errval)
pymysql.err.OperationalError: (1054, "Unknown column 'user.name' in 'field list'")

The above exception was the direct cause of the following exception:

Traceback (most recent call last):
  File "C:\Users\leegg\Documents\StockFlow_final_logging\.venv\Lib\site-packages\flask\app.py", line 1511, in wsgi_app
    response = self.full_dispatch_request()
               ^^^^^^^^^^^^^^^^^^^^^^^^^^^^
  File "C:\Users\leegg\Documents\StockFlow_final_logging\.venv\Lib\site-packages\flask\app.py", line 920, in full_dispatch_request
    return self.finalize_request(rv)
           ^^^^^^^^^^^^^^^^^^^^^^^^^
  File "C:\Users\leegg\Documents\StockFlow_final_logging\.venv\Lib\site-packages\flask\app.py", line 941, in finalize_request
    response = self.process_response(response)
               ^^^^^^^^^^^^^^^^^^^^^^^^^^^^^^^
  File "C:\Users\leegg\Documents\StockFlow_final_logging\.venv\Lib\site-packages\flask\app.py", line 1319, in process_response
    response = self.ensure_sync(func)(response)
               ^^^^^^^^^^^^^^^^^^^^^^^^^^^^^^^^
  File "C:\Users\leegg\Documents\StockFlow_final_logging\app\__init__.py", line 42, in _request_end
    getattr(current_user, "id", None) if current_user.is_authenticated else None
                                         ^^^^^^^^^^^^^^^^^^^^^^^^^^^^^
  File "C:\Users\leegg\Documents\StockFlow_final_logging\.venv\Lib\site-packages\werkzeug\local.py", line 318, in __get__
    obj = instance._get_current_object()
          ^^^^^^^^^^^^^^^^^^^^^^^^^^^^^^
  File "C:\Users\leegg\Documents\StockFlow_final_logging\.venv\Lib\site-packages\werkzeug\local.py", line 526, in _get_current_object
    return get_name(local())
                    ^^^^^^^
  File "C:\Users\leegg\Documents\StockFlow_final_logging\.venv\Lib\site-packages\flask_login\utils.py", line 25, in <lambda>
    current_user = LocalProxy(lambda: _get_user())
                                      ^^^^^^^^^^^
  File "C:\Users\leegg\Documents\StockFlow_final_logging\.venv\Lib\site-packages\flask_login\utils.py", line 370, in _get_user
    current_app.login_manager._load_user()
  File "C:\Users\leegg\Documents\StockFlow_final_logging\.venv\Lib\site-packages\flask_login\login_manager.py", line 364, in _load_user
    user = self._user_callback(user_id)
           ^^^^^^^^^^^^^^^^^^^^^^^^^^^^
  File "C:\Users\leegg\Documents\StockFlow_final_logging\app\__init__.py", line 86, in load_user
    return db.session.get(User, int(user_id))
           ^^^^^^^^^^^^^^^^^^^^^^^^^^^^^^^^^^
  File "C:\Users\leegg\Documents\StockFlow_final_logging\.venv\Lib\site-packages\sqlalchemy\orm\scoping.py", line 1043, in get
    return self._proxied.get(
           ^^^^^^^^^^^^^^^^^^
  File "C:\Users\leegg\Documents\StockFlow_final_logging\.venv\Lib\site-packages\sqlalchemy\orm\session.py", line 3702, in get
    return self._get_impl(
           ^^^^^^^^^^^^^^^
  File "C:\Users\leegg\Documents\StockFlow_final_logging\.venv\Lib\site-packages\sqlalchemy\orm\session.py", line 3881, in _get_impl
    return db_load_fn(
           ^^^^^^^^^^^
  File "C:\Users\leegg\Documents\StockFlow_final_logging\.venv\Lib\site-packages\sqlalchemy\orm\loading.py", line 695, in load_on_pk_identity
    session.execute(
  File "C:\Users\leegg\Documents\StockFlow_final_logging\.venv\Lib\site-packages\sqlalchemy\orm\session.py", line 2373, in execute
    return self._execute_internal(
           ^^^^^^^^^^^^^^^^^^^^^^^
  File "C:\Users\leegg\Documents\StockFlow_final_logging\.venv\Lib\site-packages\sqlalchemy\orm\session.py", line 2271, in _execute_internal
    result: Result[Any] = compile_state_cls.orm_execute_statement(
                          ^^^^^^^^^^^^^^^^^^^^^^^^^^^^^^^^^^^^^^^^
  File "C:\Users\leegg\Documents\StockFlow_final_logging\.venv\Lib\site-packages\sqlalchemy\orm\context.py", line 306, in orm_execute_statement
    result = conn.execute(
             ^^^^^^^^^^^^^
  File "C:\Users\leegg\Documents\StockFlow_final_logging\.venv\Lib\site-packages\sqlalchemy\engine\base.py", line 1421, in execute
    return meth(
           ^^^^^
  File "C:\Users\leegg\Documents\StockFlow_final_logging\.venv\Lib\site-packages\sqlalchemy\sql\elements.py", line 526, in _execute_on_connection
    return connection._execute_clauseelement(
           ^^^^^^^^^^^^^^^^^^^^^^^^^^^^^^^^^^
  File "C:\Users\leegg\Documents\StockFlow_final_logging\.venv\Lib\site-packages\sqlalchemy\engine\base.py", line 1643, in _execute_clauseelement
    ret = self._execute_context(
          ^^^^^^^^^^^^^^^^^^^^^^
  File "C:\Users\leegg\Documents\StockFlow_final_logging\.venv\Lib\site-packages\sqlalchemy\engine\base.py", line 1848, in _execute_context
    return self._exec_single_context(
           ^^^^^^^^^^^^^^^^^^^^^^^^^^
  File "C:\Users\leegg\Documents\StockFlow_final_logging\.venv\Lib\site-packages\sqlalchemy\engine\base.py", line 1988, in _exec_single_context
    self._handle_dbapi_exception(
  File "C:\Users\leegg\Documents\StockFlow_final_logging\.venv\Lib\site-packages\sqlalchemy\engine\base.py", line 2365, in _handle_dbapi_exception
    raise sqlalchemy_exception.with_traceback(exc_info[2]) from e
  File "C:\Users\leegg\Documents\StockFlow_final_logging\.venv\Lib\site-packages\sqlalchemy\engine\base.py", line 1969, in _exec_single_context
    self.dialect.do_execute(
  File "C:\Users\leegg\Documents\StockFlow_final_logging\.venv\Lib\site-packages\sqlalchemy\engine\default.py", line 952, in do_execute
    cursor.execute(statement, parameters)
  File "C:\Users\leegg\Documents\StockFlow_final_logging\.venv\Lib\site-packages\pymysql\cursors.py", line 153, in execute
    result = self._query(query)
             ^^^^^^^^^^^^^^^^^^
  File "C:\Users\leegg\Documents\StockFlow_final_logging\.venv\Lib\site-packages\pymysql\cursors.py", line 322, in _query
    conn.query(q)
  File "C:\Users\leegg\Documents\StockFlow_final_logging\.venv\Lib\site-packages\pymysql\connections.py", line 575, in query
    self._affected_rows = self._read_query_result(unbuffered=unbuffered)
                          ^^^^^^^^^^^^^^^^^^^^^^^^^^^^^^^^^^^^^^^^^^^^^^
  File "C:\Users\leegg\Documents\StockFlow_final_logging\.venv\Lib\site-packages\pymysql\connections.py", line 826, in _read_query_result
    result.read()
  File "C:\Users\leegg\Documents\StockFlow_final_logging\.venv\Lib\site-packages\pymysql\connections.py", line 1203, in read
    first_packet = self.connection._read_packet()
                   ^^^^^^^^^^^^^^^^^^^^^^^^^^^^^^
  File "C:\Users\leegg\Documents\StockFlow_final_logging\.venv\Lib\site-packages\pymysql\connections.py", line 782, in _read_packet
    packet.raise_for_error()
  File "C:\Users\leegg\Documents\StockFlow_final_logging\.venv\Lib\site-packages\pymysql\protocol.py", line 219, in raise_for_error
    err.raise_mysql_exception(self._data)
  File "C:\Users\leegg\Documents\StockFlow_final_logging\.venv\Lib\site-packages\pymysql\err.py", line 150, in raise_mysql_exception
    raise errorclass(errno, errval)
sqlalchemy.exc.OperationalError: (pymysql.err.OperationalError) (1054, "Unknown column 'user.name' in 'field list'")
[SQL: SELECT user.id AS user_id, user.username AS user_username, user.password_hash AS user_password_hash, user.`role` AS user_role, user.name AS user_name, user.position AS user_position, user.created_at AS user_created_at 
FROM user 
WHERE user.id = %(pk_1)s]
[parameters: {'pk_1': 6}]
(Background on this error at: https://sqlalche.me/e/20/e3q8)

During handling of the above exception, another exception occurred:

Traceback (most recent call last):
  File "C:\Users\leegg\Documents\StockFlow_final_logging\.venv\Lib\site-packages\sqlalchemy\engine\base.py", line 1969, in _exec_single_context
    self.dialect.do_execute(
  File "C:\Users\leegg\Documents\StockFlow_final_logging\.venv\Lib\site-packages\sqlalchemy\engine\default.py", line 952, in do_execute
    cursor.execute(statement, parameters)
  File "C:\Users\leegg\Documents\StockFlow_final_logging\.venv\Lib\site-packages\pymysql\cursors.py", line 153, in execute
    result = self._query(query)
             ^^^^^^^^^^^^^^^^^^
  File "C:\Users\leegg\Documents\StockFlow_final_logging\.venv\Lib\site-packages\pymysql\cursors.py", line 322, in _query
    conn.query(q)
  File "C:\Users\leegg\Documents\StockFlow_final_logging\.venv\Lib\site-packages\pymysql\connections.py", line 575, in query
    self._affected_rows = self._read_query_result(unbuffered=unbuffered)
                          ^^^^^^^^^^^^^^^^^^^^^^^^^^^^^^^^^^^^^^^^^^^^^^
  File "C:\Users\leegg\Documents\StockFlow_final_logging\.venv\Lib\site-packages\pymysql\connections.py", line 826, in _read_query_result
    result.read()
  File "C:\Users\leegg\Documents\StockFlow_final_logging\.venv\Lib\site-packages\pymysql\connections.py", line 1203, in read
    first_packet = self.connection._read_packet()
                   ^^^^^^^^^^^^^^^^^^^^^^^^^^^^^^
  File "C:\Users\leegg\Documents\StockFlow_final_logging\.venv\Lib\site-packages\pymysql\connections.py", line 782, in _read_packet
    packet.raise_for_error()
  File "C:\Users\leegg\Documents\StockFlow_final_logging\.venv\Lib\site-packages\pymysql\protocol.py", line 219, in raise_for_error
    err.raise_mysql_exception(self._data)
  File "C:\Users\leegg\Documents\StockFlow_final_logging\.venv\Lib\site-packages\pymysql\err.py", line 150, in raise_mysql_exception
    raise errorclass(errno, errval)
pymysql.err.OperationalError: (1054, "Unknown column 'user.name' in 'field list'")

The above exception was the direct cause of the following exception:

Traceback (most recent call last):
  File "C:\Users\leegg\Documents\StockFlow_final_logging\.venv\Lib\site-packages\flask\app.py", line 941, in finalize_request
    response = self.process_response(response)
               ^^^^^^^^^^^^^^^^^^^^^^^^^^^^^^^
  File "C:\Users\leegg\Documents\StockFlow_final_logging\.venv\Lib\site-packages\flask\app.py", line 1319, in process_response
    response = self.ensure_sync(func)(response)
               ^^^^^^^^^^^^^^^^^^^^^^^^^^^^^^^^
  File "C:\Users\leegg\Documents\StockFlow_final_logging\app\__init__.py", line 42, in _request_end
    getattr(current_user, "id", None) if current_user.is_authenticated else None
                                         ^^^^^^^^^^^^^^^^^^^^^^^^^^^^^
  File "C:\Users\leegg\Documents\StockFlow_final_logging\.venv\Lib\site-packages\werkzeug\local.py", line 318, in __get__
    obj = instance._get_current_object()
          ^^^^^^^^^^^^^^^^^^^^^^^^^^^^^^
  File "C:\Users\leegg\Documents\StockFlow_final_logging\.venv\Lib\site-packages\werkzeug\local.py", line 526, in _get_current_object
    return get_name(local())
                    ^^^^^^^
  File "C:\Users\leegg\Documents\StockFlow_final_logging\.venv\Lib\site-packages\flask_login\utils.py", line 25, in <lambda>
    current_user = LocalProxy(lambda: _get_user())
                                      ^^^^^^^^^^^
  File "C:\Users\leegg\Documents\StockFlow_final_logging\.venv\Lib\site-packages\flask_login\utils.py", line 370, in _get_user
    current_app.login_manager._load_user()
  File "C:\Users\leegg\Documents\StockFlow_final_logging\.venv\Lib\site-packages\flask_login\login_manager.py", line 364, in _load_user
    user = self._user_callback(user_id)
           ^^^^^^^^^^^^^^^^^^^^^^^^^^^^
  File "C:\Users\leegg\Documents\StockFlow_final_logging\app\__init__.py", line 86, in load_user
    return db.session.get(User, int(user_id))
           ^^^^^^^^^^^^^^^^^^^^^^^^^^^^^^^^^^
  File "C:\Users\leegg\Documents\StockFlow_final_logging\.venv\Lib\site-packages\sqlalchemy\orm\scoping.py", line 1043, in get
    return self._proxied.get(
           ^^^^^^^^^^^^^^^^^^
  File "C:\Users\leegg\Documents\StockFlow_final_logging\.venv\Lib\site-packages\sqlalchemy\orm\session.py", line 3702, in get
    return self._get_impl(
           ^^^^^^^^^^^^^^^
  File "C:\Users\leegg\Documents\StockFlow_final_logging\.venv\Lib\site-packages\sqlalchemy\orm\session.py", line 3881, in _get_impl
    return db_load_fn(
           ^^^^^^^^^^^
  File "C:\Users\leegg\Documents\StockFlow_final_logging\.venv\Lib\site-packages\sqlalchemy\orm\loading.py", line 695, in load_on_pk_identity
    session.execute(
  File "C:\Users\leegg\Documents\StockFlow_final_logging\.venv\Lib\site-packages\sqlalchemy\orm\session.py", line 2373, in execute
    return self._execute_internal(
           ^^^^^^^^^^^^^^^^^^^^^^^
  File "C:\Users\leegg\Documents\StockFlow_final_logging\.venv\Lib\site-packages\sqlalchemy\orm\session.py", line 2271, in _execute_internal
    result: Result[Any] = compile_state_cls.orm_execute_statement(
                          ^^^^^^^^^^^^^^^^^^^^^^^^^^^^^^^^^^^^^^^^
  File "C:\Users\leegg\Documents\StockFlow_final_logging\.venv\Lib\site-packages\sqlalchemy\orm\context.py", line 306, in orm_execute_statement
    result = conn.execute(
             ^^^^^^^^^^^^^
  File "C:\Users\leegg\Documents\StockFlow_final_logging\.venv\Lib\site-packages\sqlalchemy\engine\base.py", line 1421, in execute
    return meth(
           ^^^^^
  File "C:\Users\leegg\Documents\StockFlow_final_logging\.venv\Lib\site-packages\sqlalchemy\sql\elements.py", line 526, in _execute_on_connection
    return connection._execute_clauseelement(
           ^^^^^^^^^^^^^^^^^^^^^^^^^^^^^^^^^^
  File "C:\Users\leegg\Documents\StockFlow_final_logging\.venv\Lib\site-packages\sqlalchemy\engine\base.py", line 1643, in _execute_clauseelement
    ret = self._execute_context(
          ^^^^^^^^^^^^^^^^^^^^^^
  File "C:\Users\leegg\Documents\StockFlow_final_logging\.venv\Lib\site-packages\sqlalchemy\engine\base.py", line 1848, in _execute_context
    return self._exec_single_context(
           ^^^^^^^^^^^^^^^^^^^^^^^^^^
  File "C:\Users\leegg\Documents\StockFlow_final_logging\.venv\Lib\site-packages\sqlalchemy\engine\base.py", line 1988, in _exec_single_context
    self._handle_dbapi_exception(
  File "C:\Users\leegg\Documents\StockFlow_final_logging\.venv\Lib\site-packages\sqlalchemy\engine\base.py", line 2365, in _handle_dbapi_exception
    raise sqlalchemy_exception.with_traceback(exc_info[2]) from e
  File "C:\Users\leegg\Documents\StockFlow_final_logging\.venv\Lib\site-packages\sqlalchemy\engine\base.py", line 1969, in _exec_single_context
    self.dialect.do_execute(
  File "C:\Users\leegg\Documents\StockFlow_final_logging\.venv\Lib\site-packages\sqlalchemy\engine\default.py", line 952, in do_execute
    cursor.execute(statement, parameters)
  File "C:\Users\leegg\Documents\StockFlow_final_logging\.venv\Lib\site-packages\pymysql\cursors.py", line 153, in execute
    result = self._query(query)
             ^^^^^^^^^^^^^^^^^^
  File "C:\Users\leegg\Documents\StockFlow_final_logging\.venv\Lib\site-packages\pymysql\cursors.py", line 322, in _query
    conn.query(q)
  File "C:\Users\leegg\Documents\StockFlow_final_logging\.venv\Lib\site-packages\pymysql\connections.py", line 575, in query
    self._affected_rows = self._read_query_result(unbuffered=unbuffered)
                          ^^^^^^^^^^^^^^^^^^^^^^^^^^^^^^^^^^^^^^^^^^^^^^
  File "C:\Users\leegg\Documents\StockFlow_final_logging\.venv\Lib\site-packages\pymysql\connections.py", line 826, in _read_query_result
    result.read()
  File "C:\Users\leegg\Documents\StockFlow_final_logging\.venv\Lib\site-packages\pymysql\connections.py", line 1203, in read
    first_packet = self.connection._read_packet()
                   ^^^^^^^^^^^^^^^^^^^^^^^^^^^^^^
  File "C:\Users\leegg\Documents\StockFlow_final_logging\.venv\Lib\site-packages\pymysql\connections.py", line 782, in _read_packet
    packet.raise_for_error()
  File "C:\Users\leegg\Documents\StockFlow_final_logging\.venv\Lib\site-packages\pymysql\protocol.py", line 219, in raise_for_error
    err.raise_mysql_exception(self._data)
  File "C:\Users\leegg\Documents\StockFlow_final_logging\.venv\Lib\site-packages\pymysql\err.py", line 150, in raise_mysql_exception
    raise errorclass(errno, errval)
sqlalchemy.exc.OperationalError: (pymysql.err.OperationalError) (1054, "Unknown column 'user.name' in 'field list'")
[SQL: SELECT user.id AS user_id, user.username AS user_username, user.password_hash AS user_password_hash, user.`role` AS user_role, user.name AS user_name, user.position AS user_position, user.created_at AS user_created_at 
FROM user 
WHERE user.id = %(pk_1)s]
[parameters: {'pk_1': 6}]
(Background on this error at: https://sqlalche.me/e/20/e3q8)
2026-09-09 15:28:58 | INFO | app | StockFlow logging initialized | level=INFO | dir=logs
2026-09-09 15:31:52 | INFO | app | StockFlow logging initialized | level=INFO | dir=logs
2026-09-09 15:31:56 | INFO | app | Flask application initialized
2026-09-09 15:32:04 | INFO | app | HTTP GET / -> 302 2.5ms request_id=0c61b1c65317 user_id=-
2026-09-09 15:32:05 | INFO | app | HTTP GET /login -> 200 919.7ms request_id=59770d9a3f35 user_id=-
2026-09-09 15:32:06 | INFO | app | HTTP GET /static/css/app.css -> 200 43.2ms request_id=ea434e4728d7 user_id=-
2026-09-09 15:32:06 | INFO | app | HTTP GET /favicon.ico -> 404 2.4ms request_id=229c834cd425 user_id=-
2026-09-09 15:32:12 | ERROR | app | Unhandled exception | request_id=5c3567586fdb | method=POST | path=/login
Traceback (most recent call last):
  File "C:\Users\leegg\Documents\StockFlow_final_logging\.venv\Lib\site-packages\sqlalchemy\engine\base.py", line 1969, in _exec_single_context
    self.dialect.do_execute(
  File "C:\Users\leegg\Documents\StockFlow_final_logging\.venv\Lib\site-packages\sqlalchemy\engine\default.py", line 952, in do_execute
    cursor.execute(statement, parameters)
  File "C:\Users\leegg\Documents\StockFlow_final_logging\.venv\Lib\site-packages\pymysql\cursors.py", line 153, in execute
    result = self._query(query)
             ^^^^^^^^^^^^^^^^^^
  File "C:\Users\leegg\Documents\StockFlow_final_logging\.venv\Lib\site-packages\pymysql\cursors.py", line 322, in _query
    conn.query(q)
  File "C:\Users\leegg\Documents\StockFlow_final_logging\.venv\Lib\site-packages\pymysql\connections.py", line 575, in query
    self._affected_rows = self._read_query_result(unbuffered=unbuffered)
                          ^^^^^^^^^^^^^^^^^^^^^^^^^^^^^^^^^^^^^^^^^^^^^^
  File "C:\Users\leegg\Documents\StockFlow_final_logging\.venv\Lib\site-packages\pymysql\connections.py", line 826, in _read_query_result
    result.read()
  File "C:\Users\leegg\Documents\StockFlow_final_logging\.venv\Lib\site-packages\pymysql\connections.py", line 1203, in read
    first_packet = self.connection._read_packet()
                   ^^^^^^^^^^^^^^^^^^^^^^^^^^^^^^
  File "C:\Users\leegg\Documents\StockFlow_final_logging\.venv\Lib\site-packages\pymysql\connections.py", line 782, in _read_packet
    packet.raise_for_error()
  File "C:\Users\leegg\Documents\StockFlow_final_logging\.venv\Lib\site-packages\pymysql\protocol.py", line 219, in raise_for_error
    err.raise_mysql_exception(self._data)
  File "C:\Users\leegg\Documents\StockFlow_final_logging\.venv\Lib\site-packages\pymysql\err.py", line 150, in raise_mysql_exception
    raise errorclass(errno, errval)
pymysql.err.OperationalError: (1054, "Unknown column 'user.name' in 'field list'")

The above exception was the direct cause of the following exception:

Traceback (most recent call last):
  File "C:\Users\leegg\Documents\StockFlow_final_logging\.venv\Lib\site-packages\flask\app.py", line 917, in full_dispatch_request
    rv = self.dispatch_request()
         ^^^^^^^^^^^^^^^^^^^^^^^
  File "C:\Users\leegg\Documents\StockFlow_final_logging\.venv\Lib\site-packages\flask\app.py", line 902, in dispatch_request
    return self.ensure_sync(self.view_functions[rule.endpoint])(**view_args)  # type: ignore[no-any-return]
           ^^^^^^^^^^^^^^^^^^^^^^^^^^^^^^^^^^^^^^^^^^^^^^^^^^^^^^^^^^^^^^^^^
  File "C:\Users\leegg\Documents\StockFlow_final_logging\app\routes\auth.py", line 21, in login
    ).first()
      ^^^^^^^
  File "C:\Users\leegg\Documents\StockFlow_final_logging\.venv\Lib\site-packages\sqlalchemy\orm\query.py", line 2766, in first
    return self.limit(1)._iter().first()  # type: ignore
           ^^^^^^^^^^^^^^^^^^^^^
  File "C:\Users\leegg\Documents\StockFlow_final_logging\.venv\Lib\site-packages\sqlalchemy\orm\query.py", line 2864, in _iter
    result: Union[ScalarResult[_T], Result[_T]] = self.session.execute(
                                                  ^^^^^^^^^^^^^^^^^^^^^
  File "C:\Users\leegg\Documents\StockFlow_final_logging\.venv\Lib\site-packages\sqlalchemy\orm\session.py", line 2373, in execute
    return self._execute_internal(
           ^^^^^^^^^^^^^^^^^^^^^^^
  File "C:\Users\leegg\Documents\StockFlow_final_logging\.venv\Lib\site-packages\sqlalchemy\orm\session.py", line 2271, in _execute_internal
    result: Result[Any] = compile_state_cls.orm_execute_statement(
                          ^^^^^^^^^^^^^^^^^^^^^^^^^^^^^^^^^^^^^^^^
  File "C:\Users\leegg\Documents\StockFlow_final_logging\.venv\Lib\site-packages\sqlalchemy\orm\context.py", line 306, in orm_execute_statement
    result = conn.execute(
             ^^^^^^^^^^^^^
  File "C:\Users\leegg\Documents\StockFlow_final_logging\.venv\Lib\site-packages\sqlalchemy\engine\base.py", line 1421, in execute
    return meth(
           ^^^^^
  File "C:\Users\leegg\Documents\StockFlow_final_logging\.venv\Lib\site-packages\sqlalchemy\sql\elements.py", line 526, in _execute_on_connection
    return connection._execute_clauseelement(
           ^^^^^^^^^^^^^^^^^^^^^^^^^^^^^^^^^^
  File "C:\Users\leegg\Documents\StockFlow_final_logging\.venv\Lib\site-packages\sqlalchemy\engine\base.py", line 1643, in _execute_clauseelement
    ret = self._execute_context(
          ^^^^^^^^^^^^^^^^^^^^^^
  File "C:\Users\leegg\Documents\StockFlow_final_logging\.venv\Lib\site-packages\sqlalchemy\engine\base.py", line 1848, in _execute_context
    return self._exec_single_context(
           ^^^^^^^^^^^^^^^^^^^^^^^^^^
  File "C:\Users\leegg\Documents\StockFlow_final_logging\.venv\Lib\site-packages\sqlalchemy\engine\base.py", line 1988, in _exec_single_context
    self._handle_dbapi_exception(
  File "C:\Users\leegg\Documents\StockFlow_final_logging\.venv\Lib\site-packages\sqlalchemy\engine\base.py", line 2365, in _handle_dbapi_exception
    raise sqlalchemy_exception.with_traceback(exc_info[2]) from e
  File "C:\Users\leegg\Documents\StockFlow_final_logging\.venv\Lib\site-packages\sqlalchemy\engine\base.py", line 1969, in _exec_single_context
    self.dialect.do_execute(
  File "C:\Users\leegg\Documents\StockFlow_final_logging\.venv\Lib\site-packages\sqlalchemy\engine\default.py", line 952, in do_execute
    cursor.execute(statement, parameters)
  File "C:\Users\leegg\Documents\StockFlow_final_logging\.venv\Lib\site-packages\pymysql\cursors.py", line 153, in execute
    result = self._query(query)
             ^^^^^^^^^^^^^^^^^^
  File "C:\Users\leegg\Documents\StockFlow_final_logging\.venv\Lib\site-packages\pymysql\cursors.py", line 322, in _query
    conn.query(q)
  File "C:\Users\leegg\Documents\StockFlow_final_logging\.venv\Lib\site-packages\pymysql\connections.py", line 575, in query
    self._affected_rows = self._read_query_result(unbuffered=unbuffered)
                          ^^^^^^^^^^^^^^^^^^^^^^^^^^^^^^^^^^^^^^^^^^^^^^
  File "C:\Users\leegg\Documents\StockFlow_final_logging\.venv\Lib\site-packages\pymysql\connections.py", line 826, in _read_query_result
    result.read()
  File "C:\Users\leegg\Documents\StockFlow_final_logging\.venv\Lib\site-packages\pymysql\connections.py", line 1203, in read
    first_packet = self.connection._read_packet()
                   ^^^^^^^^^^^^^^^^^^^^^^^^^^^^^^
  File "C:\Users\leegg\Documents\StockFlow_final_logging\.venv\Lib\site-packages\pymysql\connections.py", line 782, in _read_packet
    packet.raise_for_error()
  File "C:\Users\leegg\Documents\StockFlow_final_logging\.venv\Lib\site-packages\pymysql\protocol.py", line 219, in raise_for_error
    err.raise_mysql_exception(self._data)
  File "C:\Users\leegg\Documents\StockFlow_final_logging\.venv\Lib\site-packages\pymysql\err.py", line 150, in raise_mysql_exception
    raise errorclass(errno, errval)
sqlalchemy.exc.OperationalError: (pymysql.err.OperationalError) (1054, "Unknown column 'user.name' in 'field list'")
[SQL: SELECT user.id AS user_id, user.username AS user_username, user.password_hash AS user_password_hash, user.`role` AS user_role, user.name AS user_name, user.position AS user_position, user.created_at AS user_created_at 
FROM user 
WHERE user.username = %(username_1)s 
 LIMIT %(param_1)s]
[parameters: {'username_1': 'y1234', 'param_1': 1}]
(Background on this error at: https://sqlalche.me/e/20/e3q8)
2026-09-09 15:32:12 | INFO | app | HTTP POST /login -> 500 431.0ms request_id=5c3567586fdb user_id=-
2026-09-09 15:32:14 | INFO | app | HTTP GET /login -> 200 1.1ms request_id=496f9d231a90 user_id=-
2026-09-09 15:32:16 | INFO | app | HTTP GET /register -> 200 0.3ms request_id=010b8069fc9c user_id=-
2026-09-09 15:32:16 | INFO | app | HTTP GET /static/css/app.css -> 304 1.7ms request_id=b7399dfdbad1 user_id=-
2026-09-09 15:32:28 | ERROR | app | Unhandled exception | request_id=1946b653fbe5 | method=POST | path=/register
Traceback (most recent call last):
  File "C:\Users\leegg\Documents\StockFlow_final_logging\.venv\Lib\site-packages\sqlalchemy\engine\base.py", line 1969, in _exec_single_context
    self.dialect.do_execute(
  File "C:\Users\leegg\Documents\StockFlow_final_logging\.venv\Lib\site-packages\sqlalchemy\engine\default.py", line 952, in do_execute
    cursor.execute(statement, parameters)
  File "C:\Users\leegg\Documents\StockFlow_final_logging\.venv\Lib\site-packages\pymysql\cursors.py", line 153, in execute
    result = self._query(query)
             ^^^^^^^^^^^^^^^^^^
  File "C:\Users\leegg\Documents\StockFlow_final_logging\.venv\Lib\site-packages\pymysql\cursors.py", line 322, in _query
    conn.query(q)
  File "C:\Users\leegg\Documents\StockFlow_final_logging\.venv\Lib\site-packages\pymysql\connections.py", line 575, in query
    self._affected_rows = self._read_query_result(unbuffered=unbuffered)
                          ^^^^^^^^^^^^^^^^^^^^^^^^^^^^^^^^^^^^^^^^^^^^^^
  File "C:\Users\leegg\Documents\StockFlow_final_logging\.venv\Lib\site-packages\pymysql\connections.py", line 826, in _read_query_result
    result.read()
  File "C:\Users\leegg\Documents\StockFlow_final_logging\.venv\Lib\site-packages\pymysql\connections.py", line 1203, in read
    first_packet = self.connection._read_packet()
                   ^^^^^^^^^^^^^^^^^^^^^^^^^^^^^^
  File "C:\Users\leegg\Documents\StockFlow_final_logging\.venv\Lib\site-packages\pymysql\connections.py", line 782, in _read_packet
    packet.raise_for_error()
  File "C:\Users\leegg\Documents\StockFlow_final_logging\.venv\Lib\site-packages\pymysql\protocol.py", line 219, in raise_for_error
    err.raise_mysql_exception(self._data)
  File "C:\Users\leegg\Documents\StockFlow_final_logging\.venv\Lib\site-packages\pymysql\err.py", line 150, in raise_mysql_exception
    raise errorclass(errno, errval)
pymysql.err.OperationalError: (1054, "Unknown column 'user.name' in 'field list'")

The above exception was the direct cause of the following exception:

Traceback (most recent call last):
  File "C:\Users\leegg\Documents\StockFlow_final_logging\.venv\Lib\site-packages\flask\app.py", line 917, in full_dispatch_request
    rv = self.dispatch_request()
         ^^^^^^^^^^^^^^^^^^^^^^^
  File "C:\Users\leegg\Documents\StockFlow_final_logging\.venv\Lib\site-packages\flask\app.py", line 902, in dispatch_request
    return self.ensure_sync(self.view_functions[rule.endpoint])(**view_args)  # type: ignore[no-any-return]
           ^^^^^^^^^^^^^^^^^^^^^^^^^^^^^^^^^^^^^^^^^^^^^^^^^^^^^^^^^^^^^^^^^
  File "C:\Users\leegg\Documents\StockFlow_final_logging\app\routes\auth.py", line 58, in register
    elif User.query.filter_by(username=username).first():
         ^^^^^^^^^^^^^^^^^^^^^^^^^^^^^^^^^^^^^^^^^^^^^^^
  File "C:\Users\leegg\Documents\StockFlow_final_logging\.venv\Lib\site-packages\sqlalchemy\orm\query.py", line 2766, in first
    return self.limit(1)._iter().first()  # type: ignore
           ^^^^^^^^^^^^^^^^^^^^^
  File "C:\Users\leegg\Documents\StockFlow_final_logging\.venv\Lib\site-packages\sqlalchemy\orm\query.py", line 2864, in _iter
    result: Union[ScalarResult[_T], Result[_T]] = self.session.execute(
                                                  ^^^^^^^^^^^^^^^^^^^^^
  File "C:\Users\leegg\Documents\StockFlow_final_logging\.venv\Lib\site-packages\sqlalchemy\orm\session.py", line 2373, in execute
    return self._execute_internal(
           ^^^^^^^^^^^^^^^^^^^^^^^
  File "C:\Users\leegg\Documents\StockFlow_final_logging\.venv\Lib\site-packages\sqlalchemy\orm\session.py", line 2271, in _execute_internal
    result: Result[Any] = compile_state_cls.orm_execute_statement(
                          ^^^^^^^^^^^^^^^^^^^^^^^^^^^^^^^^^^^^^^^^
  File "C:\Users\leegg\Documents\StockFlow_final_logging\.venv\Lib\site-packages\sqlalchemy\orm\context.py", line 306, in orm_execute_statement
    result = conn.execute(
             ^^^^^^^^^^^^^
  File "C:\Users\leegg\Documents\StockFlow_final_logging\.venv\Lib\site-packages\sqlalchemy\engine\base.py", line 1421, in execute
    return meth(
           ^^^^^
  File "C:\Users\leegg\Documents\StockFlow_final_logging\.venv\Lib\site-packages\sqlalchemy\sql\elements.py", line 526, in _execute_on_connection
    return connection._execute_clauseelement(
           ^^^^^^^^^^^^^^^^^^^^^^^^^^^^^^^^^^
  File "C:\Users\leegg\Documents\StockFlow_final_logging\.venv\Lib\site-packages\sqlalchemy\engine\base.py", line 1643, in _execute_clauseelement
    ret = self._execute_context(
          ^^^^^^^^^^^^^^^^^^^^^^
  File "C:\Users\leegg\Documents\StockFlow_final_logging\.venv\Lib\site-packages\sqlalchemy\engine\base.py", line 1848, in _execute_context
    return self._exec_single_context(
           ^^^^^^^^^^^^^^^^^^^^^^^^^^
  File "C:\Users\leegg\Documents\StockFlow_final_logging\.venv\Lib\site-packages\sqlalchemy\engine\base.py", line 1988, in _exec_single_context
    self._handle_dbapi_exception(
  File "C:\Users\leegg\Documents\StockFlow_final_logging\.venv\Lib\site-packages\sqlalchemy\engine\base.py", line 2365, in _handle_dbapi_exception
    raise sqlalchemy_exception.with_traceback(exc_info[2]) from e
  File "C:\Users\leegg\Documents\StockFlow_final_logging\.venv\Lib\site-packages\sqlalchemy\engine\base.py", line 1969, in _exec_single_context
    self.dialect.do_execute(
  File "C:\Users\leegg\Documents\StockFlow_final_logging\.venv\Lib\site-packages\sqlalchemy\engine\default.py", line 952, in do_execute
    cursor.execute(statement, parameters)
  File "C:\Users\leegg\Documents\StockFlow_final_logging\.venv\Lib\site-packages\pymysql\cursors.py", line 153, in execute
    result = self._query(query)
             ^^^^^^^^^^^^^^^^^^
  File "C:\Users\leegg\Documents\StockFlow_final_logging\.venv\Lib\site-packages\pymysql\cursors.py", line 322, in _query
    conn.query(q)
  File "C:\Users\leegg\Documents\StockFlow_final_logging\.venv\Lib\site-packages\pymysql\connections.py", line 575, in query
    self._affected_rows = self._read_query_result(unbuffered=unbuffered)
                          ^^^^^^^^^^^^^^^^^^^^^^^^^^^^^^^^^^^^^^^^^^^^^^
  File "C:\Users\leegg\Documents\StockFlow_final_logging\.venv\Lib\site-packages\pymysql\connections.py", line 826, in _read_query_result
    result.read()
  File "C:\Users\leegg\Documents\StockFlow_final_logging\.venv\Lib\site-packages\pymysql\connections.py", line 1203, in read
    first_packet = self.connection._read_packet()
                   ^^^^^^^^^^^^^^^^^^^^^^^^^^^^^^
  File "C:\Users\leegg\Documents\StockFlow_final_logging\.venv\Lib\site-packages\pymysql\connections.py", line 782, in _read_packet
    packet.raise_for_error()
  File "C:\Users\leegg\Documents\StockFlow_final_logging\.venv\Lib\site-packages\pymysql\protocol.py", line 219, in raise_for_error
    err.raise_mysql_exception(self._data)
  File "C:\Users\leegg\Documents\StockFlow_final_logging\.venv\Lib\site-packages\pymysql\err.py", line 150, in raise_mysql_exception
    raise errorclass(errno, errval)
sqlalchemy.exc.OperationalError: (pymysql.err.OperationalError) (1054, "Unknown column 'user.name' in 'field list'")
[SQL: SELECT user.id AS user_id, user.username AS user_username, user.password_hash AS user_password_hash, user.`role` AS user_role, user.name AS user_name, user.position AS user_position, user.created_at AS user_created_at 
FROM user 
WHERE user.username = %(username_1)s 
 LIMIT %(param_1)s]
[parameters: {'username_1': 'y123', 'param_1': 1}]
(Background on this error at: https://sqlalche.me/e/20/e3q8)
2026-09-09 15:32:28 | INFO | app | HTTP POST /register -> 500 34.7ms request_id=1946b653fbe5 user_id=-
2026-09-09 15:32:46 | ERROR | app | Unhandled exception | request_id=9ffd6888f804 | method=POST | path=/register
Traceback (most recent call last):
  File "C:\Users\leegg\Documents\StockFlow_final_logging\.venv\Lib\site-packages\sqlalchemy\engine\base.py", line 1969, in _exec_single_context
    self.dialect.do_execute(
  File "C:\Users\leegg\Documents\StockFlow_final_logging\.venv\Lib\site-packages\sqlalchemy\engine\default.py", line 952, in do_execute
    cursor.execute(statement, parameters)
  File "C:\Users\leegg\Documents\StockFlow_final_logging\.venv\Lib\site-packages\pymysql\cursors.py", line 153, in execute
    result = self._query(query)
             ^^^^^^^^^^^^^^^^^^
  File "C:\Users\leegg\Documents\StockFlow_final_logging\.venv\Lib\site-packages\pymysql\cursors.py", line 322, in _query
    conn.query(q)
  File "C:\Users\leegg\Documents\StockFlow_final_logging\.venv\Lib\site-packages\pymysql\connections.py", line 575, in query
    self._affected_rows = self._read_query_result(unbuffered=unbuffered)
                          ^^^^^^^^^^^^^^^^^^^^^^^^^^^^^^^^^^^^^^^^^^^^^^
  File "C:\Users\leegg\Documents\StockFlow_final_logging\.venv\Lib\site-packages\pymysql\connections.py", line 826, in _read_query_result
    result.read()
  File "C:\Users\leegg\Documents\StockFlow_final_logging\.venv\Lib\site-packages\pymysql\connections.py", line 1203, in read
    first_packet = self.connection._read_packet()
                   ^^^^^^^^^^^^^^^^^^^^^^^^^^^^^^
  File "C:\Users\leegg\Documents\StockFlow_final_logging\.venv\Lib\site-packages\pymysql\connections.py", line 782, in _read_packet
    packet.raise_for_error()
  File "C:\Users\leegg\Documents\StockFlow_final_logging\.venv\Lib\site-packages\pymysql\protocol.py", line 219, in raise_for_error
    err.raise_mysql_exception(self._data)
  File "C:\Users\leegg\Documents\StockFlow_final_logging\.venv\Lib\site-packages\pymysql\err.py", line 150, in raise_mysql_exception
    raise errorclass(errno, errval)
pymysql.err.OperationalError: (1054, "Unknown column 'user.name' in 'field list'")

The above exception was the direct cause of the following exception:

Traceback (most recent call last):
  File "C:\Users\leegg\Documents\StockFlow_final_logging\.venv\Lib\site-packages\flask\app.py", line 917, in full_dispatch_request
    rv = self.dispatch_request()
         ^^^^^^^^^^^^^^^^^^^^^^^
  File "C:\Users\leegg\Documents\StockFlow_final_logging\.venv\Lib\site-packages\flask\app.py", line 902, in dispatch_request
    return self.ensure_sync(self.view_functions[rule.endpoint])(**view_args)  # type: ignore[no-any-return]
           ^^^^^^^^^^^^^^^^^^^^^^^^^^^^^^^^^^^^^^^^^^^^^^^^^^^^^^^^^^^^^^^^^
  File "C:\Users\leegg\Documents\StockFlow_final_logging\app\routes\auth.py", line 58, in register
    elif User.query.filter_by(username=username).first():
         ^^^^^^^^^^^^^^^^^^^^^^^^^^^^^^^^^^^^^^^^^^^^^^^
  File "C:\Users\leegg\Documents\StockFlow_final_logging\.venv\Lib\site-packages\sqlalchemy\orm\query.py", line 2766, in first
    return self.limit(1)._iter().first()  # type: ignore
           ^^^^^^^^^^^^^^^^^^^^^
  File "C:\Users\leegg\Documents\StockFlow_final_logging\.venv\Lib\site-packages\sqlalchemy\orm\query.py", line 2864, in _iter
    result: Union[ScalarResult[_T], Result[_T]] = self.session.execute(
                                                  ^^^^^^^^^^^^^^^^^^^^^
  File "C:\Users\leegg\Documents\StockFlow_final_logging\.venv\Lib\site-packages\sqlalchemy\orm\session.py", line 2373, in execute
    return self._execute_internal(
           ^^^^^^^^^^^^^^^^^^^^^^^
  File "C:\Users\leegg\Documents\StockFlow_final_logging\.venv\Lib\site-packages\sqlalchemy\orm\session.py", line 2271, in _execute_internal
    result: Result[Any] = compile_state_cls.orm_execute_statement(
                          ^^^^^^^^^^^^^^^^^^^^^^^^^^^^^^^^^^^^^^^^
  File "C:\Users\leegg\Documents\StockFlow_final_logging\.venv\Lib\site-packages\sqlalchemy\orm\context.py", line 306, in orm_execute_statement
    result = conn.execute(
             ^^^^^^^^^^^^^
  File "C:\Users\leegg\Documents\StockFlow_final_logging\.venv\Lib\site-packages\sqlalchemy\engine\base.py", line 1421, in execute
    return meth(
           ^^^^^
  File "C:\Users\leegg\Documents\StockFlow_final_logging\.venv\Lib\site-packages\sqlalchemy\sql\elements.py", line 526, in _execute_on_connection
    return connection._execute_clauseelement(
           ^^^^^^^^^^^^^^^^^^^^^^^^^^^^^^^^^^
  File "C:\Users\leegg\Documents\StockFlow_final_logging\.venv\Lib\site-packages\sqlalchemy\engine\base.py", line 1643, in _execute_clauseelement
    ret = self._execute_context(
          ^^^^^^^^^^^^^^^^^^^^^^
  File "C:\Users\leegg\Documents\StockFlow_final_logging\.venv\Lib\site-packages\sqlalchemy\engine\base.py", line 1848, in _execute_context
    return self._exec_single_context(
           ^^^^^^^^^^^^^^^^^^^^^^^^^^
  File "C:\Users\leegg\Documents\StockFlow_final_logging\.venv\Lib\site-packages\sqlalchemy\engine\base.py", line 1988, in _exec_single_context
    self._handle_dbapi_exception(
  File "C:\Users\leegg\Documents\StockFlow_final_logging\.venv\Lib\site-packages\sqlalchemy\engine\base.py", line 2365, in _handle_dbapi_exception
    raise sqlalchemy_exception.with_traceback(exc_info[2]) from e
  File "C:\Users\leegg\Documents\StockFlow_final_logging\.venv\Lib\site-packages\sqlalchemy\engine\base.py", line 1969, in _exec_single_context
    self.dialect.do_execute(
  File "C:\Users\leegg\Documents\StockFlow_final_logging\.venv\Lib\site-packages\sqlalchemy\engine\default.py", line 952, in do_execute
    cursor.execute(statement, parameters)
  File "C:\Users\leegg\Documents\StockFlow_final_logging\.venv\Lib\site-packages\pymysql\cursors.py", line 153, in execute
    result = self._query(query)
             ^^^^^^^^^^^^^^^^^^
  File "C:\Users\leegg\Documents\StockFlow_final_logging\.venv\Lib\site-packages\pymysql\cursors.py", line 322, in _query
    conn.query(q)
  File "C:\Users\leegg\Documents\StockFlow_final_logging\.venv\Lib\site-packages\pymysql\connections.py", line 575, in query
    self._affected_rows = self._read_query_result(unbuffered=unbuffered)
                          ^^^^^^^^^^^^^^^^^^^^^^^^^^^^^^^^^^^^^^^^^^^^^^
  File "C:\Users\leegg\Documents\StockFlow_final_logging\.venv\Lib\site-packages\pymysql\connections.py", line 826, in _read_query_result
    result.read()
  File "C:\Users\leegg\Documents\StockFlow_final_logging\.venv\Lib\site-packages\pymysql\connections.py", line 1203, in read
    first_packet = self.connection._read_packet()
                   ^^^^^^^^^^^^^^^^^^^^^^^^^^^^^^
  File "C:\Users\leegg\Documents\StockFlow_final_logging\.venv\Lib\site-packages\pymysql\connections.py", line 782, in _read_packet
    packet.raise_for_error()
  File "C:\Users\leegg\Documents\StockFlow_final_logging\.venv\Lib\site-packages\pymysql\protocol.py", line 219, in raise_for_error
    err.raise_mysql_exception(self._data)
  File "C:\Users\leegg\Documents\StockFlow_final_logging\.venv\Lib\site-packages\pymysql\err.py", line 150, in raise_mysql_exception
    raise errorclass(errno, errval)
sqlalchemy.exc.OperationalError: (pymysql.err.OperationalError) (1054, "Unknown column 'user.name' in 'field list'")
[SQL: SELECT user.id AS user_id, user.username AS user_username, user.password_hash AS user_password_hash, user.`role` AS user_role, user.name AS user_name, user.position AS user_position, user.created_at AS user_created_at 
FROM user 
WHERE user.username = %(username_1)s 
 LIMIT %(param_1)s]
[parameters: {'username_1': 'yksoo00', 'param_1': 1}]
(Background on this error at: https://sqlalche.me/e/20/e3q8)
2026-09-09 15:32:46 | INFO | app | HTTP POST /register -> 500 23.6ms request_id=9ffd6888f804 user_id=-
2026-09-09 15:36:03 | INFO | app | StockFlow logging initialized | level=INFO | dir=logs
2026-09-09 15:36:14 | INFO | app | StockFlow logging initialized | level=INFO | dir=logs
2026-09-09 15:37:11 | INFO | app | StockFlow logging initialized | level=INFO | dir=logs
2026-09-09 15:37:17 | INFO | app | Flask application initialized
2026-09-09 15:37:28 | INFO | app.routes.auth | User registered | user_id=1 | username=yksoo00 | role=user
2026-09-09 15:37:28 | INFO | app.routes.auth | Login success | user_id=1 | username=yksoo00
2026-09-09 15:37:28 | INFO | app | HTTP POST /register -> 302 410.3ms request_id=ceb6569b9805 user_id=1
2026-09-09 15:37:28 | INFO | app | HTTP GET / -> 200 564.8ms request_id=53e4a5a156fa user_id=1
2026-09-09 15:37:29 | INFO | app | HTTP GET /static/css/app.css -> 304 9.7ms request_id=8659c1a7772b user_id=1
2026-09-09 15:37:29 | INFO | app | HTTP GET /static/css/components.css -> 200 25.6ms request_id=0ab63f465b88 user_id=1
2026-09-09 15:37:29 | INFO | app | HTTP GET /static/js/app.js -> 200 49.3ms request_id=737121565ed4 user_id=1
2026-09-09 15:37:29 | INFO | app | HTTP GET /static/js/dashboard.js -> 200 178.1ms request_id=ecd2711d1590 user_id=1
2026-09-09 15:37:33 | INFO | app | HTTP GET /stockout -> 200 37.7ms request_id=5ed9964bfc10 user_id=1
2026-09-09 15:37:34 | INFO | app | HTTP GET /static/css/app.css -> 304 1.0ms request_id=66b6b3651420 user_id=1
2026-09-09 15:37:34 | INFO | app | HTTP GET /static/css/components.css -> 304 2.5ms request_id=2a8a73594892 user_id=1
2026-09-09 15:37:34 | INFO | app | HTTP GET /static/js/stockout.js -> 200 7.4ms request_id=04511bb6fc21 user_id=1
2026-09-09 15:37:34 | INFO | app | HTTP GET /static/js/app.js -> 304 3.4ms request_id=1c2f003ad1e5 user_id=1
2026-09-09 15:37:34 | INFO | app | HTTP GET /api/stockout -> 200 16.0ms request_id=ea5f2ff55c67 user_id=1
2026-09-09 15:37:42 | INFO | app | HTTP GET / -> 200 16.6ms request_id=8a6202c802a7 user_id=1
2026-09-09 15:37:50 | INFO | app.routes.auth | Logout | user_id=1
2026-09-09 15:37:50 | INFO | app | HTTP GET /logout -> 302 12.6ms request_id=e122a8881332 user_id=-
2026-09-09 15:37:51 | INFO | app | HTTP GET /login -> 200 18.7ms request_id=f60723743633 user_id=-
2026-09-09 15:37:51 | INFO | app | HTTP GET /static/css/app.css -> 304 2.2ms request_id=b3cbc762b2f5 user_id=-
2026-09-09 15:37:53 | INFO | app | HTTP GET /register -> 200 0.5ms request_id=72201fce8304 user_id=-
2026-09-09 15:37:53 | INFO | app | HTTP GET /static/css/app.css -> 304 1.9ms request_id=c9a01b62c369 user_id=-
2026-09-09 15:38:09 | INFO | app.routes.auth | User registered | user_id=2 | username=admin | role=admin
2026-09-09 15:38:09 | INFO | app.routes.auth | Login success | user_id=2 | username=admin
2026-09-09 15:38:09 | INFO | app | HTTP POST /register -> 302 317.9ms request_id=2e09758d3d8a user_id=2
2026-09-09 15:38:09 | INFO | app | HTTP GET / -> 200 19.8ms request_id=12006e9b210b user_id=2
2026-09-09 15:38:09 | INFO | app | HTTP GET /static/css/app.css -> 304 2.3ms request_id=ec6b966ca567 user_id=2
2026-09-09 15:38:10 | INFO | app | HTTP GET /static/js/dashboard.js -> 304 1.5ms request_id=c0beb1244fe3 user_id=2
2026-09-09 15:38:10 | INFO | app | HTTP GET /static/js/app.js -> 304 5.1ms request_id=f66e671bcac9 user_id=2
2026-09-09 15:38:10 | INFO | app | HTTP GET /static/css/components.css -> 304 8.8ms request_id=8ab1a4310e44 user_id=2
2026-09-09 15:38:14 | INFO | app | HTTP GET /upload -> 200 107.5ms request_id=378b9c65806e user_id=2
2026-09-09 15:38:14 | INFO | app | HTTP GET /static/css/app.css -> 304 0.7ms request_id=b6320b28c51e user_id=2
2026-09-09 15:38:14 | INFO | app | HTTP GET /static/js/app.js -> 304 1.5ms request_id=26a64a1d04c6 user_id=2
2026-09-09 15:38:14 | INFO | app | HTTP GET /static/css/components.css -> 304 3.1ms request_id=0676c1c82975 user_id=2
2026-09-09 15:38:38 | INFO | app.routes.files | Excel upload request received | user_id=2 | filename=사내재고 변경 버전.xlsx
2026-09-09 15:38:38 | INFO | app.routes.files | Excel upload directory resolved | path=C:\Users\leegg\Documents\StockFlow_final_logging\uploads
2026-09-09 15:38:38 | INFO | app.routes.files | Excel upload saved | user_id=2 | path=C:\Users\leegg\Documents\StockFlow_final_logging\uploads\efeacca7780d40e79df3308080e0d26e_inventory.xlsx | size=47385
2026-09-09 15:38:39 | INFO | app.services.excel.parser | Workbook parse completed | path=C:\Users\leegg\Documents\StockFlow_final_logging\uploads\efeacca7780d40e79df3308080e0d26e_inventory.xlsx
2026-09-09 15:38:41 | INFO | app.routes.files | Excel upload completed | file_id=1 | filename=사내재고 변경 버전.xlsx | rows=139 | user_id=2
2026-09-09 15:38:41 | INFO | app | HTTP POST /upload -> 302 3012.8ms request_id=0be92a3d0bc2 user_id=2
2026-09-09 15:38:41 | INFO | app | HTTP GET /files/1 -> 200 104.5ms request_id=dd85af654e6b user_id=2
2026-09-09 15:38:41 | INFO | app | HTTP GET /static/css/app.css -> 304 1.2ms request_id=cbf6162b9e54 user_id=2
2026-09-09 15:38:42 | INFO | app | HTTP GET /static/css/components.css -> 304 12.5ms request_id=576fde065ca9 user_id=2
2026-09-09 15:38:42 | INFO | app | HTTP GET /static/js/sheet.js -> 200 14.6ms request_id=b0fa8e7c44fe user_id=2
2026-09-09 15:38:42 | INFO | app | HTTP GET /static/js/app.js -> 304 13.1ms request_id=627f846ab7a2 user_id=2
2026-09-09 15:38:42 | INFO | app | HTTP GET /api/sheets/1 -> 200 22.2ms request_id=d4418f3fe558 user_id=2
2026-09-09 15:38:42 | INFO | app | HTTP GET /api/filters -> 200 26.2ms request_id=fad9f0d1db7f user_id=2
2026-09-09 15:38:42 | INFO | app.routes.inventory | Inventory search | file_id=1 | sheet_ids=None | q_present=False | low_only=False
2026-09-09 15:38:43 | INFO | app | HTTP GET /api/search -> 200 120.3ms request_id=bdb4bd7cd5c6 user_id=2
2026-09-09 15:38:51 | INFO | app | HTTP GET /files -> 200 92.7ms request_id=484d16462607 user_id=2
2026-09-09 15:38:51 | INFO | app | HTTP GET /static/css/app.css -> 304 1.7ms request_id=abe0c242b714 user_id=2
2026-09-09 15:38:51 | INFO | app | HTTP GET /static/js/app.js -> 304 3.2ms request_id=0a0459a378c7 user_id=2
2026-09-09 15:38:51 | INFO | app | HTTP GET /static/css/components.css -> 304 5.4ms request_id=63a32257ff99 user_id=2
2026-09-09 15:38:52 | INFO | app | HTTP GET /stockout -> 200 4.5ms request_id=3ec86d26b2eb user_id=2
2026-09-09 15:38:53 | INFO | app | HTTP GET /static/css/app.css -> 304 2.4ms request_id=4d3809045a3c user_id=2
2026-09-09 15:38:53 | INFO | app | HTTP GET /static/css/components.css -> 304 4.3ms request_id=0b0dd06c22b5 user_id=2
2026-09-09 15:38:53 | INFO | app | HTTP GET /static/js/stockout.js -> 304 3.1ms request_id=ebe168787cfa user_id=2
2026-09-09 15:38:53 | INFO | app | HTTP GET /static/js/app.js -> 304 11.2ms request_id=2d0675275476 user_id=2
2026-09-09 15:38:53 | INFO | app | HTTP GET /api/stockout -> 200 33.2ms request_id=b9f98c59b1c1 user_id=2
2026-09-09 15:38:55 | INFO | app | HTTP GET /files -> 200 29.1ms request_id=9710bf3c217e user_id=2
2026-09-09 15:38:55 | INFO | app | HTTP GET /static/css/app.css -> 304 1.5ms request_id=58f4f005b089 user_id=2
2026-09-09 15:38:55 | INFO | app | HTTP GET /static/css/components.css -> 304 10.0ms request_id=9aac4334e57a user_id=2
2026-09-09 15:38:55 | INFO | app | HTTP GET /static/js/app.js -> 304 8.8ms request_id=f4785b9fff44 user_id=2
2026-09-09 15:38:56 | INFO | app | HTTP GET /files/1 -> 200 8.0ms request_id=ed6bd5f1abff user_id=2
2026-09-09 15:38:57 | INFO | app | HTTP GET /static/css/app.css -> 304 1.2ms request_id=4ac0e55a9b56 user_id=2
2026-09-09 15:38:57 | INFO | app | HTTP GET /static/js/sheet.js -> 304 1.6ms request_id=e1a3ce009cd8 user_id=2
2026-09-09 15:38:57 | INFO | app | HTTP GET /static/js/app.js -> 304 6.0ms request_id=3dd1ae7f9b37 user_id=2
2026-09-09 15:38:57 | INFO | app | HTTP GET /static/css/components.css -> 304 8.3ms request_id=a21faf6b1ef5 user_id=2
2026-09-09 15:38:57 | INFO | app | HTTP GET /api/sheets/1 -> 200 11.0ms request_id=f1d8409275f6 user_id=2
2026-09-09 15:38:57 | INFO | app | HTTP GET /api/filters -> 200 46.8ms request_id=6a06c99725ed user_id=2
2026-09-09 15:38:57 | INFO | app.routes.inventory | Inventory search | file_id=1 | sheet_ids=None | q_present=False | low_only=False
2026-09-09 15:38:57 | INFO | app | HTTP GET /api/search -> 200 51.4ms request_id=83e32ae726c4 user_id=2
2026-09-09 15:39:23 | INFO | app.routes.stockout | Stock-out recorded | row_id=138 | site=국제성모 병원 | quantity=1.0 | user_id=2
2026-09-09 15:39:23 | INFO | app | HTTP POST /api/stockout -> 200 98.1ms request_id=4166e769fe7c user_id=2
2026-09-09 15:39:24 | INFO | app.routes.inventory | Inventory search | file_id=1 | sheet_ids=None | q_present=False | low_only=False
2026-09-09 15:39:24 | INFO | app | HTTP GET /api/search -> 200 83.3ms request_id=de8a1c74f489 user_id=2
2026-09-09 15:39:32 | INFO | app | HTTP GET /stockout -> 200 10.9ms request_id=992c0b2761e7 user_id=2
2026-09-09 15:39:32 | INFO | app | HTTP GET /static/css/app.css -> 304 3.7ms request_id=e7eb7a2389c0 user_id=2
2026-09-09 15:39:33 | INFO | app | HTTP GET /static/css/components.css -> 304 10.2ms request_id=73161557c83a user_id=2
2026-09-09 15:39:33 | INFO | app | HTTP GET /static/js/stockout.js -> 304 11.4ms request_id=b9c278785c9b user_id=2
2026-09-09 15:39:33 | INFO | app | HTTP GET /static/js/app.js -> 304 12.5ms request_id=1bdca10dbc03 user_id=2
2026-09-09 15:39:33 | INFO | app | HTTP GET /api/stockout -> 200 23.3ms request_id=7a789901a9ce user_id=2
2026-09-09 15:45:06 | INFO | app | StockFlow logging initialized | level=INFO | dir=logs
2026-09-09 15:45:09 | INFO | app | Flask application initialized
2026-09-09 15:47:10 | INFO | app | StockFlow logging initialized | level=INFO | dir=logs
2026-09-09 15:47:12 | INFO | app | Flask application initialized
2026-09-09 15:47:25 | INFO | app | HTTP GET /stockout -> 200 162.5ms request_id=6dc45033f1cf user_id=2
2026-09-09 15:47:25 | INFO | app | HTTP GET /static/css/app.css -> 200 26.2ms request_id=4e9c25e6807f user_id=2
2026-09-09 15:47:25 | INFO | app | HTTP GET /static/css/components.css -> 304 1.9ms request_id=b505ec34e6ea user_id=2
2026-09-09 15:47:25 | INFO | app | HTTP GET /static/js/app.js -> 304 5.2ms request_id=5f667deea07d user_id=2
2026-09-09 15:47:25 | INFO | app | HTTP GET /static/js/stockout.js -> 200 153.8ms request_id=677531e68ac0 user_id=2
2026-09-09 15:47:26 | INFO | app | HTTP GET /api/stockout -> 200 27.8ms request_id=14c57de02b39 user_id=2
2026-09-09 15:47:28 | INFO | app | HTTP GET /files -> 200 64.6ms request_id=0a48976cf325 user_id=2
2026-09-09 15:47:28 | INFO | app | HTTP GET /static/css/app.css -> 304 0.8ms request_id=4a9fd6fc040c user_id=2
2026-09-09 15:47:28 | INFO | app | HTTP GET /static/js/app.js -> 304 2.0ms request_id=9b07028030a3 user_id=2
2026-09-09 15:47:28 | INFO | app | HTTP GET /static/css/components.css -> 304 6.2ms request_id=81a12a055def user_id=2
2026-09-09 15:47:31 | INFO | app | HTTP GET /files/1 -> 200 57.5ms request_id=7f8f91aeb014 user_id=2
2026-09-09 15:47:31 | INFO | app | HTTP GET /static/css/app.css -> 304 1.4ms request_id=91f1cfac31bc user_id=2
2026-09-09 15:47:31 | INFO | app | HTTP GET /static/css/components.css -> 304 3.6ms request_id=c6fccbfa3943 user_id=2
2026-09-09 15:47:31 | INFO | app | HTTP GET /static/js/app.js -> 304 4.8ms request_id=0ce313f21278 user_id=2
2026-09-09 15:47:31 | INFO | app | HTTP GET /static/js/sheet.js -> 200 5.7ms request_id=07f4ac3ef103 user_id=2
2026-09-09 15:47:31 | INFO | app | HTTP GET /api/sheets/1 -> 200 11.0ms request_id=91859f20a32a user_id=2
2026-09-09 15:47:32 | INFO | app | HTTP GET /api/filters -> 200 32.8ms request_id=3503be084d13 user_id=2
2026-09-09 15:47:32 | INFO | app.routes.inventory | Inventory search | file_id=1 | sheet_ids=None | q_present=False | low_only=False
2026-09-09 15:47:32 | INFO | app | HTTP GET /api/search -> 200 79.5ms request_id=0c004fa0cefb user_id=2
2026-09-09 15:48:31 | INFO | app.routes.stockout | Stock-out recorded | row_id=139 | site=용인시청 | quantity=2.0 | user_id=2
2026-09-09 15:48:31 | INFO | app | HTTP POST /api/stockout -> 200 158.7ms request_id=e48b151d0892 user_id=2
2026-09-09 15:48:31 | INFO | app.routes.inventory | Inventory search | file_id=1 | sheet_ids=None | q_present=False | low_only=False
2026-09-09 15:48:31 | INFO | app | HTTP GET /api/search -> 200 68.4ms request_id=6850bd990123 user_id=2
2026-09-09 15:48:34 | INFO | app | HTTP GET /upload -> 200 13.0ms request_id=2de48ac0b61b user_id=2
2026-09-09 15:48:34 | INFO | app | HTTP GET /static/css/app.css -> 304 1.6ms request_id=8f361c9f26ed user_id=2
2026-09-09 15:48:34 | INFO | app | HTTP GET /static/css/components.css -> 304 2.2ms request_id=dec01b96ccba user_id=2
2026-09-09 15:48:34 | INFO | app | HTTP GET /static/js/app.js -> 304 2.5ms request_id=2a035ee8c45e user_id=2
2026-09-09 15:48:36 | INFO | app | HTTP GET /chat -> 200 31.4ms request_id=25b908c3e22e user_id=2
2026-09-09 15:48:36 | INFO | app | HTTP GET /static/css/app.css -> 304 3.0ms request_id=677224333822 user_id=2
2026-09-09 15:48:36 | INFO | app | HTTP GET /static/js/app.js -> 304 11.8ms request_id=2bf905a39279 user_id=2
2026-09-09 15:48:36 | INFO | app | HTTP GET /static/css/components.css -> 304 19.0ms request_id=4d0bead32007 user_id=2
2026-09-09 15:48:36 | INFO | app | HTTP GET /static/js/chat.js -> 200 149.6ms request_id=fbcbe288af21 user_id=2
2026-09-09 15:48:36 | INFO | app | HTTP GET /api/files -> 200 15.3ms request_id=580887fc1cdd user_id=2
2026-09-09 15:48:38 | INFO | app | HTTP GET /upload -> 200 11.8ms request_id=b635226a6a88 user_id=2
2026-09-09 15:48:38 | INFO | app | HTTP GET /static/css/app.css -> 304 2.0ms request_id=6dd3b98c5271 user_id=2
2026-09-09 15:48:38 | INFO | app | HTTP GET /static/css/components.css -> 304 4.7ms request_id=76400ed6fa34 user_id=2
2026-09-09 15:48:38 | INFO | app | HTTP GET /static/js/app.js -> 304 3.8ms request_id=23de5bf80545 user_id=2
2026-09-09 15:48:41 | INFO | app | HTTP GET /chat -> 200 9.1ms request_id=b7d3dd4cdbce user_id=2
2026-09-09 15:48:42 | INFO | app | HTTP GET /static/css/app.css -> 304 2.0ms request_id=a753c4807631 user_id=2
2026-09-09 15:48:42 | INFO | app | HTTP GET /static/css/components.css -> 304 4.2ms request_id=94858180dafa user_id=2
2026-09-09 15:48:42 | INFO | app | HTTP GET /static/js/app.js -> 304 1.5ms request_id=3796462ea5a3 user_id=2
2026-09-09 15:48:42 | INFO | app | HTTP GET /static/js/chat.js -> 304 1.6ms request_id=c2d158d57700 user_id=2
2026-09-09 15:48:42 | INFO | app | HTTP GET /api/files -> 200 20.5ms request_id=0fac2ea5f533 user_id=2
2026-09-09 15:48:42 | INFO | app | HTTP GET /stockout -> 200 7.3ms request_id=b0a63a1e19c2 user_id=2
2026-09-09 15:48:43 | INFO | app | HTTP GET /static/css/app.css -> 304 1.5ms request_id=ccbff0354924 user_id=2
2026-09-09 15:48:43 | INFO | app | HTTP GET /static/css/components.css -> 304 1.6ms request_id=94ce3b1ae4be user_id=2
2026-09-09 15:48:43 | INFO | app | HTTP GET /static/js/app.js -> 304 2.7ms request_id=eae413e26096 user_id=2
2026-09-09 15:48:43 | INFO | app | HTTP GET /static/js/stockout.js -> 304 3.3ms request_id=bce93b1d9e28 user_id=2
2026-09-09 15:48:43 | INFO | app | HTTP GET /api/stockout -> 200 38.7ms request_id=e408d5126046 user_id=2
2026-09-09 15:52:23 | INFO | app | HTTP GET /files -> 200 31.9ms request_id=be72f4cbe836 user_id=2
2026-09-09 15:52:23 | INFO | app | HTTP GET /static/css/app.css -> 304 2.7ms request_id=90a76782a03c user_id=2
2026-09-09 15:52:23 | INFO | app | HTTP GET /static/css/components.css -> 304 1.7ms request_id=cdd9a007bd43 user_id=2
2026-09-09 15:52:24 | INFO | app | HTTP GET /static/js/app.js -> 304 2.1ms request_id=5b7d70092006 user_id=2
2026-09-09 15:52:25 | INFO | app | HTTP GET /files/1 -> 200 7.6ms request_id=1bfbb7f83d09 user_id=2
2026-09-09 15:52:25 | INFO | app | HTTP GET /static/css/app.css -> 304 2.7ms request_id=2fe229a7b69c user_id=2
2026-09-09 15:52:25 | INFO | app | HTTP GET /static/css/components.css -> 304 10.7ms request_id=962e06439ea8 user_id=2
2026-09-09 15:52:25 | INFO | app | HTTP GET /static/js/sheet.js -> 304 9.7ms request_id=580880cb59f8 user_id=2
2026-09-09 15:52:25 | INFO | app | HTTP GET /static/js/app.js -> 304 12.9ms request_id=da7785614419 user_id=2
2026-09-09 15:52:25 | INFO | app | HTTP GET /api/sheets/1 -> 200 15.8ms request_id=b7bd8df5fafc user_id=2
2026-09-09 15:52:26 | INFO | app | HTTP GET /api/filters -> 200 27.8ms request_id=619bc3183fb2 user_id=2
2026-09-09 15:52:26 | INFO | app.routes.inventory | Inventory search | file_id=1 | sheet_ids=None | q_present=False | low_only=False
2026-09-09 15:52:26 | INFO | app | HTTP GET /api/search -> 200 24.9ms request_id=49ad0d96832d user_id=2
2026-09-09 15:52:33 | INFO | app.routes.inventory | Inventory search | file_id=1 | sheet_ids=None | q_present=False | low_only=False
2026-09-09 15:52:33 | INFO | app | HTTP GET /api/search -> 200 72.5ms request_id=53391e3e0c9d user_id=2
2026-09-09 15:52:34 | INFO | app.routes.inventory | Inventory search | file_id=1 | sheet_ids=None | q_present=False | low_only=False
2026-09-09 15:52:34 | INFO | app | HTTP GET /api/search -> 200 32.6ms request_id=d05d006af3ff user_id=2
2026-09-09 15:52:46 | INFO | app.routes.inventory | Inventory search | file_id=1 | sheet_ids=None | q_present=False | low_only=False
2026-09-09 15:52:46 | INFO | app | HTTP GET /api/search -> 200 52.6ms request_id=5ac94d19db68 user_id=2
2026-09-09 15:52:47 | INFO | app.routes.inventory | Inventory search | file_id=1 | sheet_ids=None | q_present=False | low_only=False
2026-09-09 15:52:47 | INFO | app | HTTP GET /api/search -> 200 55.0ms request_id=062bc4dfbcfe user_id=2
2026-09-09 15:52:48 | INFO | app | HTTP GET /stockout -> 200 4.3ms request_id=2f8e7071cf8b user_id=2
2026-09-09 15:52:49 | INFO | app | HTTP GET /static/css/app.css -> 304 1.5ms request_id=56a978d7f99c user_id=2
2026-09-09 15:52:49 | INFO | app | HTTP GET /static/js/app.js -> 304 1.3ms request_id=926f2af01cab user_id=2
2026-09-09 15:52:49 | INFO | app | HTTP GET /static/css/components.css -> 304 1.6ms request_id=58d644ec5feb user_id=2
2026-09-09 15:52:49 | INFO | app | HTTP GET /static/js/stockout.js -> 304 1.8ms request_id=9e2b36134c20 user_id=2
2026-09-09 15:52:49 | INFO | app | HTTP GET /api/stockout -> 200 9.1ms request_id=25106db6578a user_id=2
2026-09-10 14:49:22 | INFO | app | StockFlow logging initialized | level=INFO | dir=logs
2026-09-10 14:49:59 | INFO | app | StockFlow logging initialized | level=INFO | dir=logs
2026-09-10 14:50:03 | INFO | app | Flask application initialized
2026-09-10 14:50:16 | INFO | app | HTTP GET / -> 302 6.6ms request_id=512df71d4b29 user_id=-
2026-09-10 14:50:17 | INFO | app | HTTP GET /login -> 200 264.4ms request_id=5f3009465826 user_id=-
2026-09-10 14:50:17 | INFO | app | HTTP GET / -> 302 0.7ms request_id=7b71d3b82fa9 user_id=-
2026-09-10 14:50:18 | INFO | app | HTTP GET /login -> 200 1.6ms request_id=2fa7b0fd5bfc user_id=-
2026-09-10 14:50:18 | INFO | app | HTTP GET /static/css/app.css -> 200 44.8ms request_id=0f53b19fd873 user_id=-
2026-09-10 14:50:18 | INFO | app | HTTP GET /favicon.ico -> 404 3.1ms request_id=392ffcedb0c5 user_id=-
2026-09-10 14:50:25 | INFO | app.routes.auth | Login attempt | username=yksoo00
2026-09-10 14:50:26 | WARNING | app.routes.auth | Login failed | username=yksoo00
2026-09-10 14:50:26 | INFO | app | HTTP POST /login -> 200 703.5ms request_id=0fdbf0d06969 user_id=-
2026-09-10 14:50:26 | INFO | app | HTTP GET /static/css/app.css -> 304 1.0ms request_id=1cc65faee7f5 user_id=-
2026-09-10 14:50:37 | INFO | app.routes.auth | Login attempt | username=admin
2026-09-10 14:50:38 | WARNING | app.routes.auth | Login failed | username=admin
2026-09-10 14:50:38 | INFO | app | HTTP POST /login -> 200 490.5ms request_id=97ad1879e889 user_id=-
2026-09-10 14:50:38 | INFO | app | HTTP GET /static/css/app.css -> 304 1.4ms request_id=6e73d92b92ef user_id=-
2026-09-10 14:50:42 | INFO | app.routes.auth | Login attempt | username=admin
2026-09-10 14:50:43 | WARNING | app.routes.auth | Login failed | username=admin
2026-09-10 14:50:43 | INFO | app | HTTP POST /login -> 200 468.0ms request_id=003ed4aa8354 user_id=-
2026-09-10 14:50:43 | INFO | app | HTTP GET /static/css/app.css -> 304 1.2ms request_id=32825055ae70 user_id=-
2026-09-10 14:50:51 | INFO | app.routes.auth | Login attempt | username=admin
2026-09-10 14:50:51 | WARNING | app.routes.auth | Login failed | username=admin
2026-09-10 14:50:51 | INFO | app | HTTP POST /login -> 200 466.8ms request_id=8165881e837d user_id=-
2026-09-10 14:50:51 | INFO | app | HTTP GET /static/css/app.css -> 304 1.8ms request_id=9ccbb48aa74c user_id=-
2026-09-10 14:50:55 | INFO | app | HTTP GET /register -> 200 0.7ms request_id=57e682972e1d user_id=-
2026-09-10 14:50:55 | INFO | app | HTTP GET /static/css/app.css -> 304 1.9ms request_id=5a0cdbc9c670 user_id=-
2026-09-10 14:51:03 | INFO | app | HTTP POST /register -> 200 11.8ms request_id=f03295e14fe8 user_id=-
2026-09-10 14:51:03 | INFO | app | HTTP GET /static/css/app.css -> 304 1.2ms request_id=fbb5b0025f4f user_id=-
2026-09-10 14:51:25 | INFO | app | HTTP POST /register -> 200 7.9ms request_id=c6ac47caa91d user_id=-
2026-09-10 14:51:25 | INFO | app | HTTP GET /static/css/app.css -> 304 2.4ms request_id=b956c542282b user_id=-
2026-09-10 14:51:28 | INFO | app | HTTP GET /login -> 200 2.3ms request_id=0e333c4c7cfc user_id=-
2026-09-10 14:51:28 | INFO | app | HTTP GET /static/css/app.css -> 304 1.3ms request_id=3929ff1b4a61 user_id=-
2026-09-10 14:51:32 | INFO | app.routes.auth | Login attempt | username=admin
2026-09-10 14:51:32 | WARNING | app.routes.auth | Login failed | username=admin
2026-09-10 14:51:32 | INFO | app | HTTP POST /login -> 200 511.9ms request_id=f77db5163f4e user_id=-
2026-09-10 14:51:32 | INFO | app | HTTP GET /static/css/app.css -> 304 0.8ms request_id=c1a9529a2656 user_id=-
2026-09-10 14:51:35 | INFO | app | HTTP GET /register -> 200 1.2ms request_id=d8396e7a052a user_id=-
2026-09-10 14:51:36 | INFO | app | HTTP GET /static/css/app.css -> 304 1.9ms request_id=64bf1ddaa7fa user_id=-
2026-09-10 14:51:46 | INFO | app.routes.auth | User registered | user_id=3 | username=admin1234 | role=admin
2026-09-10 14:51:46 | INFO | app.routes.auth | Login success | user_id=3 | username=admin1234
2026-09-10 14:51:46 | INFO | app | HTTP POST /register -> 302 482.5ms request_id=5531b3775150 user_id=3
2026-09-10 14:51:47 | INFO | app | HTTP GET / -> 200 322.4ms request_id=aa85b108e618 user_id=3
2026-09-10 14:51:48 | INFO | app | HTTP GET /static/css/app.css -> 304 2.7ms request_id=5004b359931d user_id=3
2026-09-10 14:51:48 | INFO | app | HTTP GET /static/css/components.css -> 304 57.6ms request_id=33a0fed78dc8 user_id=3
2026-09-10 14:51:48 | INFO | app | HTTP GET /static/js/app.js -> 200 142.1ms request_id=7c2cd2697366 user_id=3
2026-09-10 14:51:48 | INFO | app | HTTP GET /static/js/dashboard.js -> 200 150.1ms request_id=055ad4aae584 user_id=3
2026-09-10 14:52:09 | INFO | app | HTTP GET / -> 200 20.5ms request_id=187f34a4f70a user_id=3
2026-09-10 14:52:09 | INFO | app | HTTP GET /static/css/app.css -> 304 2.9ms request_id=a7511da4f321 user_id=3
2026-09-10 14:52:09 | INFO | app | HTTP GET /static/css/components.css -> 304 12.4ms request_id=f8b5f8f9b36d user_id=3
2026-09-10 14:52:09 | INFO | app | HTTP GET /static/js/app.js -> 304 6.8ms request_id=a8ed95ae95d5 user_id=3
2026-09-10 14:52:09 | INFO | app | HTTP GET /static/js/dashboard.js -> 304 12.1ms request_id=849595bdb471 user_id=3
2026-09-10 14:52:11 | INFO | app | HTTP GET /requests -> 200 64.8ms request_id=d5231795d805 user_id=3
2026-09-10 14:52:11 | INFO | app | HTTP GET /static/css/app.css -> 304 1.5ms request_id=3254911f5468 user_id=3
2026-09-10 14:52:11 | INFO | app | HTTP GET /static/css/components.css -> 304 1.5ms request_id=ffe2a2c81d8c user_id=3
2026-09-10 14:52:11 | INFO | app | HTTP GET /static/js/app.js -> 304 5.2ms request_id=b5961894a6a6 user_id=3
2026-09-10 14:52:11 | INFO | app | HTTP GET /static/js/stockrequest.js -> 200 5.8ms request_id=37a3536334f7 user_id=3
2026-09-10 14:52:12 | INFO | app | HTTP GET /api/stockrequest -> 200 34.5ms request_id=124ce6213265 user_id=3
2026-09-10 14:52:13 | INFO | app | HTTP GET /stockout -> 200 48.0ms request_id=5e0903427ab9 user_id=3
2026-09-10 14:52:14 | INFO | app | HTTP GET /static/css/app.css -> 304 2.0ms request_id=fb4c0f1adbf0 user_id=3
2026-09-10 14:52:14 | INFO | app | HTTP GET /static/css/components.css -> 304 4.3ms request_id=011c18ea3578 user_id=3
2026-09-10 14:52:14 | INFO | app | HTTP GET /static/js/app.js -> 304 5.3ms request_id=ced56734d1da user_id=3
2026-09-10 14:52:14 | INFO | app | HTTP GET /static/js/stockout.js -> 304 87.9ms request_id=f60217ba4324 user_id=3
2026-09-10 14:52:14 | INFO | app | HTTP GET /api/stockout -> 200 55.3ms request_id=5eea3d0ec10f user_id=3
2026-09-10 14:52:16 | INFO | app | HTTP GET /files -> 200 97.3ms request_id=d8e3d9816eb8 user_id=3
2026-09-10 14:52:16 | INFO | app | HTTP GET /static/css/app.css -> 304 1.8ms request_id=47f9e3e131b9 user_id=3
2026-09-10 14:52:16 | INFO | app | HTTP GET /static/css/components.css -> 304 4.4ms request_id=225aacf72a84 user_id=3
2026-09-10 14:52:16 | INFO | app | HTTP GET /static/js/app.js -> 304 3.6ms request_id=6ba242115665 user_id=3
2026-09-10 14:52:18 | INFO | app | HTTP GET /files/1 -> 200 65.9ms request_id=160cc49c7dc6 user_id=3
2026-09-10 14:52:18 | INFO | app | HTTP GET /static/css/app.css -> 304 1.1ms request_id=080f8476399e user_id=3
2026-09-10 14:52:18 | INFO | app | HTTP GET /static/css/components.css -> 304 2.7ms request_id=aaf2b47add48 user_id=3
2026-09-10 14:52:18 | INFO | app | HTTP GET /static/js/app.js -> 304 4.1ms request_id=3761bcfb68ff user_id=3
2026-09-10 14:52:18 | INFO | app | HTTP GET /static/js/sheet.js -> 200 267.4ms request_id=e7137c5528d2 user_id=3
2026-09-10 14:52:19 | INFO | app | HTTP GET /api/sheets/1 -> 200 16.2ms request_id=5bd1aa36f91a user_id=3
2026-09-10 14:52:19 | INFO | app | HTTP GET /api/filters -> 200 90.2ms request_id=2da1d8a17333 user_id=3
2026-09-10 14:52:19 | INFO | app.routes.inventory | Inventory search | file_id=1 | sheet_ids=None | q_present=False | low_only=False
2026-09-10 14:52:19 | INFO | app | HTTP GET /api/search -> 200 60.4ms request_id=ce9126bd9e56 user_id=3
2026-09-10 14:52:30 | INFO | app.routes.stockout | Auto stock-request created | row_id=135 | quantity=2.0
2026-09-10 14:52:31 | INFO | app.routes.stockout | Stock-out recorded | row_id=135 | site=1 | quantity=2.0 | user_id=3
2026-09-10 14:52:31 | INFO | app | HTTP POST /api/stockout -> 200 110.7ms request_id=e79b87d1e532 user_id=3
2026-09-10 14:52:31 | INFO | app.routes.inventory | Inventory search | file_id=1 | sheet_ids=None | q_present=False | low_only=False
2026-09-10 14:52:31 | INFO | app | HTTP GET /api/search -> 200 53.1ms request_id=ffbb870328aa user_id=3
2026-09-10 14:52:34 | INFO | app | HTTP GET /requests -> 200 5.6ms request_id=80a7c33ca6eb user_id=3
2026-09-10 14:52:34 | INFO | app | HTTP GET /static/css/app.css -> 304 2.7ms request_id=78cb18ead1d6 user_id=3
2026-09-10 14:52:34 | INFO | app | HTTP GET /static/css/components.css -> 304 8.5ms request_id=0123b4b8869d user_id=3
2026-09-10 14:52:34 | INFO | app | HTTP GET /static/js/app.js -> 304 16.7ms request_id=4415e4dd577f user_id=3
2026-09-10 14:52:34 | INFO | app | HTTP GET /static/js/stockrequest.js -> 304 14.6ms request_id=18e29fc6e7a3 user_id=3
2026-09-10 14:52:35 | INFO | app | HTTP GET /api/stockrequest -> 200 30.6ms request_id=7c591b7759cb user_id=3
2026-09-10 14:52:38 | INFO | app.routes.stockrequest | Stock-request approved | request_id=1 | admin_id=3
2026-09-10 14:52:38 | INFO | app | HTTP POST /api/stockrequest/1/approve -> 200 49.3ms request_id=2b0cbeea6121 user_id=3
2026-09-10 14:52:39 | INFO | app | HTTP GET /api/stockrequest -> 200 31.1ms request_id=d43a7f2dd301 user_id=3
2026-09-10 14:52:43 | INFO | app | HTTP GET /stockout -> 200 4.5ms request_id=a9b49b56fac8 user_id=3
2026-09-10 14:52:43 | INFO | app | HTTP GET /static/css/app.css -> 304 4.3ms request_id=1af70820c963 user_id=3
2026-09-10 14:52:43 | INFO | app | HTTP GET /static/js/stockout.js -> 304 16.7ms request_id=6a5cac2c8c13 user_id=3
2026-09-10 14:52:43 | INFO | app | HTTP GET /static/js/app.js -> 304 6.0ms request_id=a20e5e2018da user_id=3
2026-09-10 14:52:43 | INFO | app | HTTP GET /static/css/components.css -> 304 20.0ms request_id=ebf214062f88 user_id=3
2026-09-10 14:52:44 | INFO | app | HTTP GET /api/stockout -> 200 32.9ms request_id=83efbd706fd9 user_id=3
2026-09-10 14:52:48 | INFO | app | HTTP GET /requests -> 200 4.8ms request_id=4819d0e93606 user_id=3
2026-09-10 14:52:48 | INFO | app | HTTP GET /static/css/app.css -> 304 3.9ms request_id=0d68eca72967 user_id=3
2026-09-10 14:52:48 | INFO | app | HTTP GET /static/css/components.css -> 304 11.3ms request_id=708f4199b5f9 user_id=3
2026-09-10 14:52:48 | INFO | app | HTTP GET /static/js/stockrequest.js -> 304 11.6ms request_id=1e9c16b49334 user_id=3
2026-09-10 14:52:48 | INFO | app | HTTP GET /static/js/app.js -> 304 14.1ms request_id=c681da2e8349 user_id=3
2026-09-10 14:52:49 | INFO | app | HTTP GET /api/stockrequest -> 200 29.1ms request_id=3c56a6c3f7cc user_id=3
2026-09-10 14:52:52 | INFO | app | HTTP GET /files -> 200 14.9ms request_id=e223b7699314 user_id=3
2026-09-10 14:52:52 | INFO | app | HTTP GET /static/css/app.css -> 304 2.0ms request_id=586c66b54ac6 user_id=3
2026-09-10 14:52:52 | INFO | app | HTTP GET /static/js/app.js -> 304 3.9ms request_id=fa3c8d09049d user_id=3
2026-09-10 14:52:52 | INFO | app | HTTP GET /static/css/components.css -> 304 3.7ms request_id=6c9d7d5631d2 user_id=3
2026-09-10 14:52:54 | INFO | app | HTTP GET /files/1 -> 200 9.8ms request_id=3b824257848a user_id=3
2026-09-10 14:52:54 | INFO | app | HTTP GET /static/css/app.css -> 304 1.8ms request_id=44b2bb62811a user_id=3
2026-09-10 14:52:54 | INFO | app | HTTP GET /static/css/components.css -> 304 0.9ms request_id=c5e3fb93f454 user_id=3
2026-09-10 14:52:54 | INFO | app | HTTP GET /static/js/app.js -> 304 2.5ms request_id=8ad8acadc775 user_id=3
2026-09-10 14:52:54 | INFO | app | HTTP GET /static/js/sheet.js -> 304 3.6ms request_id=09942ba963e0 user_id=3
2026-09-10 14:52:54 | INFO | app | HTTP GET /api/sheets/1 -> 200 11.0ms request_id=6a229e8464e3 user_id=3
2026-09-10 14:52:55 | INFO | app | HTTP GET /api/filters -> 200 66.1ms request_id=58a83aab88d7 user_id=3
2026-09-10 14:52:55 | INFO | app.routes.inventory | Inventory search | file_id=1 | sheet_ids=None | q_present=False | low_only=False
2026-09-10 14:52:55 | INFO | app | HTTP GET /api/search -> 200 94.6ms request_id=171696ac59a6 user_id=3
2026-09-10 14:52:58 | INFO | app | HTTP GET /requests -> 200 6.2ms request_id=50b4860b4ebc user_id=3
2026-09-10 14:52:59 | INFO | app | HTTP GET /static/css/app.css -> 304 2.9ms request_id=21c03d7fe5c8 user_id=3
2026-09-10 14:52:59 | INFO | app | HTTP GET /static/css/components.css -> 304 5.0ms request_id=d508ffc7fc33 user_id=3
2026-09-10 14:52:59 | INFO | app | HTTP GET /static/js/stockrequest.js -> 304 8.9ms request_id=bb8b862a2942 user_id=3
2026-09-10 14:52:59 | INFO | app | HTTP GET /static/js/app.js -> 304 14.5ms request_id=ad92edef58d4 user_id=3
2026-09-10 14:52:59 | INFO | app | HTTP GET /api/stockrequest -> 200 23.7ms request_id=2ea4f295772f user_id=3
2026-09-10 14:53:00 | INFO | app.routes.stockrequest | Stock-request arrived (auto stock-in) | request_id=1 | row_id=135 | quantity=2.0 | admin_id=3
2026-09-10 14:53:00 | INFO | app | HTTP POST /api/stockrequest/1/arrive -> 200 71.4ms request_id=e7f7246c0610 user_id=3
2026-09-10 14:53:00 | INFO | app | HTTP GET /api/stockrequest -> 200 32.7ms request_id=67b8d29b2e51 user_id=3
2026-09-10 14:53:05 | INFO | app | HTTP GET /api/stockrequest -> 200 137.0ms request_id=c59d35a4e9e6 user_id=3
2026-09-10 14:53:06 | INFO | app | HTTP GET /requests -> 200 6.9ms request_id=67e4d5a67bda user_id=3
2026-09-10 14:53:07 | INFO | app | HTTP GET /static/css/app.css -> 304 1.0ms request_id=54e3616e4410 user_id=3
2026-09-10 14:53:07 | INFO | app | HTTP GET /static/css/components.css -> 304 3.1ms request_id=3467991f452a user_id=3
2026-09-10 14:53:07 | INFO | app | HTTP GET /static/js/app.js -> 304 2.4ms request_id=609104ff6b94 user_id=3
2026-09-10 14:53:07 | INFO | app | HTTP GET /static/js/stockrequest.js -> 304 3.0ms request_id=26c66f80f8c5 user_id=3
2026-09-10 14:53:07 | INFO | app | HTTP GET /api/stockrequest -> 200 19.2ms request_id=776630149e8e user_id=3
2026-09-10 14:53:10 | INFO | app | HTTP GET /files -> 200 28.5ms request_id=d08a38df1965 user_id=3
2026-09-10 14:53:10 | INFO | app | HTTP GET /static/css/app.css -> 304 1.2ms request_id=0ea9b6cae7b9 user_id=3
2026-09-10 14:53:10 | INFO | app | HTTP GET /static/css/components.css -> 304 2.4ms request_id=d4e20443118e user_id=3
2026-09-10 14:53:10 | INFO | app | HTTP GET /static/js/app.js -> 304 1.7ms request_id=de4fd671a5dd user_id=3
2026-09-10 14:53:11 | INFO | app | HTTP GET /files/1 -> 200 12.4ms request_id=7ae9c1e1bb3a user_id=3
2026-09-10 14:53:11 | INFO | app | HTTP GET /static/css/app.css -> 304 1.2ms request_id=86c8164d15af user_id=3
2026-09-10 14:53:11 | INFO | app | HTTP GET /static/js/sheet.js -> 304 6.7ms request_id=b2b9312ea9bd user_id=3
2026-09-10 14:53:11 | INFO | app | HTTP GET /static/js/app.js -> 304 7.1ms request_id=d731ae6ad442 user_id=3
2026-09-10 14:53:11 | INFO | app | HTTP GET /static/css/components.css -> 304 20.2ms request_id=b6f806e2faf5 user_id=3
2026-09-10 14:53:12 | INFO | app | HTTP GET /api/sheets/1 -> 200 21.4ms request_id=e3fe072b472f user_id=3
2026-09-10 14:53:12 | INFO | app | HTTP GET /api/filters -> 200 18.9ms request_id=78cd971af39b user_id=3
2026-09-10 14:53:12 | INFO | app.routes.inventory | Inventory search | file_id=1 | sheet_ids=None | q_present=False | low_only=False
2026-09-10 14:53:12 | INFO | app | HTTP GET /api/search -> 200 48.3ms request_id=cc6290805ef9 user_id=3
2026-09-10 14:53:30 | INFO | app.routes.stockrequest | Manual stock-request created | row_id=135 | quantity=2.0 | user_id=3
2026-09-10 14:53:30 | INFO | app | HTTP POST /api/stockrequest -> 200 44.9ms request_id=ac90bc9a9769 user_id=3
2026-09-10 14:53:32 | INFO | app | HTTP GET /requests -> 200 9.3ms request_id=536ef29d3a37 user_id=3
2026-09-10 14:53:32 | INFO | app | HTTP GET /static/css/app.css -> 304 2.6ms request_id=e4c2885c8d3c user_id=3
2026-09-10 14:53:32 | INFO | app | HTTP GET /static/css/components.css -> 304 1.5ms request_id=b7cef688bc00 user_id=3
2026-09-10 14:53:32 | INFO | app | HTTP GET /static/js/app.js -> 304 6.0ms request_id=3b6f24e23231 user_id=3
2026-09-10 14:53:32 | INFO | app | HTTP GET /static/js/stockrequest.js -> 304 9.0ms request_id=aeda29087c72 user_id=3
2026-09-10 14:53:32 | INFO | app | HTTP GET /api/stockrequest -> 200 38.4ms request_id=a242c053fb26 user_id=3
2026-09-10 14:53:33 | INFO | app.routes.stockrequest | Stock-request approved | request_id=2 | admin_id=3
2026-09-10 14:53:33 | INFO | app | HTTP POST /api/stockrequest/2/approve -> 200 41.7ms request_id=d747625c3d6a user_id=3
2026-09-10 14:53:34 | INFO | app | HTTP GET /api/stockrequest -> 200 25.0ms request_id=95397ad27808 user_id=3
2026-09-10 14:53:35 | INFO | app.routes.stockrequest | Stock-request arrived (auto stock-in) | request_id=2 | row_id=135 | quantity=2.0 | admin_id=3
2026-09-10 14:53:35 | INFO | app | HTTP POST /api/stockrequest/2/arrive -> 200 62.7ms request_id=568be7988e15 user_id=3
2026-09-10 14:53:35 | INFO | app | HTTP GET /api/stockrequest -> 200 21.8ms request_id=238e4780ee5a user_id=3
2026-09-10 14:53:38 | INFO | app | HTTP GET /chat -> 200 53.0ms request_id=6e892eddd951 user_id=3
2026-09-10 14:53:39 | INFO | app | HTTP GET /static/css/app.css -> 304 3.1ms request_id=8cbd1fd38cfa user_id=3
2026-09-10 14:53:39 | INFO | app | HTTP GET /static/css/components.css -> 304 10.8ms request_id=d7702432b695 user_id=3
2026-09-10 14:53:39 | INFO | app | HTTP GET /static/js/app.js -> 304 17.5ms request_id=0b1e874c4bab user_id=3
2026-09-10 14:53:39 | INFO | app | HTTP GET /static/js/chat.js -> 304 123.0ms request_id=ca1dae9e45ce user_id=3
2026-09-10 14:53:39 | INFO | app | HTTP GET /api/files -> 200 18.0ms request_id=e7dfada3399d user_id=3
2026-09-10 14:53:40 | INFO | app | HTTP GET /requests -> 200 5.5ms request_id=b5f36d49a234 user_id=3
2026-09-10 14:53:40 | INFO | app | HTTP GET /static/css/app.css -> 304 3.4ms request_id=22069b7b5f36 user_id=3
2026-09-10 14:53:40 | INFO | app | HTTP GET /static/css/components.css -> 304 11.2ms request_id=5d744d9ad9bc user_id=3
2026-09-10 14:53:40 | INFO | app | HTTP GET /static/js/app.js -> 304 9.1ms request_id=7218d91d4d0f user_id=3
2026-09-10 14:53:40 | INFO | app | HTTP GET /static/js/stockrequest.js -> 304 10.1ms request_id=e37c0f83afae user_id=3
2026-09-10 14:53:40 | INFO | app | HTTP GET /api/stockrequest -> 200 17.5ms request_id=71da36203c51 user_id=3
2026-09-10 14:53:42 | INFO | app | HTTP GET /stockout -> 200 5.5ms request_id=784fc56e57e0 user_id=3
2026-09-10 14:53:42 | INFO | app | HTTP GET /static/css/app.css -> 304 1.5ms request_id=d2e891210606 user_id=3
2026-09-10 14:53:42 | INFO | app | HTTP GET /static/css/components.css -> 304 10.6ms request_id=87f8df90535c user_id=3
2026-09-10 14:53:42 | INFO | app | HTTP GET /static/js/app.js -> 304 9.5ms request_id=fe284c9ff4a4 user_id=3
2026-09-10 14:53:42 | INFO | app | HTTP GET /static/js/stockout.js -> 304 5.7ms request_id=fa0c615e784d user_id=3
2026-09-10 14:53:42 | INFO | app | HTTP GET /api/stockout -> 200 24.1ms request_id=01a7fc846459 user_id=3
2026-09-10 14:53:43 | INFO | app | HTTP GET /requests -> 200 5.3ms request_id=28294c10050d user_id=3
2026-09-10 14:53:43 | INFO | app | HTTP GET /static/css/app.css -> 304 0.7ms request_id=470bf4689e3d user_id=3
2026-09-10 14:53:43 | INFO | app | HTTP GET /static/css/components.css -> 304 10.8ms request_id=c8a573296c89 user_id=3
2026-09-10 14:53:43 | INFO | app | HTTP GET /static/js/app.js -> 304 7.9ms request_id=c2b79a332c13 user_id=3
2026-09-10 14:53:43 | INFO | app | HTTP GET /static/js/stockrequest.js -> 304 17.0ms request_id=6291e8058398 user_id=3
2026-09-10 14:53:43 | INFO | app | HTTP GET /api/stockrequest -> 200 17.6ms request_id=d85b08573af0 user_id=3
2026-09-10 14:53:44 | INFO | app | HTTP GET /files -> 200 43.5ms request_id=84da85af6fa0 user_id=3
2026-09-10 14:53:44 | INFO | app | HTTP GET /static/css/app.css -> 304 1.7ms request_id=1a37735ede8e user_id=3
2026-09-10 14:53:44 | INFO | app | HTTP GET /static/css/components.css -> 304 3.9ms request_id=76385d6ddf83 user_id=3
2026-09-10 14:53:44 | INFO | app | HTTP GET /static/js/app.js -> 304 1.8ms request_id=12c9f235f90a user_id=3
2026-09-10 14:53:45 | INFO | app | HTTP GET /files/1 -> 200 19.4ms request_id=d90a8b23ba49 user_id=3
2026-09-10 14:53:45 | INFO | app | HTTP GET /static/css/app.css -> 304 2.2ms request_id=5a83a33c873f user_id=3
2026-09-10 14:53:45 | INFO | app | HTTP GET /static/css/components.css -> 304 1.9ms request_id=64d37d4eda5c user_id=3
2026-09-10 14:53:46 | INFO | app | HTTP GET /static/js/app.js -> 304 10.7ms request_id=9629183c5d1d user_id=3
2026-09-10 14:53:46 | INFO | app | HTTP GET /static/js/sheet.js -> 304 10.3ms request_id=044e4593b8a7 user_id=3
2026-09-10 14:53:46 | INFO | app | HTTP GET /api/sheets/1 -> 200 18.1ms request_id=cc8dad8eb7c7 user_id=3
2026-09-10 14:53:46 | INFO | app | HTTP GET /api/filters -> 200 53.8ms request_id=a051aaef3a71 user_id=3
2026-09-10 14:53:46 | INFO | app.routes.inventory | Inventory search | file_id=1 | sheet_ids=None | q_present=False | low_only=False
2026-09-10 14:53:46 | INFO | app | HTTP GET /api/search -> 200 24.4ms request_id=aac630ff089d user_id=3
2026-09-10 15:01:18 | INFO | app.routes.inventory | Inventory search | file_id=1 | sheet_ids=None | q_present=False | low_only=False
2026-09-10 15:01:18 | INFO | app | HTTP GET /api/search -> 200 183.1ms request_id=e3102993c29f user_id=3
2026-09-10 15:02:09 | INFO | app | HTTP GET /stockout -> 200 29.8ms request_id=6b43a4856dac user_id=3
2026-09-10 15:02:09 | INFO | app | HTTP GET /static/css/app.css -> 304 5.5ms request_id=c70f683b7348 user_id=3
2026-09-10 15:02:09 | INFO | app | HTTP GET /static/css/components.css -> 304 0.8ms request_id=b40c26aa1aac user_id=3
2026-09-10 15:02:09 | INFO | app | HTTP GET /static/js/app.js -> 304 1.2ms request_id=e1a59a027059 user_id=3
2026-09-10 15:02:09 | INFO | app | HTTP GET /static/js/stockout.js -> 304 1.6ms request_id=2196c2168d8a user_id=3
2026-09-10 15:02:09 | INFO | app | HTTP GET /api/stockout -> 200 25.6ms request_id=645ce7f90e9f user_id=3
2026-09-10 15:02:10 | INFO | app | HTTP GET /requests -> 200 2.8ms request_id=80f13096d0c0 user_id=3
2026-09-10 15:02:10 | INFO | app | HTTP GET /static/css/app.css -> 304 4.2ms request_id=7f1e5ab749f0 user_id=3
2026-09-10 15:02:10 | INFO | app | HTTP GET /static/css/components.css -> 304 5.1ms request_id=ff0763a00bff user_id=3
2026-09-10 15:02:10 | INFO | app | HTTP GET /static/js/app.js -> 304 3.6ms request_id=2721e77b2c7f user_id=3
2026-09-10 15:02:10 | INFO | app | HTTP GET /static/js/stockrequest.js -> 304 5.0ms request_id=fa08ce6334b2 user_id=3
2026-09-10 15:02:10 | INFO | app | HTTP GET /api/stockrequest -> 200 14.3ms request_id=8d88ed88c195 user_id=3
2026-09-10 15:05:18 | INFO | app | HTTP GET /requests -> 200 5.4ms request_id=ff23b8a4e1e5 user_id=3
2026-09-10 15:05:18 | INFO | app | HTTP GET /static/css/app.css -> 304 3.1ms request_id=2beeca07a609 user_id=3
2026-09-10 15:05:18 | INFO | app | HTTP GET /static/css/components.css -> 304 1.8ms request_id=6ef26a3ce71b user_id=3
2026-09-10 15:05:18 | INFO | app | HTTP GET /static/js/stockrequest.js -> 304 3.8ms request_id=2f76662065b6 user_id=3
2026-09-10 15:05:18 | INFO | app | HTTP GET /static/js/app.js -> 304 7.5ms request_id=5db0989777f8 user_id=3
2026-09-10 15:05:18 | INFO | app | HTTP GET /api/stockrequest -> 200 32.5ms request_id=ee45d11af9b7 user_id=3
2026-09-10 15:08:20 | INFO | app | HTTP GET /files -> 200 40.8ms request_id=676253151fe1 user_id=3
2026-09-10 15:08:20 | INFO | app | HTTP GET /static/css/app.css -> 304 1.3ms request_id=2b40d9fd5eed user_id=3
2026-09-10 15:08:20 | INFO | app | HTTP GET /static/css/components.css -> 304 2.6ms request_id=6a26b7a0caae user_id=3
2026-09-10 15:08:20 | INFO | app | HTTP GET /static/js/app.js -> 304 4.8ms request_id=98d747349aff user_id=3
2026-09-10 15:08:21 | INFO | app | HTTP GET / -> 200 25.0ms request_id=d02b01ef6c03 user_id=3
2026-09-10 15:08:21 | INFO | app | HTTP GET /static/css/app.css -> 304 2.3ms request_id=f962edf98997 user_id=3
2026-09-10 15:08:21 | INFO | app | HTTP GET /static/js/dashboard.js -> 304 2.1ms request_id=f418961feb61 user_id=3
2026-09-10 15:08:21 | INFO | app | HTTP GET /static/css/components.css -> 304 1.9ms request_id=bf33cd510326 user_id=3
2026-09-10 15:08:21 | INFO | app | HTTP GET /static/js/app.js -> 304 4.7ms request_id=70d8a6b87f81 user_id=3
2026-09-10 15:08:26 | INFO | app | HTTP GET /chat -> 200 6.0ms request_id=40acccea1010 user_id=3
2026-09-10 15:08:26 | INFO | app | HTTP GET /static/css/app.css -> 304 1.7ms request_id=608a5a1b3fee user_id=3
2026-09-10 15:08:26 | INFO | app | HTTP GET /static/css/components.css -> 304 1.2ms request_id=036ce0a78145 user_id=3
2026-09-10 15:08:27 | INFO | app | HTTP GET /static/js/chat.js -> 304 2.1ms request_id=816a5f6329b9 user_id=3
2026-09-10 15:08:27 | INFO | app | HTTP GET /static/js/app.js -> 304 2.7ms request_id=2b3020025738 user_id=3
2026-09-10 15:08:27 | INFO | app | HTTP GET /api/files -> 200 8.1ms request_id=51e53654aae5 user_id=3
2026-09-10 15:08:27 | INFO | app | HTTP GET /upload -> 200 136.9ms request_id=4c87fd8f1ffb user_id=3
2026-09-10 15:08:27 | INFO | app | HTTP GET /static/css/app.css -> 304 0.5ms request_id=a69df4ad3525 user_id=3
2026-09-10 15:08:27 | INFO | app | HTTP GET /static/css/components.css -> 304 1.9ms request_id=351eb920cfd5 user_id=3
2026-09-10 15:08:28 | INFO | app | HTTP GET /static/js/app.js -> 304 0.9ms request_id=dfb2bd481c7e user_id=3
2026-09-10 15:08:29 | INFO | app | HTTP GET /stockout -> 200 9.7ms request_id=39931c64987e user_id=3
2026-09-10 15:08:29 | INFO | app | HTTP GET /static/css/app.css -> 304 3.3ms request_id=5395762b4c26 user_id=3
2026-09-10 15:08:29 | INFO | app | HTTP GET /static/css/components.css -> 304 0.8ms request_id=70eb523829fe user_id=3
2026-09-10 15:08:29 | INFO | app | HTTP GET /static/js/app.js -> 304 4.2ms request_id=519c3a8ac74d user_id=3
2026-09-10 15:08:29 | INFO | app | HTTP GET /static/js/stockout.js -> 304 5.0ms request_id=c149b51f7798 user_id=3
2026-09-10 15:08:29 | INFO | app | HTTP GET /api/stockout -> 200 15.6ms request_id=876ce941f295 user_id=3
2026-09-10 17:30:59 | INFO | app | HTTP GET / -> 200 224.1ms request_id=6d1a38f621a0 user_id=3
2026-09-10 17:30:59 | INFO | app | HTTP GET /static/css/app.css -> 304 2.3ms request_id=00ad9ced76ab user_id=3
2026-09-10 17:31:00 | INFO | app | HTTP GET /static/js/app.js -> 304 2.3ms request_id=5a88b48e291d user_id=3
2026-09-10 17:31:00 | INFO | app | HTTP GET /static/js/dashboard.js -> 304 2.9ms request_id=b7efcb5a3ccb user_id=3
2026-09-10 17:31:00 | INFO | app | HTTP GET /static/css/components.css -> 304 2.9ms request_id=8be432b40973 user_id=3
2026-09-10 17:31:10 | INFO | app | HTTP GET /files -> 200 24.5ms request_id=5258d0e9ea96 user_id=3
2026-09-10 17:31:11 | INFO | app | HTTP GET /static/css/app.css -> 304 4.0ms request_id=5772071fcadc user_id=3
2026-09-10 17:31:11 | INFO | app | HTTP GET /static/css/components.css -> 304 4.1ms request_id=a276f6f65ee2 user_id=3
2026-09-10 17:31:11 | INFO | app | HTTP GET /static/js/app.js -> 304 2.5ms request_id=b214918146ee user_id=3
2026-09-10 17:31:13 | INFO | app | HTTP GET /files/1 -> 200 12.7ms request_id=bbec55298aaa user_id=3
2026-09-10 17:31:13 | INFO | app | HTTP GET /static/css/app.css -> 304 0.8ms request_id=7e7213fff830 user_id=3
2026-09-10 17:31:13 | INFO | app | HTTP GET /static/css/components.css -> 304 2.5ms request_id=df5dc27c749f user_id=3
2026-09-10 17:31:13 | INFO | app | HTTP GET /static/js/sheet.js -> 304 4.9ms request_id=ac6964e7e22f user_id=3
2026-09-10 17:31:13 | INFO | app | HTTP GET /static/js/app.js -> 304 3.8ms request_id=3cc0c5eb7494 user_id=3
2026-09-10 17:31:13 | INFO | app | HTTP GET /api/sheets/1 -> 200 52.3ms request_id=43fa576ec95f user_id=3
2026-09-10 17:31:14 | INFO | app | HTTP GET /api/filters -> 200 212.2ms request_id=7071a43e2fc2 user_id=3
2026-09-10 17:31:14 | INFO | app.routes.inventory | Inventory search | file_id=1 | sheet_ids=None | q_present=False | low_only=False
2026-09-10 17:31:14 | INFO | app | HTTP GET /api/search -> 200 85.3ms request_id=56c79f24d379 user_id=3
2026-09-10 17:31:27 | INFO | app.routes.stockout | Auto stock-request created | row_id=135 | quantity=2.0
2026-09-10 17:31:27 | INFO | app.routes.stockout | Stock-out recorded | row_id=135 | site=국제성모 | quantity=4.0 | user_id=3
2026-09-10 17:31:27 | INFO | app | HTTP POST /api/stockout -> 200 240.6ms request_id=48c46fa20388 user_id=3
2026-09-10 17:31:27 | INFO | app.routes.inventory | Inventory search | file_id=1 | sheet_ids=None | q_present=False | low_only=False
2026-09-10 17:31:27 | INFO | app | HTTP GET /api/search -> 200 20.3ms request_id=716a85655811 user_id=3
2026-09-10 17:31:30 | INFO | app | HTTP GET /stockout -> 200 7.5ms request_id=528a48770123 user_id=3
2026-09-10 17:31:30 | INFO | app | HTTP GET /static/css/app.css -> 304 0.9ms request_id=776e30f823ff user_id=3
2026-09-10 17:31:30 | INFO | app | HTTP GET /static/css/components.css -> 304 2.5ms request_id=79e8a3fc5430 user_id=3
2026-09-10 17:31:30 | INFO | app | HTTP GET /static/js/app.js -> 304 2.7ms request_id=4f5bdd0d4bec user_id=3
2026-09-10 17:31:30 | INFO | app | HTTP GET /static/js/stockout.js -> 304 2.4ms request_id=baffa877196b user_id=3
2026-09-10 17:31:30 | INFO | app | HTTP GET /api/stockout -> 200 15.1ms request_id=107348fbc6ae user_id=3
2026-09-10 17:31:35 | INFO | app | HTTP GET /requests -> 200 6.6ms request_id=609f27c968ac user_id=3
2026-09-10 17:31:35 | INFO | app | HTTP GET /static/css/app.css -> 304 1.3ms request_id=8851307bbabd user_id=3
2026-09-10 17:31:35 | INFO | app | HTTP GET /static/css/components.css -> 304 1.3ms request_id=0e25157baf33 user_id=3
2026-09-10 17:31:35 | INFO | app | HTTP GET /static/js/app.js -> 304 1.6ms request_id=dfb6c961385b user_id=3
2026-09-10 17:31:35 | INFO | app | HTTP GET /static/js/stockrequest.js -> 304 2.2ms request_id=f361e3344d0c user_id=3
2026-09-10 17:31:35 | INFO | app | HTTP GET /api/stockrequest -> 200 13.1ms request_id=381aa450fa2f user_id=3
2026-09-10 17:31:46 | INFO | app.routes.stockrequest | Stock-request approved | request_id=3 | admin_id=3
2026-09-10 17:31:46 | INFO | app | HTTP POST /api/stockrequest/3/approve -> 200 59.8ms request_id=dc42ca0a1ceb user_id=3
2026-09-10 17:31:46 | INFO | app | HTTP GET /api/stockrequest -> 200 20.0ms request_id=3fc0ec0b9651 user_id=3
2026-09-10 17:32:05 | INFO | app.routes.stockrequest | Stock-request arrived (auto stock-in) | request_id=3 | row_id=135 | quantity=2.0 | admin_id=3
2026-09-10 17:32:05 | INFO | app | HTTP POST /api/stockrequest/3/arrive -> 200 39.2ms request_id=b3ab4ad28d04 user_id=3
2026-09-10 17:32:05 | INFO | app | HTTP GET /api/stockrequest -> 200 17.8ms request_id=8fb41adf6ed6 user_id=3
2026-09-10 17:32:12 | INFO | app | HTTP GET /files -> 200 7.7ms request_id=c576e207efc5 user_id=3
2026-09-10 17:32:12 | INFO | app | HTTP GET /static/css/app.css -> 304 0.7ms request_id=7c60c29345ea user_id=3
2026-09-10 17:32:12 | INFO | app | HTTP GET /static/css/components.css -> 304 2.4ms request_id=cd8458a768bf user_id=3
2026-09-10 17:32:12 | INFO | app | HTTP GET /static/js/app.js -> 304 1.4ms request_id=a6f2f643c70b user_id=3
2026-09-10 17:32:13 | INFO | app | HTTP GET /files/1 -> 200 11.9ms request_id=cf528cc1cd9b user_id=3
2026-09-10 17:32:13 | INFO | app | HTTP GET /static/css/app.css -> 304 2.3ms request_id=52a2fc9f385d user_id=3
2026-09-10 17:32:13 | INFO | app | HTTP GET /static/css/components.css -> 304 2.0ms request_id=12d6c44ba56a user_id=3
2026-09-10 17:32:14 | INFO | app | HTTP GET /static/js/app.js -> 304 6.2ms request_id=73ba208d6e5b user_id=3
2026-09-10 17:32:14 | INFO | app | HTTP GET /static/js/sheet.js -> 304 6.0ms request_id=dd9b451bad36 user_id=3
2026-09-10 17:32:14 | INFO | app | HTTP GET /api/sheets/1 -> 200 8.1ms request_id=c692d45ec234 user_id=3
2026-09-10 17:32:14 | INFO | app | HTTP GET /api/filters -> 200 47.6ms request_id=5e7e75d95c36 user_id=3
2026-09-10 17:32:14 | INFO | app.routes.inventory | Inventory search | file_id=1 | sheet_ids=None | q_present=False | low_only=False
2026-09-10 17:32:14 | INFO | app | HTTP GET /api/search -> 200 59.1ms request_id=a25abb30bfe9 user_id=3
2026-09-10 17:32:27 | INFO | app.routes.stockrequest | Manual stock-request created | row_id=135 | quantity=1.0 | user_id=3
2026-09-10 17:32:27 | INFO | app | HTTP POST /api/stockrequest -> 200 45.8ms request_id=0e02da0ac770 user_id=3
2026-09-10 17:32:28 | INFO | app | HTTP GET /requests -> 200 2.8ms request_id=aab2f5f8c551 user_id=3
2026-09-10 17:32:29 | INFO | app | HTTP GET /static/css/app.css -> 304 0.9ms request_id=b4439e9119c7 user_id=3
2026-09-10 17:32:29 | INFO | app | HTTP GET /static/css/components.css -> 304 0.8ms request_id=82ff6196839d user_id=3
2026-09-10 17:32:29 | INFO | app | HTTP GET /static/js/app.js -> 304 0.6ms request_id=1a907ea6e565 user_id=3
2026-09-10 17:32:29 | INFO | app | HTTP GET /static/js/stockrequest.js -> 304 1.6ms request_id=1f249b737263 user_id=3
2026-09-10 17:32:29 | INFO | app | HTTP GET /api/stockrequest -> 200 9.5ms request_id=f15f6a84d0da user_id=3
2026-09-10 17:32:34 | INFO | app.routes.stockrequest | Stock-request approved | request_id=4 | admin_id=3
2026-09-10 17:32:34 | INFO | app | HTTP POST /api/stockrequest/4/approve -> 200 47.3ms request_id=ded4016f29fb user_id=3
2026-09-10 17:32:35 | INFO | app | HTTP GET /api/stockrequest -> 200 29.1ms request_id=adb19bc3e889 user_id=3
2026-09-10 17:32:36 | INFO | app | HTTP GET /requests -> 200 11.7ms request_id=f4a0a4559f31 user_id=3
2026-09-10 17:32:37 | INFO | app | HTTP GET /static/css/app.css -> 304 1.3ms request_id=fd03fbe95f79 user_id=3
2026-09-10 17:32:37 | INFO | app | HTTP GET /static/js/app.js -> 304 9.2ms request_id=b9c5f91d9b23 user_id=3
2026-09-10 17:32:37 | INFO | app | HTTP GET /static/css/components.css -> 304 7.8ms request_id=64eef9c779d0 user_id=3
2026-09-10 17:32:37 | INFO | app | HTTP GET /static/js/stockrequest.js -> 304 8.5ms request_id=4b82fc05f568 user_id=3
2026-09-10 17:32:37 | INFO | app | HTTP GET /api/stockrequest -> 200 24.4ms request_id=5b9fa3d97611 user_id=3
2026-09-10 17:32:38 | INFO | app.routes.stockrequest | Stock-request arrived (auto stock-in) | request_id=4 | row_id=135 | quantity=1.0 | admin_id=3
2026-09-10 17:32:38 | INFO | app | HTTP POST /api/stockrequest/4/arrive -> 200 38.7ms request_id=16f993f61774 user_id=3
2026-09-10 17:32:38 | INFO | app | HTTP GET /api/stockrequest -> 200 19.1ms request_id=6c863d6747d1 user_id=3
2026-09-10 17:32:40 | INFO | app | HTTP GET /requests -> 200 4.4ms request_id=43e302940c2a user_id=3
2026-09-10 17:32:40 | INFO | app | HTTP GET /static/css/app.css -> 304 3.2ms request_id=5ed702647efb user_id=3
2026-09-10 17:32:40 | INFO | app | HTTP GET /static/js/stockrequest.js -> 304 5.2ms request_id=6fe553fa5977 user_id=3
2026-09-10 17:32:40 | INFO | app | HTTP GET /static/css/components.css -> 304 4.3ms request_id=89cca9a2be1f user_id=3
2026-09-10 17:32:40 | INFO | app | HTTP GET /static/js/app.js -> 304 5.2ms request_id=a4d48116a877 user_id=3
2026-09-10 17:32:41 | INFO | app | HTTP GET /api/stockrequest -> 200 7.3ms request_id=2b248688f4f8 user_id=3
2026-09-10 17:33:31 | INFO | app | HTTP GET /chat -> 200 7.0ms request_id=4e1277af1536 user_id=3
2026-09-10 17:33:31 | INFO | app | HTTP GET /static/css/app.css -> 304 2.0ms request_id=035bccf5dfb5 user_id=3
2026-09-10 17:33:31 | INFO | app | HTTP GET /static/css/components.css -> 304 4.3ms request_id=a76386a53728 user_id=3
2026-09-10 17:33:31 | INFO | app | HTTP GET /static/js/app.js -> 304 3.5ms request_id=9feb1657fcd4 user_id=3
2026-09-10 17:33:31 | INFO | app | HTTP GET /static/js/chat.js -> 304 4.6ms request_id=8722adbbadb1 user_id=3
2026-09-10 17:33:31 | INFO | app | HTTP GET /api/files -> 200 5.4ms request_id=74dd05055aa7 user_id=3
2026-09-10 17:33:31 | INFO | app | HTTP GET /requests -> 200 9.3ms request_id=2f42ffded684 user_id=3
2026-09-10 17:33:32 | INFO | app | HTTP GET /static/css/app.css -> 304 1.0ms request_id=27b851195605 user_id=3
2026-09-10 17:33:32 | INFO | app | HTTP GET /static/css/components.css -> 304 1.3ms request_id=e7699b362281 user_id=3
2026-09-10 17:33:32 | INFO | app | HTTP GET /static/js/app.js -> 304 4.8ms request_id=1a0797db873f user_id=3
2026-09-10 17:33:32 | INFO | app | HTTP GET /static/js/stockrequest.js -> 304 6.3ms request_id=4837b69278b9 user_id=3
2026-09-10 17:33:32 | INFO | app | HTTP GET /files -> 200 12.1ms request_id=b99cf5b8df6d user_id=3
2026-09-10 17:33:32 | INFO | app | HTTP GET /static/css/app.css -> 304 1.2ms request_id=fafc2604e90e user_id=3
2026-09-10 17:33:32 | INFO | app | HTTP GET /static/css/components.css -> 304 0.6ms request_id=57021572eaf5 user_id=3
2026-09-10 17:33:33 | INFO | app | HTTP GET /static/js/app.js -> 304 1.2ms request_id=3d7f3012351d user_id=3
2026-09-10 17:33:33 | INFO | app | HTTP GET /api/stockrequest -> 200 10.1ms request_id=37e3af0df1cb user_id=3
2026-09-11 09:14:30 | INFO | app | StockFlow logging initialized | level=INFO | dir=logs
2026-09-11 09:14:34 | INFO | app | Flask application initialized
2026-09-11 09:14:42 | INFO | app | HTTP GET / -> 302 1.3ms request_id=a7e75ac5f441 user_id=-
2026-09-11 09:14:42 | INFO | app | HTTP GET /login -> 200 76.4ms request_id=57d794084d2e user_id=-
2026-09-11 09:14:42 | INFO | app | HTTP GET /static/css/app.css -> 304 14.1ms request_id=c3f320c507de user_id=-
2026-09-11 09:14:43 | INFO | app | HTTP GET /favicon.ico -> 404 0.3ms request_id=4b7e51db54bb user_id=-
2026-09-11 09:14:47 | INFO | app.routes.auth | Login attempt | username=admin1234
2026-09-11 09:14:47 | INFO | app.routes.auth | Login success | user_id=3 | username=admin1234
2026-09-11 09:14:47 | INFO | app | HTTP POST /login -> 302 291.4ms request_id=fb753bedfa53 user_id=3
2026-09-11 09:14:47 | INFO | app | HTTP GET / -> 200 267.2ms request_id=4a01ed2f88f3 user_id=3
2026-09-11 09:14:48 | INFO | app | HTTP GET /static/css/app.css -> 304 4.7ms request_id=e48ce954a983 user_id=3
2026-09-11 09:14:48 | INFO | app | HTTP GET /static/css/components.css -> 304 19.5ms request_id=e37f1878d3a7 user_id=3
2026-09-11 09:14:48 | INFO | app | HTTP GET /static/js/dashboard.js -> 304 62.8ms request_id=ce2643bb2373 user_id=3
2026-09-11 09:14:48 | INFO | app | HTTP GET /static/js/app.js -> 304 86.3ms request_id=d582cd430dcc user_id=3
2026-09-11 09:15:02 | INFO | app | HTTP GET /stockin -> 200 33.7ms request_id=87873f687c1c user_id=3
2026-09-11 09:15:02 | INFO | app | HTTP GET /static/css/app.css -> 304 2.2ms request_id=8db1896fd353 user_id=3
2026-09-11 09:15:02 | INFO | app | HTTP GET /static/css/components.css -> 304 3.7ms request_id=594a78104dee user_id=3
2026-09-11 09:15:02 | INFO | app | HTTP GET /static/js/app.js -> 304 3.5ms request_id=72e024cdf4e6 user_id=3
2026-09-11 09:15:02 | INFO | app | HTTP GET /static/js/stockin.js -> 200 3.6ms request_id=84e1907ce681 user_id=3
2026-09-11 09:15:02 | INFO | app | HTTP GET /api/stockin -> 200 36.3ms request_id=bdaffe56f852 user_id=3
2026-09-11 09:15:04 | INFO | app | HTTP GET /requests -> 200 17.7ms request_id=90382710aa87 user_id=3
2026-09-11 09:15:05 | INFO | app | HTTP GET /static/css/app.css -> 304 2.1ms request_id=d17dbec1cd38 user_id=3
2026-09-11 09:15:05 | INFO | app | HTTP GET /static/js/app.js -> 304 1.7ms request_id=51b383211fc9 user_id=3
2026-09-11 09:15:05 | INFO | app | HTTP GET /static/css/components.css -> 304 3.6ms request_id=3144c1693dbe user_id=3
2026-09-11 09:15:05 | INFO | app | HTTP GET /static/js/stockrequest.js -> 200 48.8ms request_id=9f831be92015 user_id=3
2026-09-11 09:15:05 | INFO | app | HTTP GET /api/stockrequest -> 200 50.8ms request_id=b29a2c62af69 user_id=3
2026-09-11 09:15:55 | INFO | app | HTTP GET /chat -> 200 19.8ms request_id=1c622dc4357e user_id=3
2026-09-11 09:15:55 | INFO | app | HTTP GET /static/css/app.css -> 304 2.1ms request_id=d8aeed7d7381 user_id=3
2026-09-11 09:15:55 | INFO | app | HTTP GET /static/css/components.css -> 304 5.9ms request_id=34f45fcf42aa user_id=3
2026-09-11 09:15:55 | INFO | app | HTTP GET /static/js/app.js -> 304 10.2ms request_id=87fd126e9bed user_id=3
2026-09-11 09:15:55 | INFO | app | HTTP GET /static/js/chat.js -> 304 66.5ms request_id=0eb48f1d1896 user_id=3
2026-09-11 09:15:56 | INFO | app | HTTP GET /api/files -> 200 6.3ms request_id=1d263b5dac45 user_id=3
2026-09-11 09:15:56 | INFO | app | HTTP GET /upload -> 200 25.3ms request_id=597409aeac1f user_id=3
2026-09-11 09:15:56 | INFO | app | HTTP GET /static/css/app.css -> 304 1.4ms request_id=7e78d9e525c7 user_id=3
2026-09-11 09:15:56 | INFO | app | HTTP GET /static/css/components.css -> 304 3.0ms request_id=acbb2d4f7dbc user_id=3
2026-09-11 09:15:56 | INFO | app | HTTP GET /static/js/app.js -> 304 3.8ms request_id=7bf198a74102 user_id=3
2026-09-11 09:15:57 | INFO | app | HTTP GET /requests -> 200 3.4ms request_id=16733179a8b3 user_id=3
2026-09-11 09:15:58 | INFO | app | HTTP GET /static/css/app.css -> 304 1.5ms request_id=fddc9e6fda51 user_id=3
2026-09-11 09:15:58 | INFO | app | HTTP GET /static/js/app.js -> 304 4.3ms request_id=a9af4778dac4 user_id=3
2026-09-11 09:15:58 | INFO | app | HTTP GET /static/js/stockrequest.js -> 304 4.6ms request_id=98eeff7e954f user_id=3
2026-09-11 09:15:58 | INFO | app | HTTP GET /static/css/components.css -> 304 3.5ms request_id=8c6f4f347174 user_id=3
2026-09-11 09:15:58 | INFO | app | HTTP GET /api/stockrequest -> 200 17.1ms request_id=30254521fa95 user_id=3
2026-09-11 09:15:59 | INFO | app | HTTP GET /stockin -> 200 2.9ms request_id=c80a1aaee45b user_id=3
2026-09-11 09:15:59 | INFO | app | HTTP GET /static/css/app.css -> 304 0.6ms request_id=d1f8057cad7e user_id=3
2026-09-11 09:15:59 | INFO | app | HTTP GET /static/css/components.css -> 304 2.4ms request_id=6490bbe37f16 user_id=3
2026-09-11 09:15:59 | INFO | app | HTTP GET /static/js/stockin.js -> 304 2.4ms request_id=b64217345a38 user_id=3
2026-09-11 09:15:59 | INFO | app | HTTP GET /static/js/app.js -> 304 2.4ms request_id=baf0f78d00d5 user_id=3
2026-09-11 09:15:59 | INFO | app | HTTP GET /api/stockin -> 200 6.9ms request_id=c7f1003da44a user_id=3
2026-09-11 09:16:00 | INFO | app | HTTP GET /stockout -> 200 21.8ms request_id=ca74419d9821 user_id=3
2026-09-11 09:16:00 | INFO | app | HTTP GET /static/css/app.css -> 304 0.6ms request_id=ed17cd6ca11d user_id=3
2026-09-11 09:16:00 | INFO | app | HTTP GET /static/css/components.css -> 304 3.0ms request_id=7525b23ab394 user_id=3
2026-09-11 09:16:00 | INFO | app | HTTP GET /static/js/app.js -> 304 2.1ms request_id=f9e8a79e1f83 user_id=3
2026-09-11 09:16:00 | INFO | app | HTTP GET /static/js/stockout.js -> 304 37.7ms request_id=0621da52a122 user_id=3
2026-09-11 09:16:01 | INFO | app | HTTP GET /api/stockout -> 200 20.2ms request_id=d00c22abbc5a user_id=3
2026-09-11 09:16:03 | INFO | app | HTTP GET /files -> 200 104.9ms request_id=41804f562cb6 user_id=3
2026-09-11 09:16:04 | INFO | app | HTTP GET /static/css/app.css -> 304 1.1ms request_id=50e505da88be user_id=3
2026-09-11 09:16:04 | INFO | app | HTTP GET /static/css/components.css -> 304 1.6ms request_id=3ed3802692ee user_id=3
2026-09-11 09:16:04 | INFO | app | HTTP GET /static/js/app.js -> 304 1.7ms request_id=095b7d3c1aa2 user_id=3
2026-09-11 09:16:05 | INFO | app | HTTP GET / -> 200 23.0ms request_id=f7e6b054e149 user_id=3
2026-09-11 09:16:05 | INFO | app | HTTP GET /static/css/app.css -> 304 1.4ms request_id=16a034903bb4 user_id=3
2026-09-11 09:16:05 | INFO | app | HTTP GET /static/css/components.css -> 304 0.7ms request_id=5bd9989435ed user_id=3
2026-09-11 09:16:05 | INFO | app | HTTP GET /static/js/dashboard.js -> 304 0.7ms request_id=c3fce68cbfcc user_id=3
2026-09-11 09:16:05 | INFO | app | HTTP GET /static/js/app.js -> 304 2.2ms request_id=ca23dbd23023 user_id=3
2026-09-11 09:16:08 | INFO | app | HTTP GET /files/1 -> 200 52.4ms request_id=fd15b357a574 user_id=3
2026-09-11 09:16:08 | INFO | app | HTTP GET /static/css/app.css -> 304 2.0ms request_id=853d3c7f4009 user_id=3
2026-09-11 09:16:08 | INFO | app | HTTP GET /static/js/app.js -> 304 3.5ms request_id=c3e46452c29d user_id=3
2026-09-11 09:16:08 | INFO | app | HTTP GET /static/css/components.css -> 304 8.5ms request_id=d8aa4cf8488c user_id=3
2026-09-11 09:16:08 | INFO | app | HTTP GET /static/js/sheet.js -> 304 62.2ms request_id=56d3442434c6 user_id=3
2026-09-11 09:16:08 | INFO | app | HTTP GET /api/sheets/1 -> 200 24.6ms request_id=4ee46a20c126 user_id=3
2026-09-11 09:16:09 | INFO | app | HTTP GET /api/filters -> 200 19.4ms request_id=9b26363040c9 user_id=3
2026-09-11 09:16:09 | INFO | app.routes.inventory | Inventory search | file_id=1 | sheet_ids=None | q_present=False | low_only=False
2026-09-11 09:16:09 | INFO | app | HTTP GET /api/search -> 200 30.1ms request_id=a72b5604225f user_id=3
2026-09-11 09:16:11 | INFO | app | HTTP GET /requests -> 200 5.2ms request_id=262a4feed20b user_id=3
2026-09-11 09:16:11 | INFO | app | HTTP GET /static/css/app.css -> 304 1.7ms request_id=01df761294f4 user_id=3
2026-09-11 09:16:11 | INFO | app | HTTP GET /static/css/components.css -> 304 3.8ms request_id=f1f68c9ad09c user_id=3
2026-09-11 09:16:11 | INFO | app | HTTP GET /static/js/app.js -> 304 1.7ms request_id=dc38f43438ea user_id=3
2026-09-11 09:16:11 | INFO | app | HTTP GET /static/js/stockrequest.js -> 304 3.6ms request_id=2900b79777f2 user_id=3
2026-09-11 09:16:11 | INFO | app | HTTP GET /api/stockrequest -> 200 26.5ms request_id=38d6e66c91d9 user_id=3
2026-09-11 09:16:12 | INFO | app | HTTP GET /chat -> 200 8.7ms request_id=c0db141ed130 user_id=3
2026-09-11 09:16:12 | INFO | app | HTTP GET /static/css/app.css -> 304 0.6ms request_id=12d9cf6f0dcc user_id=3
2026-09-11 09:16:12 | INFO | app | HTTP GET /static/css/components.css -> 304 4.9ms request_id=3e2a9367f915 user_id=3
2026-09-11 09:16:12 | INFO | app | HTTP GET /static/js/app.js -> 304 5.5ms request_id=cd7d077c9fce user_id=3
2026-09-11 09:16:12 | INFO | app | HTTP GET /static/js/chat.js -> 304 5.6ms request_id=82c861b63076 user_id=3
2026-09-11 09:16:12 | INFO | app | HTTP GET /api/files -> 200 5.1ms request_id=40574524eaf3 user_id=3
2026-09-11 09:16:24 | INFO | app | HTTP GET /requests -> 200 11.5ms request_id=b2cc70b2c71c user_id=3
2026-09-11 09:16:24 | INFO | app | HTTP GET /static/css/app.css -> 304 0.6ms request_id=668615b6d708 user_id=3
2026-09-11 09:16:24 | INFO | app | HTTP GET /static/css/components.css -> 304 2.7ms request_id=6ce558605905 user_id=3
2026-09-11 09:16:24 | INFO | app | HTTP GET /static/js/app.js -> 304 3.3ms request_id=a9aa23d7e951 user_id=3
2026-09-11 09:16:24 | INFO | app | HTTP GET /static/js/stockrequest.js -> 304 0.8ms request_id=40bd04abe8c6 user_id=3
2026-09-11 09:16:24 | INFO | app | HTTP GET /api/stockrequest -> 200 7.8ms request_id=96b8c67882dd user_id=3
2026-09-11 09:17:00 | INFO | app | HTTP GET /chat -> 200 5.1ms request_id=0b0cc6780c7a user_id=3
2026-09-11 09:17:00 | INFO | app | HTTP GET /static/css/app.css -> 304 0.6ms request_id=eab8d89a646b user_id=3
2026-09-11 09:17:00 | INFO | app | HTTP GET /static/css/components.css -> 304 0.5ms request_id=54791e4b2a50 user_id=3
2026-09-11 09:17:00 | INFO | app | HTTP GET /static/js/app.js -> 304 6.6ms request_id=5a72b12485d2 user_id=3
2026-09-11 09:17:00 | INFO | app | HTTP GET /static/js/chat.js -> 304 7.2ms request_id=3efbaf42b0c2 user_id=3
2026-09-11 09:17:00 | INFO | app | HTTP GET /api/files -> 200 7.5ms request_id=0891deb428af user_id=3
2026-09-11 09:17:15 | INFO | app | HTTP GET /files -> 200 6.3ms request_id=4cd2c8a7f6b1 user_id=3
2026-09-11 09:17:15 | INFO | app | HTTP GET /static/css/app.css -> 304 0.5ms request_id=7a2fdb16c27a user_id=3
2026-09-11 09:17:15 | INFO | app | HTTP GET /static/css/components.css -> 304 1.9ms request_id=bcc7c063d1fa user_id=3
2026-09-11 09:17:15 | INFO | app | HTTP GET /static/js/app.js -> 304 1.4ms request_id=a033ce6da84c user_id=3
2026-09-11 09:17:18 | INFO | app | HTTP GET /stockout -> 200 3.3ms request_id=f6506977e15c user_id=3
2026-09-11 09:17:19 | INFO | app | HTTP GET /static/css/app.css -> 304 0.8ms request_id=1b95a4ba5bfd user_id=3
2026-09-11 09:17:19 | INFO | app | HTTP GET /static/css/components.css -> 304 3.0ms request_id=5704a1e2eda5 user_id=3
2026-09-11 09:17:19 | INFO | app | HTTP GET /static/js/stockout.js -> 304 4.2ms request_id=8bcbe902ae19 user_id=3
2026-09-11 09:17:19 | INFO | app | HTTP GET /static/js/app.js -> 304 1.8ms request_id=80ebbe727a41 user_id=3
2026-09-11 09:17:19 | INFO | app | HTTP GET /api/stockout -> 200 26.5ms request_id=628f3e77c1b1 user_id=3
2026-09-11 09:17:20 | INFO | app | HTTP GET /stockin -> 200 3.3ms request_id=b20a8e0175b7 user_id=3
2026-09-11 09:17:20 | INFO | app | HTTP GET /static/css/app.css -> 304 0.9ms request_id=4f9c951a0782 user_id=3
2026-09-11 09:17:20 | INFO | app | HTTP GET /static/css/components.css -> 304 0.9ms request_id=0e255b38fd3f user_id=3
2026-09-11 09:17:20 | INFO | app | HTTP GET /static/js/app.js -> 304 3.3ms request_id=0a783cd41c82 user_id=3
2026-09-11 09:17:20 | INFO | app | HTTP GET /static/js/stockin.js -> 304 2.8ms request_id=d1d12f7df73e user_id=3
2026-09-11 09:17:21 | INFO | app | HTTP GET /api/stockin -> 200 21.8ms request_id=6a9764ba934a user_id=3
2026-09-11 09:17:46 | INFO | app | HTTP GET /stockin -> 200 3.2ms request_id=fef6a707a2ce user_id=3
2026-09-11 09:17:46 | INFO | app | HTTP GET /static/css/app.css -> 304 2.1ms request_id=d9dfd3a9be29 user_id=3
2026-09-11 09:17:46 | INFO | app | HTTP GET /static/css/components.css -> 304 6.0ms request_id=9bf53ef5c780 user_id=3
2026-09-11 09:17:46 | INFO | app | HTTP GET /static/js/app.js -> 304 4.6ms request_id=659b7573dd78 user_id=3
2026-09-11 09:17:46 | INFO | app | HTTP GET /static/js/stockin.js -> 304 5.5ms request_id=5230844aeecf user_id=3
2026-09-11 09:17:47 | INFO | app | HTTP GET /api/stockin -> 200 19.0ms request_id=71abf6af9589 user_id=3
2026-09-11 09:17:48 | INFO | app | HTTP GET /requests -> 200 3.7ms request_id=20728abf19c3 user_id=3
2026-09-11 09:17:48 | INFO | app | HTTP GET /static/css/app.css -> 304 2.0ms request_id=63ff63dc3072 user_id=3
2026-09-11 09:17:48 | INFO | app | HTTP GET /static/css/components.css -> 304 6.2ms request_id=8bcacd38d67a user_id=3
2026-09-11 09:17:48 | INFO | app | HTTP GET /static/js/app.js -> 304 7.0ms request_id=04c746636549 user_id=3
2026-09-11 09:17:48 | INFO | app | HTTP GET /static/js/stockrequest.js -> 304 6.0ms request_id=08c2a43b3ee7 user_id=3
2026-09-11 09:17:49 | INFO | app | HTTP GET /api/stockrequest -> 200 16.7ms request_id=b67b48ac4dc9 user_id=3
2026-09-11 09:17:54 | INFO | app | HTTP GET /stockout -> 200 4.5ms request_id=97a582dac894 user_id=3
2026-09-11 09:17:54 | INFO | app | HTTP GET /static/css/app.css -> 304 0.6ms request_id=6268ef2c4106 user_id=3
2026-09-11 09:17:54 | INFO | app | HTTP GET /static/js/stockout.js -> 304 1.5ms request_id=7c95cfcec943 user_id=3
2026-09-11 09:17:54 | INFO | app | HTTP GET /static/js/app.js -> 304 2.3ms request_id=e8488c4fdf0b user_id=3
2026-09-11 09:17:54 | INFO | app | HTTP GET /static/css/components.css -> 304 3.2ms request_id=591985d79a80 user_id=3
2026-09-11 09:17:55 | INFO | app | HTTP GET /api/stockout -> 200 34.8ms request_id=4b1e5cea1db3 user_id=3
2026-09-11 09:17:55 | INFO | app | HTTP GET /stockin -> 200 3.2ms request_id=62a10edcbd4f user_id=3
2026-09-11 09:17:56 | INFO | app | HTTP GET /static/css/app.css -> 304 1.0ms request_id=f700234bca9e user_id=3
2026-09-11 09:17:56 | INFO | app | HTTP GET /static/css/components.css -> 304 2.3ms request_id=6db07754750a user_id=3
2026-09-11 09:17:56 | INFO | app | HTTP GET /static/js/app.js -> 304 4.2ms request_id=597271a17645 user_id=3
2026-09-11 09:17:56 | INFO | app | HTTP GET /static/js/stockin.js -> 304 3.4ms request_id=616c07646b44 user_id=3
2026-09-11 09:17:56 | INFO | app | HTTP GET /api/stockin -> 200 10.7ms request_id=fa51bd468f7d user_id=3
2026-09-11 09:17:57 | INFO | app | HTTP GET /requests -> 200 2.9ms request_id=4df7b00ca30f user_id=3
2026-09-11 09:17:57 | INFO | app | HTTP GET /static/css/app.css -> 304 0.8ms request_id=441a367eb891 user_id=3
2026-09-11 09:17:58 | INFO | app | HTTP GET /static/css/components.css -> 304 3.9ms request_id=c33f44105d11 user_id=3
2026-09-11 09:17:58 | INFO | app | HTTP GET /static/js/stockrequest.js -> 304 2.0ms request_id=d5db78ef0a2c user_id=3
2026-09-11 09:17:58 | INFO | app | HTTP GET /static/js/app.js -> 304 3.3ms request_id=0688e541aac8 user_id=3
2026-09-11 09:17:58 | INFO | app | HTTP GET /api/stockrequest -> 200 7.3ms request_id=e7c60438f222 user_id=3
2026-09-11 09:18:04 | INFO | app | HTTP GET /stockin -> 200 4.4ms request_id=20afd86a172d user_id=3
2026-09-11 09:18:04 | INFO | app | HTTP GET /static/css/app.css -> 304 1.2ms request_id=9ea7bd838bf3 user_id=3
2026-09-11 09:18:04 | INFO | app | HTTP GET /static/css/components.css -> 304 4.6ms request_id=858fb14006de user_id=3
2026-09-11 09:18:04 | INFO | app | HTTP GET /static/js/app.js -> 304 3.6ms request_id=c74718f7a34a user_id=3
2026-09-11 09:18:04 | INFO | app | HTTP GET /static/js/stockin.js -> 304 4.3ms request_id=df836d2f8fec user_id=3
2026-09-11 09:18:05 | INFO | app | HTTP GET /api/stockin -> 200 16.2ms request_id=5ace37dbb286 user_id=3
2026-09-11 09:18:11 | INFO | app | HTTP GET /requests -> 200 3.8ms request_id=11dabf0deb9c user_id=3
2026-09-11 09:18:11 | INFO | app | HTTP GET /static/css/app.css -> 304 0.8ms request_id=af5767ddec55 user_id=3
2026-09-11 09:18:11 | INFO | app | HTTP GET /static/css/components.css -> 304 3.7ms request_id=d7a75142be37 user_id=3
2026-09-11 09:18:11 | INFO | app | HTTP GET /static/js/app.js -> 304 1.7ms request_id=56410babdeaf user_id=3
2026-09-11 09:18:11 | INFO | app | HTTP GET /static/js/stockrequest.js -> 304 3.2ms request_id=e30906c59a61 user_id=3
2026-09-11 09:18:12 | INFO | app | HTTP GET /api/stockrequest -> 200 6.6ms request_id=3ca51b25bf69 user_id=3
2026-09-11 09:18:12 | INFO | app | HTTP GET /files -> 200 9.0ms request_id=6e4be0ff7811 user_id=3
2026-09-11 09:18:12 | INFO | app | HTTP GET /static/css/app.css -> 304 1.3ms request_id=d4fd8a5f6258 user_id=3
2026-09-11 09:18:12 | INFO | app | HTTP GET /static/js/app.js -> 304 0.6ms request_id=b3f8d0f618f8 user_id=3
2026-09-11 09:18:12 | INFO | app | HTTP GET /static/css/components.css -> 304 2.5ms request_id=c8eab138a8d7 user_id=3
2026-09-11 09:18:14 | INFO | app | HTTP GET /stockout -> 200 4.2ms request_id=716bf5b2aa8f user_id=3
2026-09-11 09:18:14 | INFO | app | HTTP GET /static/css/app.css -> 304 3.7ms request_id=bd1fd3913dbf user_id=3
2026-09-11 09:18:14 | INFO | app | HTTP GET /static/css/components.css -> 304 2.0ms request_id=52543fbd62f5 user_id=3
2026-09-11 09:18:14 | INFO | app | HTTP GET /static/js/app.js -> 304 1.9ms request_id=3a7226fcadac user_id=3
2026-09-11 09:18:14 | INFO | app | HTTP GET /static/js/stockout.js -> 304 6.5ms request_id=c4ba51152742 user_id=3
2026-09-11 09:18:14 | INFO | app | HTTP GET /api/stockout -> 200 12.2ms request_id=d991c09cde75 user_id=3
2026-09-11 09:18:23 | INFO | app | HTTP GET /files -> 200 14.6ms request_id=f9d39027ac5b user_id=3
2026-09-11 09:18:23 | INFO | app | HTTP GET /static/css/app.css -> 304 0.9ms request_id=fbe008e7b577 user_id=3
2026-09-11 09:18:23 | INFO | app | HTTP GET /static/css/components.css -> 304 2.2ms request_id=44a1fe861c7e user_id=3
2026-09-11 09:18:23 | INFO | app | HTTP GET /static/js/app.js -> 304 2.3ms request_id=cc54effd7c9f user_id=3
2026-09-11 09:18:24 | INFO | app | HTTP GET /files/1 -> 200 6.9ms request_id=53205bcd53e8 user_id=3
2026-09-11 09:18:24 | INFO | app | HTTP GET /static/css/app.css -> 304 2.1ms request_id=f88c7b229c68 user_id=3
2026-09-11 09:18:24 | INFO | app | HTTP GET /static/css/components.css -> 304 5.3ms request_id=a16a3e3fd205 user_id=3
2026-09-11 09:18:24 | INFO | app | HTTP GET /static/js/sheet.js -> 304 5.9ms request_id=44289def39ca user_id=3
2026-09-11 09:18:24 | INFO | app | HTTP GET /static/js/app.js -> 304 5.6ms request_id=13393d4f2a5e user_id=3
2026-09-11 09:18:24 | INFO | app | HTTP GET /api/sheets/1 -> 200 15.1ms request_id=ccc52faaa109 user_id=3
2026-09-11 09:18:25 | INFO | app | HTTP GET /api/filters -> 200 21.3ms request_id=762efa39fac9 user_id=3
2026-09-11 09:18:25 | INFO | app.routes.inventory | Inventory search | file_id=1 | sheet_ids=None | q_present=False | low_only=False
2026-09-11 09:18:25 | INFO | app | HTTP GET /api/search -> 200 20.6ms request_id=cae8713c963f user_id=3
2026-09-11 09:18:31 | INFO | app | HTTP GET /files -> 200 10.7ms request_id=f681e1487a6e user_id=3
2026-09-11 09:18:31 | INFO | app | HTTP GET /static/css/app.css -> 304 2.0ms request_id=fa11441cc1ac user_id=3
2026-09-11 09:18:31 | INFO | app | HTTP GET /static/css/components.css -> 304 1.6ms request_id=c4593eaaa5ec user_id=3
2026-09-11 09:18:31 | INFO | app | HTTP GET /static/js/app.js -> 304 1.7ms request_id=bffe114011fb user_id=3
2026-09-11 09:18:32 | INFO | app | HTTP GET / -> 200 14.5ms request_id=917d35e8d7f4 user_id=3
2026-09-11 09:18:32 | INFO | app | HTTP GET /static/css/app.css -> 304 2.2ms request_id=fc7ff58bf4bb user_id=3
2026-09-11 09:18:32 | INFO | app | HTTP GET /static/css/components.css -> 304 1.0ms request_id=620d1f7bf2ff user_id=3
2026-09-11 09:18:32 | INFO | app | HTTP GET /static/js/app.js -> 304 2.9ms request_id=5142f1f27ce1 user_id=3
2026-09-11 09:18:32 | INFO | app | HTTP GET /static/js/dashboard.js -> 304 3.1ms request_id=a0a5754d51fa user_id=3
2026-09-11 09:18:33 | INFO | app | HTTP GET /stockout -> 200 3.2ms request_id=6d6fbfe8153c user_id=3
2026-09-11 09:18:33 | INFO | app | HTTP GET /static/css/app.css -> 304 0.7ms request_id=273e073180dc user_id=3
2026-09-11 09:18:33 | INFO | app | HTTP GET /static/js/stockout.js -> 304 6.8ms request_id=10109825f686 user_id=3
2026-09-11 09:18:33 | INFO | app | HTTP GET /static/css/components.css -> 304 6.7ms request_id=fd0d1e19089d user_id=3
2026-09-11 09:18:33 | INFO | app | HTTP GET /static/js/app.js -> 304 6.7ms request_id=c3d2fe7ba769 user_id=3
2026-09-11 09:18:34 | INFO | app | HTTP GET /api/stockout -> 200 30.7ms request_id=9a653ea34b57 user_id=3
2026-09-11 09:18:34 | INFO | app | HTTP GET /stockin -> 200 4.0ms request_id=124895d728dd user_id=3
2026-09-11 09:18:34 | INFO | app | HTTP GET /static/css/app.css -> 304 2.5ms request_id=f308258f3259 user_id=3
2026-09-11 09:18:34 | INFO | app | HTTP GET /static/css/components.css -> 304 7.1ms request_id=694751e91f9e user_id=3
2026-09-11 09:18:35 | INFO | app | HTTP GET /static/js/app.js -> 304 3.5ms request_id=997645274451 user_id=3
2026-09-11 09:18:35 | INFO | app | HTTP GET /static/js/stockin.js -> 304 5.2ms request_id=46ccce83763c user_id=3
2026-09-11 09:18:35 | INFO | app | HTTP GET /api/stockin -> 200 21.7ms request_id=b55c5b0311a0 user_id=3
2026-09-11 09:19:03 | INFO | app | HTTP GET /chat -> 200 4.6ms request_id=3e0a2c2140b4 user_id=3
2026-09-11 09:19:04 | INFO | app | HTTP GET /static/css/app.css -> 304 0.9ms request_id=89d8df1daead user_id=3
2026-09-11 09:19:04 | INFO | app | HTTP GET /static/js/app.js -> 304 2.4ms request_id=51beb8460ac6 user_id=3
2026-09-11 09:19:04 | INFO | app | HTTP GET /static/css/components.css -> 304 3.2ms request_id=a6100d5e0fe5 user_id=3
2026-09-11 09:19:04 | INFO | app | HTTP GET /static/js/chat.js -> 304 3.4ms request_id=3869f2ffe777 user_id=3
2026-09-11 09:19:04 | INFO | app | HTTP GET /api/files -> 200 4.1ms request_id=4a7182f39b67 user_id=3
2026-09-11 09:19:04 | INFO | app | HTTP GET /requests -> 200 4.8ms request_id=8c2e7ff4aef9 user_id=3
2026-09-11 09:19:04 | INFO | app | HTTP GET /static/css/app.css -> 304 2.3ms request_id=7c1a323d2121 user_id=3
2026-09-11 09:19:05 | INFO | app | HTTP GET /static/js/stockrequest.js -> 304 2.8ms request_id=a1780be52687 user_id=3
2026-09-11 09:19:05 | INFO | app | HTTP GET /static/js/app.js -> 304 2.6ms request_id=8dd5b90829ad user_id=3
2026-09-11 09:19:05 | INFO | app | HTTP GET /static/css/components.css -> 304 6.8ms request_id=a0a46c5eecf8 user_id=3
2026-09-11 09:19:05 | INFO | app | HTTP GET /api/stockrequest -> 200 11.3ms request_id=665c3542cdc0 user_id=3
2026-09-11 09:19:16 | INFO | app | HTTP GET /stockout -> 200 6.7ms request_id=7c9fd43a20b0 user_id=3
2026-09-11 09:19:16 | INFO | app | HTTP GET /static/css/app.css -> 304 1.5ms request_id=b1f603de2cc6 user_id=3
2026-09-11 09:19:16 | INFO | app | HTTP GET /static/css/components.css -> 304 2.5ms request_id=599ef5374b3f user_id=3
2026-09-11 09:19:17 | INFO | app | HTTP GET /static/js/app.js -> 304 5.5ms request_id=64fefd7a5423 user_id=3
2026-09-11 09:19:17 | INFO | app | HTTP GET /static/js/stockout.js -> 304 6.5ms request_id=923643a0a3a8 user_id=3
2026-09-11 09:19:17 | INFO | app | HTTP GET /api/stockout -> 200 13.0ms request_id=0dc3c4080d4e user_id=3
2026-09-11 09:19:39 | INFO | app | HTTP GET /stockout -> 200 7.9ms request_id=484601c83c90 user_id=3
2026-09-11 09:19:39 | INFO | app | HTTP GET /static/css/app.css -> 304 0.7ms request_id=d9596601d660 user_id=3
2026-09-11 09:19:39 | INFO | app | HTTP GET /static/css/components.css -> 304 0.4ms request_id=97f81ff1ffa9 user_id=3
2026-09-11 09:19:39 | INFO | app | HTTP GET /static/js/app.js -> 304 1.0ms request_id=cb9279496589 user_id=3
2026-09-11 09:19:39 | INFO | app | HTTP GET /static/js/stockout.js -> 304 1.3ms request_id=4b463b957bb7 user_id=3
2026-09-11 09:19:39 | INFO | app | HTTP GET /api/stockout -> 200 18.6ms request_id=31fcf5dbbe0a user_id=3
2026-09-11 09:19:42 | INFO | app | HTTP GET / -> 200 17.9ms request_id=e3a2d83783a3 user_id=3
2026-09-11 09:19:42 | INFO | app | HTTP GET /static/css/app.css -> 304 3.1ms request_id=9660fa01dd06 user_id=3
2026-09-11 09:19:42 | INFO | app | HTTP GET /static/css/components.css -> 304 3.3ms request_id=7cb784e394fa user_id=3
2026-09-11 09:19:42 | INFO | app | HTTP GET /static/js/dashboard.js -> 304 0.7ms request_id=b3aa27b7f88e user_id=3
2026-09-11 09:19:42 | INFO | app | HTTP GET /static/js/app.js -> 304 2.4ms request_id=aac8120cd52a user_id=3
2026-09-11 09:20:30 | INFO | app | HTTP GET /stockout -> 200 4.5ms request_id=18b85054c568 user_id=3
2026-09-11 09:20:30 | INFO | app | HTTP GET /static/css/app.css -> 304 3.6ms request_id=34c36ce75d78 user_id=3
2026-09-11 09:20:30 | INFO | app | HTTP GET /static/js/stockout.js -> 304 1.6ms request_id=1f5b1a9e47d7 user_id=3
2026-09-11 09:20:30 | INFO | app | HTTP GET /static/css/components.css -> 304 5.6ms request_id=bca448c0942d user_id=3
2026-09-11 09:20:30 | INFO | app | HTTP GET /static/js/app.js -> 304 4.6ms request_id=f66c50c90712 user_id=3
2026-09-11 09:20:31 | INFO | app | HTTP GET /api/stockout -> 200 29.1ms request_id=d44da042c89b user_id=3
2026-09-11 09:20:31 | INFO | app | HTTP GET /stockin -> 200 9.1ms request_id=ab1891f9b6b8 user_id=3
2026-09-11 09:20:31 | INFO | app | HTTP GET /static/css/app.css -> 304 0.7ms request_id=87ad0000ae47 user_id=3
2026-09-11 09:20:31 | INFO | app | HTTP GET /static/css/components.css -> 304 7.5ms request_id=b592cb59e614 user_id=3
2026-09-11 09:20:31 | INFO | app | HTTP GET /static/js/stockin.js -> 304 7.2ms request_id=d610a5835a85 user_id=3
2026-09-11 09:20:31 | INFO | app | HTTP GET /static/js/app.js -> 304 6.9ms request_id=d78aa523bc75 user_id=3
2026-09-11 09:20:31 | INFO | app | HTTP GET /api/stockin -> 200 13.9ms request_id=0b977a0ad013 user_id=3
2026-09-11 09:20:55 | INFO | app | HTTP GET /stockin -> 200 6.8ms request_id=100b8f6a102c user_id=3
2026-09-11 09:20:55 | INFO | app | HTTP GET /static/css/app.css -> 304 0.6ms request_id=369609ccb86c user_id=3
2026-09-11 09:20:55 | INFO | app | HTTP GET /static/css/components.css -> 304 2.2ms request_id=1d67f0a73079 user_id=3
2026-09-11 09:20:56 | INFO | app | HTTP GET /static/js/app.js -> 304 4.3ms request_id=52575a1442af user_id=3
2026-09-11 09:20:56 | INFO | app | HTTP GET /static/js/stockin.js -> 304 6.5ms request_id=1b34232c3ca4 user_id=3
2026-09-11 09:20:56 | INFO | app | HTTP GET /api/stockin -> 200 7.5ms request_id=6679ff8f5c5c user_id=3
2026-09-11 09:20:56 | INFO | app | HTTP GET /requests -> 200 9.7ms request_id=5abc4b35d4b1 user_id=3
2026-09-11 09:20:56 | INFO | app | HTTP GET /static/css/app.css -> 304 1.0ms request_id=3f6cf7801477 user_id=3
2026-09-11 09:20:56 | INFO | app | HTTP GET /static/css/components.css -> 304 1.5ms request_id=e4dc5ec84c87 user_id=3
2026-09-11 09:20:56 | INFO | app | HTTP GET /static/js/app.js -> 304 5.8ms request_id=d4e4ba400b88 user_id=3
2026-09-11 09:20:56 | INFO | app | HTTP GET /static/js/stockrequest.js -> 304 6.5ms request_id=90d09cc90a3c user_id=3
2026-09-11 09:20:56 | INFO | app | HTTP GET /api/stockrequest -> 200 14.1ms request_id=2c066d0d64b4 user_id=3
2026-09-11 09:20:57 | INFO | app | HTTP GET /stockin -> 200 7.4ms request_id=e7d4e7d8a5f9 user_id=3
2026-09-11 09:20:57 | INFO | app | HTTP GET /static/css/app.css -> 304 2.4ms request_id=4d4300810c74 user_id=3
2026-09-11 09:20:57 | INFO | app | HTTP GET /static/css/components.css -> 304 1.0ms request_id=5a90045a0fb5 user_id=3
2026-09-11 09:20:58 | INFO | app | HTTP GET /static/js/app.js -> 304 1.8ms request_id=ec5fc492dc10 user_id=3
2026-09-11 09:20:58 | INFO | app | HTTP GET /static/js/stockin.js -> 304 1.8ms request_id=18ed01e4c248 user_id=3
2026-09-11 09:20:58 | INFO | app | HTTP GET /api/stockin -> 200 9.2ms request_id=007f0da994e9 user_id=3
2026-09-11 09:20:58 | INFO | app | HTTP GET /stockout -> 200 5.0ms request_id=ae2ec56c1fd4 user_id=3
2026-09-11 09:20:58 | INFO | app | HTTP GET /static/css/app.css -> 304 0.8ms request_id=39e001e1076a user_id=3
2026-09-11 09:20:58 | INFO | app | HTTP GET /static/css/components.css -> 304 0.9ms request_id=c9c2cd0f6c97 user_id=3
2026-09-11 09:20:58 | INFO | app | HTTP GET /static/js/app.js -> 304 1.6ms request_id=e357c8103e01 user_id=3
2026-09-11 09:20:58 | INFO | app | HTTP GET /static/js/stockout.js -> 304 2.0ms request_id=a3c4988d86c6 user_id=3
2026-09-11 09:20:58 | INFO | app | HTTP GET /api/stockout -> 200 9.2ms request_id=5da7921d6046 user_id=3
2026-09-11 09:20:59 | INFO | app | HTTP GET /stockout -> 200 3.5ms request_id=e7475499d03a user_id=3
2026-09-11 09:20:59 | INFO | app | HTTP GET /static/css/app.css -> 304 1.0ms request_id=540dcf9204dd user_id=3
2026-09-11 09:21:00 | INFO | app | HTTP GET /static/css/components.css -> 304 1.5ms request_id=1dc85d3a70ee user_id=3
2026-09-11 09:21:00 | INFO | app | HTTP GET /static/js/app.js -> 304 2.8ms request_id=83b2d6e9a255 user_id=3
2026-09-11 09:21:00 | INFO | app | HTTP GET /static/js/stockout.js -> 304 3.3ms request_id=144286b13998 user_id=3
2026-09-11 09:21:00 | INFO | app | HTTP GET /api/stockout -> 200 13.4ms request_id=080ac83f47c7 user_id=3
2026-09-11 09:21:01 | INFO | app | HTTP GET /stockout -> 200 3.5ms request_id=ceea9adf145b user_id=3
2026-09-11 09:21:01 | INFO | app | HTTP GET /static/css/app.css -> 304 0.8ms request_id=fd3d7554e219 user_id=3
2026-09-11 09:21:01 | INFO | app | HTTP GET /static/js/app.js -> 304 3.3ms request_id=e5c98a2f6d85 user_id=3
2026-09-11 09:21:01 | INFO | app | HTTP GET /static/css/components.css -> 304 3.9ms request_id=420593a9b296 user_id=3
2026-09-11 09:21:01 | INFO | app | HTTP GET /static/js/stockout.js -> 304 4.3ms request_id=a77351587dad user_id=3
2026-09-11 09:21:02 | INFO | app | HTTP GET /api/stockout -> 200 31.9ms request_id=bbdffabb477a user_id=3
2026-09-11 09:21:02 | INFO | app | HTTP GET / -> 200 33.8ms request_id=717db64b10dc user_id=3
2026-09-11 09:21:02 | INFO | app | HTTP GET /static/css/app.css -> 304 2.1ms request_id=f9d082f6a7a6 user_id=3
2026-09-11 09:21:02 | INFO | app | HTTP GET /static/css/components.css -> 304 7.1ms request_id=106bed9b14d7 user_id=3
2026-09-11 09:21:02 | INFO | app | HTTP GET /static/js/app.js -> 304 7.0ms request_id=314a8f8409cb user_id=3
2026-09-11 09:21:02 | INFO | app | HTTP GET /static/js/dashboard.js -> 304 6.0ms request_id=3e60da05b6e0 user_id=3
2026-09-11 09:21:04 | INFO | app | HTTP GET /files -> 200 10.9ms request_id=74152d9934a1 user_id=3
2026-09-11 09:21:04 | INFO | app | HTTP GET /static/css/app.css -> 304 0.5ms request_id=78540237cf3c user_id=3
2026-09-11 09:21:04 | INFO | app | HTTP GET /static/js/app.js -> 304 4.1ms request_id=f606dec25d90 user_id=3
2026-09-11 09:21:04 | INFO | app | HTTP GET /static/css/components.css -> 304 3.8ms request_id=be78b6f6d5f7 user_id=3
2026-09-11 10:32:00 | INFO | app | HTTP GET / -> 200 297.4ms request_id=3c46d7779955 user_id=3
2026-09-11 10:32:00 | INFO | app | HTTP GET / -> 200 37.4ms request_id=af617a63d05e user_id=3
2026-09-11 10:32:00 | INFO | app | HTTP GET /static/css/app.css -> 304 39.2ms request_id=f6119b1f9542 user_id=3
2026-09-11 10:32:00 | INFO | app | HTTP GET /static/js/dashboard.js -> 304 7.6ms request_id=5d8559853e03 user_id=3
2026-09-11 10:32:00 | INFO | app | HTTP GET /static/css/components.css -> 304 14.8ms request_id=05c2e2388504 user_id=3
2026-09-11 10:32:00 | INFO | app | HTTP GET /static/js/app.js -> 304 15.6ms request_id=a2f4be37ad43 user_id=3
2026-09-11 10:32:05 | INFO | app | HTTP GET / -> 200 19.2ms request_id=98774d27d463 user_id=3
2026-09-11 10:32:06 | INFO | app | HTTP GET /static/css/app.css -> 304 0.9ms request_id=9d1117f09c40 user_id=3
2026-09-11 10:32:06 | INFO | app | HTTP GET /static/css/components.css -> 304 2.0ms request_id=1ab458539d9b user_id=3
2026-09-11 10:32:06 | INFO | app | HTTP GET /static/js/app.js -> 304 2.5ms request_id=f064291ab9f1 user_id=3
2026-09-11 10:32:06 | INFO | app | HTTP GET /static/js/dashboard.js -> 304 3.8ms request_id=f4f69248371d user_id=3
2026-09-11 10:32:07 | INFO | app | HTTP GET /files -> 200 19.0ms request_id=2d1051fb097e user_id=3
2026-09-11 10:32:07 | INFO | app | HTTP GET /static/css/app.css -> 304 4.2ms request_id=1f52d060c180 user_id=3
2026-09-11 10:32:07 | INFO | app | HTTP GET /static/css/components.css -> 304 3.8ms request_id=9490cbec927d user_id=3
2026-09-11 10:32:07 | INFO | app | HTTP GET /static/js/app.js -> 304 3.5ms request_id=e0849b2b055f user_id=3
