2026-09-03 09:52:12 | ERROR | app.services.ebay.client | eBay scrape request failed | code=0XF27R(ST4000NM0035)
Traceback (most recent call last):
  File "C:\Users\leegg\Documents\StockFlow_final_logging\app\services\ebay\client.py", line 192, in _scrape_search
    resp.raise_for_status()
  File "C:\Users\leegg\Documents\StockFlow_final_logging\.venv\Lib\site-packages\requests\models.py", line 1024, in raise_for_status
    raise HTTPError(http_error_msg, response=self)
requests.exceptions.HTTPError: 403 Client Error: Forbidden for url: https://www.ebay.com/sch/i.html?_nkw=0XF27R%28ST4000NM0035%29&_sop=15
2026-09-03 09:52:15 | ERROR | app.services.ebay.client | eBay scrape request failed | code=0XF27R(ST4000NM0035)
Traceback (most recent call last):
  File "C:\Users\leegg\Documents\StockFlow_final_logging\app\services\ebay\client.py", line 192, in _scrape_search
    resp.raise_for_status()
  File "C:\Users\leegg\Documents\StockFlow_final_logging\.venv\Lib\site-packages\requests\models.py", line 1024, in raise_for_status
    raise HTTPError(http_error_msg, response=self)
requests.exceptions.HTTPError: 403 Client Error: Forbidden for url: https://www.ebay.com/sch/i.html?_nkw=0XF27R%28ST4000NM0035%29&_sop=15
2026-09-03 09:52:16 | ERROR | app.services.ebay.client | eBay scrape request failed | code=0XF27R(ST4000NM0035)
Traceback (most recent call last):
  File "C:\Users\leegg\Documents\StockFlow_final_logging\app\services\ebay\client.py", line 192, in _scrape_search
    resp.raise_for_status()
  File "C:\Users\leegg\Documents\StockFlow_final_logging\.venv\Lib\site-packages\requests\models.py", line 1024, in raise_for_status
    raise HTTPError(http_error_msg, response=self)
requests.exceptions.HTTPError: 403 Client Error: Forbidden for url: https://www.ebay.com/sch/i.html?_nkw=0XF27R%28ST4000NM0035%29&_sop=15
2026-09-03 09:52:16 | ERROR | app.services.ebay.client | eBay scrape request failed | code=0XF27R(ST4000NM0035)
Traceback (most recent call last):
  File "C:\Users\leegg\Documents\StockFlow_final_logging\app\services\ebay\client.py", line 192, in _scrape_search
    resp.raise_for_status()
  File "C:\Users\leegg\Documents\StockFlow_final_logging\.venv\Lib\site-packages\requests\models.py", line 1024, in raise_for_status
    raise HTTPError(http_error_msg, response=self)
requests.exceptions.HTTPError: 403 Client Error: Forbidden for url: https://www.ebay.com/sch/i.html?_nkw=0XF27R%28ST4000NM0035%29&_sop=15
2026-09-03 09:52:34 | ERROR | app.services.ebay.client | eBay scrape request failed | code=3285194-C
Traceback (most recent call last):
  File "C:\Users\leegg\Documents\StockFlow_final_logging\app\services\ebay\client.py", line 192, in _scrape_search
    resp.raise_for_status()
  File "C:\Users\leegg\Documents\StockFlow_final_logging\.venv\Lib\site-packages\requests\models.py", line 1024, in raise_for_status
    raise HTTPError(http_error_msg, response=self)
requests.exceptions.HTTPError: 403 Client Error: Forbidden for url: https://www.ebay.com/sch/i.html?_nkw=3285194-C&_sop=15
2026-09-03 11:10:47 | ERROR | app.services.ebay.client | eBay scrape request failed | code=0XF27R(ST4000NM0035)
Traceback (most recent call last):
  File "C:\Users\leegg\Documents\StockFlow_final_logging\app\services\ebay\client.py", line 192, in _scrape_search
    resp.raise_for_status()
  File "C:\Users\leegg\Documents\StockFlow_final_logging\.venv\Lib\site-packages\requests\models.py", line 1024, in raise_for_status
    raise HTTPError(http_error_msg, response=self)
requests.exceptions.HTTPError: 403 Client Error: Forbidden for url: https://www.ebay.com/sch/i.html?_nkw=0XF27R%28ST4000NM0035%29&_sop=15
2026-09-03 11:21:26 | ERROR | app.services.ebay.client | eBay scrape request failed | code=0XF27R(ST4000NM0035)
Traceback (most recent call last):
  File "C:\Users\leegg\Documents\StockFlow_final_logging\app\services\ebay\client.py", line 192, in _scrape_search
    resp.raise_for_status()
  File "C:\Users\leegg\Documents\StockFlow_final_logging\.venv\Lib\site-packages\requests\models.py", line 1024, in raise_for_status
    raise HTTPError(http_error_msg, response=self)
requests.exceptions.HTTPError: 403 Client Error: Forbidden for url: https://www.ebay.com/sch/i.html?_nkw=0XF27R%28ST4000NM0035%29&_sop=15
2026-09-03 11:21:28 | ERROR | app.services.ebay.client | eBay scrape request failed | code=0XF27R(ST4000NM0035)
Traceback (most recent call last):
  File "C:\Users\leegg\Documents\StockFlow_final_logging\app\services\ebay\client.py", line 192, in _scrape_search
    resp.raise_for_status()
  File "C:\Users\leegg\Documents\StockFlow_final_logging\.venv\Lib\site-packages\requests\models.py", line 1024, in raise_for_status
    raise HTTPError(http_error_msg, response=self)
requests.exceptions.HTTPError: 403 Client Error: Forbidden for url: https://www.ebay.com/sch/i.html?_nkw=0XF27R%28ST4000NM0035%29&_sop=15
2026-09-04 09:00:08 | ERROR | app.services.ebay.client | eBay OAuth token request failed | env=production
Traceback (most recent call last):
  File "C:\Users\leegg\Documents\StockFlow_final_logging\app\services\ebay\client.py", line 70, in _get_access_token
    resp.raise_for_status()
  File "C:\Users\leegg\Documents\StockFlow_final_logging\.venv\Lib\site-packages\requests\models.py", line 1024, in raise_for_status
    raise HTTPError(http_error_msg, response=self)
requests.exceptions.HTTPError: 401 Client Error: Unauthorized for url: https://api.ebay.com/identity/v1/oauth2/token
2026-09-04 09:00:08 | ERROR | app.services.ebay.client | eBay scrape request failed | code=3285194-C
Traceback (most recent call last):
  File "C:\Users\leegg\Documents\StockFlow_final_logging\app\services\ebay\client.py", line 192, in _scrape_search
    resp.raise_for_status()
  File "C:\Users\leegg\Documents\StockFlow_final_logging\.venv\Lib\site-packages\requests\models.py", line 1024, in raise_for_status
    raise HTTPError(http_error_msg, response=self)
requests.exceptions.HTTPError: 403 Client Error: Forbidden for url: https://www.ebay.com/sch/i.html?_nkw=3285194-C&_sop=15
2026-09-04 09:06:38 | ERROR | app.services.ebay.client | eBay OAuth token request failed | env=production
Traceback (most recent call last):
  File "C:\Users\leegg\Documents\StockFlow_final_logging\app\services\ebay\client.py", line 75, in _get_access_token
    resp.raise_for_status()
  File "C:\Users\leegg\Documents\StockFlow_final_logging\.venv\Lib\site-packages\requests\models.py", line 1024, in raise_for_status
    raise HTTPError(http_error_msg, response=self)
requests.exceptions.HTTPError: 401 Client Error: Unauthorized for url: https://api.ebay.com/identity/v1/oauth2/token
2026-09-04 09:06:38 | ERROR | app.services.ebay.client | eBay scrape request failed | code=3285194-C
Traceback (most recent call last):
  File "C:\Users\leegg\Documents\StockFlow_final_logging\app\services\ebay\client.py", line 198, in _scrape_search
    resp.raise_for_status()
  File "C:\Users\leegg\Documents\StockFlow_final_logging\.venv\Lib\site-packages\requests\models.py", line 1024, in raise_for_status
    raise HTTPError(http_error_msg, response=self)
requests.exceptions.HTTPError: 403 Client Error: Forbidden for url: https://www.ebay.com/sch/i.html?_nkw=3285194-C&_sop=15
2026-09-04 09:06:53 | ERROR | app.services.ebay.client | eBay OAuth token request failed | env=production
Traceback (most recent call last):
  File "C:\Users\leegg\Documents\StockFlow_final_logging\app\services\ebay\client.py", line 75, in _get_access_token
    resp.raise_for_status()
  File "C:\Users\leegg\Documents\StockFlow_final_logging\.venv\Lib\site-packages\requests\models.py", line 1024, in raise_for_status
    raise HTTPError(http_error_msg, response=self)
requests.exceptions.HTTPError: 401 Client Error: Unauthorized for url: https://api.ebay.com/identity/v1/oauth2/token
2026-09-04 09:06:54 | ERROR | app.services.ebay.client | eBay scrape request failed | code=005049493
Traceback (most recent call last):
  File "C:\Users\leegg\Documents\StockFlow_final_logging\app\services\ebay\client.py", line 198, in _scrape_search
    resp.raise_for_status()
  File "C:\Users\leegg\Documents\StockFlow_final_logging\.venv\Lib\site-packages\requests\models.py", line 1024, in raise_for_status
    raise HTTPError(http_error_msg, response=self)
requests.exceptions.HTTPError: 403 Client Error: Forbidden for url: https://www.ebay.com/sch/i.html?_nkw=005049493&_sop=15
2026-09-04 09:07:33 | ERROR | app.services.ebay.client | eBay OAuth token request failed | env=production
Traceback (most recent call last):
  File "C:\Users\leegg\Documents\StockFlow_final_logging\app\services\ebay\client.py", line 75, in _get_access_token
    resp.raise_for_status()
  File "C:\Users\leegg\Documents\StockFlow_final_logging\.venv\Lib\site-packages\requests\models.py", line 1024, in raise_for_status
    raise HTTPError(http_error_msg, response=self)
requests.exceptions.HTTPError: 401 Client Error: Unauthorized for url: https://api.ebay.com/identity/v1/oauth2/token
2026-09-04 09:07:33 | ERROR | app.services.ebay.client | eBay scrape request failed | code=005049493
Traceback (most recent call last):
  File "C:\Users\leegg\Documents\StockFlow_final_logging\app\services\ebay\client.py", line 198, in _scrape_search
    resp.raise_for_status()
  File "C:\Users\leegg\Documents\StockFlow_final_logging\.venv\Lib\site-packages\requests\models.py", line 1024, in raise_for_status
    raise HTTPError(http_error_msg, response=self)
requests.exceptions.HTTPError: 403 Client Error: Forbidden for url: https://www.ebay.com/sch/i.html?_nkw=005049493&_sop=15
2026-09-04 09:17:37 | ERROR | app.services.ebay.client | eBay OAuth token request failed | env=production
Traceback (most recent call last):
  File "C:\Users\leegg\Documents\StockFlow_final_logging\app\services\ebay\client.py", line 75, in _get_access_token
    resp.raise_for_status()
  File "C:\Users\leegg\Documents\StockFlow_final_logging\.venv\Lib\site-packages\requests\models.py", line 1024, in raise_for_status
    raise HTTPError(http_error_msg, response=self)
requests.exceptions.HTTPError: 401 Client Error: Unauthorized for url: https://api.ebay.com/identity/v1/oauth2/token
2026-09-04 09:17:37 | ERROR | app.services.ebay.client | eBay scrape request failed | code=005049493
Traceback (most recent call last):
  File "C:\Users\leegg\Documents\StockFlow_final_logging\app\services\ebay\client.py", line 198, in _scrape_search
    resp.raise_for_status()
  File "C:\Users\leegg\Documents\StockFlow_final_logging\.venv\Lib\site-packages\requests\models.py", line 1024, in raise_for_status
    raise HTTPError(http_error_msg, response=self)
requests.exceptions.HTTPError: 403 Client Error: Forbidden for url: https://www.ebay.com/sch/i.html?_nkw=005049493&_sop=15
2026-09-04 09:18:30 | ERROR | app.services.ebay.client | eBay OAuth token request failed | env=production | status=401 | body={"error":"invalid_client","error_description":"client authentication failed"}
2026-09-04 09:18:30 | ERROR | app.services.ebay.client | eBay scrape request failed | code=3285276-A
Traceback (most recent call last):
  File "C:\Users\leegg\Documents\StockFlow_final_logging\app\services\ebay\client.py", line 208, in _scrape_search
    resp.raise_for_status()
  File "C:\Users\leegg\Documents\StockFlow_final_logging\.venv\Lib\site-packages\requests\models.py", line 1024, in raise_for_status
    raise HTTPError(http_error_msg, response=self)
requests.exceptions.HTTPError: 403 Client Error: Forbidden for url: https://www.ebay.com/sch/i.html?_nkw=3285276-A&_sop=15
2026-09-04 09:18:30 | ERROR | app.routes.ebay | eBay price search failed | code=3285276-A
Traceback (most recent call last):
  File "C:\Users\leegg\Documents\StockFlow_final_logging\app\services\ebay\client.py", line 299, in search_by_code
    items = _scrape_search(code, limit)
            ^^^^^^^^^^^^^^^^^^^^^^^^^^^
  File "C:\Users\leegg\Documents\StockFlow_final_logging\app\services\ebay\client.py", line 208, in _scrape_search
    resp.raise_for_status()
  File "C:\Users\leegg\Documents\StockFlow_final_logging\.venv\Lib\site-packages\requests\models.py", line 1024, in raise_for_status
    raise HTTPError(http_error_msg, response=self)
requests.exceptions.HTTPError: 403 Client Error: Forbidden for url: https://www.ebay.com/sch/i.html?_nkw=3285276-A&_sop=15

The above exception was the direct cause of the following exception:

Traceback (most recent call last):
  File "C:\Users\leegg\Documents\StockFlow_final_logging\app\routes\ebay.py", line 24, in ebay_search
    items, source, warning = search_by_code(code)
                             ^^^^^^^^^^^^^^^^^^^^
  File "C:\Users\leegg\Documents\StockFlow_final_logging\app\services\ebay\client.py", line 306, in search_by_code
    raise RuntimeError(message) from exc
RuntimeError: eBay API 인증에 실패해 공개 검색페이지 스크래핑으로 대체했습니다. EBAY_APP_ID/EBAY_CERT_ID 값을 다시 확인해주세요. (예비 스크래핑도 차단되어 실패)
2026-09-04 15:11:04 | ERROR | app.routes.ebay | eBay price search failed | code=3285194-C
Traceback (most recent call last):
  File "C:\Users\leegg\Documents\StockFlow_final_logging\app\routes\ebay.py", line 33, in ebay_search
    items, source, warning, total = search_by_code(code, limit=limit, offset=offset)
                                    ^^^^^^^^^^^^^^^^^^^^^^^^^^^^^^^^^^^^^^^^^^^^^^^^
TypeError: search_by_code() got an unexpected keyword argument 'limit'
2026-09-07 09:04:36 | ERROR | app.routes.ebay | eBay price search failed | code=0XF27R(ST4000NM0035)
Traceback (most recent call last):
  File "C:\Users\leegg\Documents\StockFlow_final_logging\app\routes\ebay.py", line 33, in ebay_search
    items, source, warning, total = search_by_code(code, limit=limit, offset=offset)
                                    ^^^^^^^^^^^^^^^^^^^^^^^^^^^^^^^^^^^^^^^^^^^^^^^^
TypeError: search_by_code() got an unexpected keyword argument 'limit'
2026-09-07 09:27:04 | ERROR | app.routes.files | Excel upload processing failed | filename=사내_재고 현황(종합)-20260811 - 연경수.xlsx | user_id=5
Traceback (most recent call last):
  File "C:\Users\leegg\Documents\StockFlow_final_logging\.venv\Lib\site-packages\sqlalchemy\engine\base.py", line 1969, in _exec_single_context
    self.dialect.do_execute(
  File "C:\Users\leegg\Documents\StockFlow_final_logging\.venv\Lib\site-packages\sqlalchemy\engine\default.py", line 952, in do_execute
    cursor.execute(statement, parameters)
  File "C:\Users\leegg\Documents\StockFlow_final_logging\.venv\Lib\site-packages\pymysql\cursors.py", line 153, in execute
    result = self._query(query)
             ^^^^^^^^^^^^^^^^^^
  File "C:\Users\leegg\Documents\StockFlow_final_logging\.venv\Lib\site-packages\pymysql\cursors.py", line 322, in _query
    conn.query(q)
  File "C:\Users\leegg\Documents\StockFlow_final_logging\.venv\Lib\site-packages\pymysql\connections.py", line 575, in query
    self._affected_rows = self._read_query_result(unbuffered=unbuffered)
                          ^^^^^^^^^^^^^^^^^^^^^^^^^^^^^^^^^^^^^^^^^^^^^^
  File "C:\Users\leegg\Documents\StockFlow_final_logging\.venv\Lib\site-packages\pymysql\connections.py", line 826, in _read_query_result
    result.read()
  File "C:\Users\leegg\Documents\StockFlow_final_logging\.venv\Lib\site-packages\pymysql\connections.py", line 1203, in read
    first_packet = self.connection._read_packet()
                   ^^^^^^^^^^^^^^^^^^^^^^^^^^^^^^
  File "C:\Users\leegg\Documents\StockFlow_final_logging\.venv\Lib\site-packages\pymysql\connections.py", line 782, in _read_packet
    packet.raise_for_error()
  File "C:\Users\leegg\Documents\StockFlow_final_logging\.venv\Lib\site-packages\pymysql\protocol.py", line 219, in raise_for_error
    err.raise_mysql_exception(self._data)
  File "C:\Users\leegg\Documents\StockFlow_final_logging\.venv\Lib\site-packages\pymysql\err.py", line 150, in raise_mysql_exception
    raise errorclass(errno, errval)
pymysql.err.DataError: (1406, "Data too long for column 'group_key' at row 1")

The above exception was the direct cause of the following exception:

Traceback (most recent call last):
  File "C:\Users\leegg\Documents\StockFlow_final_logging\app\routes\files.py", line 688, in upload
    db.session.flush()
  File "C:\Users\leegg\Documents\StockFlow_final_logging\.venv\Lib\site-packages\sqlalchemy\orm\scoping.py", line 923, in flush
    return self._proxied.flush(objects=objects)
           ^^^^^^^^^^^^^^^^^^^^^^^^^^^^^^^^^^^^
  File "C:\Users\leegg\Documents\StockFlow_final_logging\.venv\Lib\site-packages\sqlalchemy\orm\session.py", line 4353, in flush
    self._flush(objects)
  File "C:\Users\leegg\Documents\StockFlow_final_logging\.venv\Lib\site-packages\sqlalchemy\orm\session.py", line 4488, in _flush
    with util.safe_reraise():
  File "C:\Users\leegg\Documents\StockFlow_final_logging\.venv\Lib\site-packages\sqlalchemy\util\langhelpers.py", line 122, in __exit__
    raise exc_value.with_traceback(exc_tb)
  File "C:\Users\leegg\Documents\StockFlow_final_logging\.venv\Lib\site-packages\sqlalchemy\orm\session.py", line 4449, in _flush
    flush_context.execute()
  File "C:\Users\leegg\Documents\StockFlow_final_logging\.venv\Lib\site-packages\sqlalchemy\orm\unitofwork.py", line 465, in execute
    rec.execute(self)
  File "C:\Users\leegg\Documents\StockFlow_final_logging\.venv\Lib\site-packages\sqlalchemy\orm\unitofwork.py", line 641, in execute
    util.preloaded.orm_persistence.save_obj(
  File "C:\Users\leegg\Documents\StockFlow_final_logging\.venv\Lib\site-packages\sqlalchemy\orm\persistence.py", line 94, in save_obj
    _emit_insert_statements(
  File "C:\Users\leegg\Documents\StockFlow_final_logging\.venv\Lib\site-packages\sqlalchemy\orm\persistence.py", line 1234, in _emit_insert_statements
    result = connection.execute(
             ^^^^^^^^^^^^^^^^^^^
  File "C:\Users\leegg\Documents\StockFlow_final_logging\.venv\Lib\site-packages\sqlalchemy\engine\base.py", line 1421, in execute
    return meth(
           ^^^^^
  File "C:\Users\leegg\Documents\StockFlow_final_logging\.venv\Lib\site-packages\sqlalchemy\sql\elements.py", line 526, in _execute_on_connection
    return connection._execute_clauseelement(
           ^^^^^^^^^^^^^^^^^^^^^^^^^^^^^^^^^^
  File "C:\Users\leegg\Documents\StockFlow_final_logging\.venv\Lib\site-packages\sqlalchemy\engine\base.py", line 1643, in _execute_clauseelement
    ret = self._execute_context(
          ^^^^^^^^^^^^^^^^^^^^^^
  File "C:\Users\leegg\Documents\StockFlow_final_logging\.venv\Lib\site-packages\sqlalchemy\engine\base.py", line 1848, in _execute_context
    return self._exec_single_context(
           ^^^^^^^^^^^^^^^^^^^^^^^^^^
  File "C:\Users\leegg\Documents\StockFlow_final_logging\.venv\Lib\site-packages\sqlalchemy\engine\base.py", line 1988, in _exec_single_context
    self._handle_dbapi_exception(
  File "C:\Users\leegg\Documents\StockFlow_final_logging\.venv\Lib\site-packages\sqlalchemy\engine\base.py", line 2365, in _handle_dbapi_exception
    raise sqlalchemy_exception.with_traceback(exc_info[2]) from e
  File "C:\Users\leegg\Documents\StockFlow_final_logging\.venv\Lib\site-packages\sqlalchemy\engine\base.py", line 1969, in _exec_single_context
    self.dialect.do_execute(
  File "C:\Users\leegg\Documents\StockFlow_final_logging\.venv\Lib\site-packages\sqlalchemy\engine\default.py", line 952, in do_execute
    cursor.execute(statement, parameters)
  File "C:\Users\leegg\Documents\StockFlow_final_logging\.venv\Lib\site-packages\pymysql\cursors.py", line 153, in execute
    result = self._query(query)
             ^^^^^^^^^^^^^^^^^^
  File "C:\Users\leegg\Documents\StockFlow_final_logging\.venv\Lib\site-packages\pymysql\cursors.py", line 322, in _query
    conn.query(q)
  File "C:\Users\leegg\Documents\StockFlow_final_logging\.venv\Lib\site-packages\pymysql\connections.py", line 575, in query
    self._affected_rows = self._read_query_result(unbuffered=unbuffered)
                          ^^^^^^^^^^^^^^^^^^^^^^^^^^^^^^^^^^^^^^^^^^^^^^
  File "C:\Users\leegg\Documents\StockFlow_final_logging\.venv\Lib\site-packages\pymysql\connections.py", line 826, in _read_query_result
    result.read()
  File "C:\Users\leegg\Documents\StockFlow_final_logging\.venv\Lib\site-packages\pymysql\connections.py", line 1203, in read
    first_packet = self.connection._read_packet()
                   ^^^^^^^^^^^^^^^^^^^^^^^^^^^^^^
  File "C:\Users\leegg\Documents\StockFlow_final_logging\.venv\Lib\site-packages\pymysql\connections.py", line 782, in _read_packet
    packet.raise_for_error()
  File "C:\Users\leegg\Documents\StockFlow_final_logging\.venv\Lib\site-packages\pymysql\protocol.py", line 219, in raise_for_error
    err.raise_mysql_exception(self._data)
  File "C:\Users\leegg\Documents\StockFlow_final_logging\.venv\Lib\site-packages\pymysql\err.py", line 150, in raise_mysql_exception
    raise errorclass(errno, errval)
sqlalchemy.exc.DataError: (pymysql.err.DataError) (1406, "Data too long for column 'group_key' at row 1")
[SQL: INSERT INTO inventory_group (group_key, identifier, item_name, manufacturer, model, capacity, quantity, updated_at) VALUES (%(group_key)s, %(identifier)s, %(item_name)s, %(manufacturer)s, %(model)s, %(capacity)s, %(quantity)s, %(updated_at)s)]
[parameters: {'group_key': '{"`1-4": "3285276-P", "`1-4_10": null, "`1-4_11": null, "`1-4_12": null, "`1-4_13": null, "`1-4_14": null, "`1-4_15": null, "`1-4_16": null, "`1-4_17 ... (309 characters truncated) ... l, "`1-4_34": null, "`1-4_35": null, "`1-4_36": null, "`1-4_4": null, "`1-4_5": null, "`1-4_6": null, "`1-4_7": null, "`1-4_8": null, "`1-4_9": null}', 'identifier': None, 'item_name': None, 'manufacturer': None, 'model': None, 'capacity': None, 'quantity': 0, 'updated_at': datetime.datetime(2026, 9, 7, 0, 27, 3, 958503)}]
(Background on this error at: https://sqlalche.me/e/20/9h9h)
2026-09-07 09:27:30 | ERROR | app.routes.files | Excel upload processing failed | filename=사내_재고 현황(종합)-20260831 - 연경수.xlsx | user_id=5
Traceback (most recent call last):
  File "C:\Users\leegg\Documents\StockFlow_final_logging\.venv\Lib\site-packages\sqlalchemy\engine\base.py", line 1969, in _exec_single_context
    self.dialect.do_execute(
  File "C:\Users\leegg\Documents\StockFlow_final_logging\.venv\Lib\site-packages\sqlalchemy\engine\default.py", line 952, in do_execute
    cursor.execute(statement, parameters)
  File "C:\Users\leegg\Documents\StockFlow_final_logging\.venv\Lib\site-packages\pymysql\cursors.py", line 153, in execute
    result = self._query(query)
             ^^^^^^^^^^^^^^^^^^
  File "C:\Users\leegg\Documents\StockFlow_final_logging\.venv\Lib\site-packages\pymysql\cursors.py", line 322, in _query
    conn.query(q)
  File "C:\Users\leegg\Documents\StockFlow_final_logging\.venv\Lib\site-packages\pymysql\connections.py", line 575, in query
    self._affected_rows = self._read_query_result(unbuffered=unbuffered)
                          ^^^^^^^^^^^^^^^^^^^^^^^^^^^^^^^^^^^^^^^^^^^^^^
  File "C:\Users\leegg\Documents\StockFlow_final_logging\.venv\Lib\site-packages\pymysql\connections.py", line 826, in _read_query_result
    result.read()
  File "C:\Users\leegg\Documents\StockFlow_final_logging\.venv\Lib\site-packages\pymysql\connections.py", line 1203, in read
    first_packet = self.connection._read_packet()
                   ^^^^^^^^^^^^^^^^^^^^^^^^^^^^^^
  File "C:\Users\leegg\Documents\StockFlow_final_logging\.venv\Lib\site-packages\pymysql\connections.py", line 782, in _read_packet
    packet.raise_for_error()
  File "C:\Users\leegg\Documents\StockFlow_final_logging\.venv\Lib\site-packages\pymysql\protocol.py", line 219, in raise_for_error
    err.raise_mysql_exception(self._data)
  File "C:\Users\leegg\Documents\StockFlow_final_logging\.venv\Lib\site-packages\pymysql\err.py", line 150, in raise_mysql_exception
    raise errorclass(errno, errval)
pymysql.err.DataError: (1406, "Data too long for column 'group_key' at row 1")

The above exception was the direct cause of the following exception:

Traceback (most recent call last):
  File "C:\Users\leegg\Documents\StockFlow_final_logging\app\routes\files.py", line 688, in upload
    db.session.flush()
  File "C:\Users\leegg\Documents\StockFlow_final_logging\.venv\Lib\site-packages\sqlalchemy\orm\scoping.py", line 923, in flush
    return self._proxied.flush(objects=objects)
           ^^^^^^^^^^^^^^^^^^^^^^^^^^^^^^^^^^^^
  File "C:\Users\leegg\Documents\StockFlow_final_logging\.venv\Lib\site-packages\sqlalchemy\orm\session.py", line 4353, in flush
    self._flush(objects)
  File "C:\Users\leegg\Documents\StockFlow_final_logging\.venv\Lib\site-packages\sqlalchemy\orm\session.py", line 4488, in _flush
    with util.safe_reraise():
  File "C:\Users\leegg\Documents\StockFlow_final_logging\.venv\Lib\site-packages\sqlalchemy\util\langhelpers.py", line 122, in __exit__
    raise exc_value.with_traceback(exc_tb)
  File "C:\Users\leegg\Documents\StockFlow_final_logging\.venv\Lib\site-packages\sqlalchemy\orm\session.py", line 4449, in _flush
    flush_context.execute()
  File "C:\Users\leegg\Documents\StockFlow_final_logging\.venv\Lib\site-packages\sqlalchemy\orm\unitofwork.py", line 465, in execute
    rec.execute(self)
  File "C:\Users\leegg\Documents\StockFlow_final_logging\.venv\Lib\site-packages\sqlalchemy\orm\unitofwork.py", line 641, in execute
    util.preloaded.orm_persistence.save_obj(
  File "C:\Users\leegg\Documents\StockFlow_final_logging\.venv\Lib\site-packages\sqlalchemy\orm\persistence.py", line 94, in save_obj
    _emit_insert_statements(
  File "C:\Users\leegg\Documents\StockFlow_final_logging\.venv\Lib\site-packages\sqlalchemy\orm\persistence.py", line 1234, in _emit_insert_statements
    result = connection.execute(
             ^^^^^^^^^^^^^^^^^^^
  File "C:\Users\leegg\Documents\StockFlow_final_logging\.venv\Lib\site-packages\sqlalchemy\engine\base.py", line 1421, in execute
    return meth(
           ^^^^^
  File "C:\Users\leegg\Documents\StockFlow_final_logging\.venv\Lib\site-packages\sqlalchemy\sql\elements.py", line 526, in _execute_on_connection
    return connection._execute_clauseelement(
           ^^^^^^^^^^^^^^^^^^^^^^^^^^^^^^^^^^
  File "C:\Users\leegg\Documents\StockFlow_final_logging\.venv\Lib\site-packages\sqlalchemy\engine\base.py", line 1643, in _execute_clauseelement
    ret = self._execute_context(
          ^^^^^^^^^^^^^^^^^^^^^^
  File "C:\Users\leegg\Documents\StockFlow_final_logging\.venv\Lib\site-packages\sqlalchemy\engine\base.py", line 1848, in _execute_context
    return self._exec_single_context(
           ^^^^^^^^^^^^^^^^^^^^^^^^^^
  File "C:\Users\leegg\Documents\StockFlow_final_logging\.venv\Lib\site-packages\sqlalchemy\engine\base.py", line 1988, in _exec_single_context
    self._handle_dbapi_exception(
  File "C:\Users\leegg\Documents\StockFlow_final_logging\.venv\Lib\site-packages\sqlalchemy\engine\base.py", line 2365, in _handle_dbapi_exception
    raise sqlalchemy_exception.with_traceback(exc_info[2]) from e
  File "C:\Users\leegg\Documents\StockFlow_final_logging\.venv\Lib\site-packages\sqlalchemy\engine\base.py", line 1969, in _exec_single_context
    self.dialect.do_execute(
  File "C:\Users\leegg\Documents\StockFlow_final_logging\.venv\Lib\site-packages\sqlalchemy\engine\default.py", line 952, in do_execute
    cursor.execute(statement, parameters)
  File "C:\Users\leegg\Documents\StockFlow_final_logging\.venv\Lib\site-packages\pymysql\cursors.py", line 153, in execute
    result = self._query(query)
             ^^^^^^^^^^^^^^^^^^
  File "C:\Users\leegg\Documents\StockFlow_final_logging\.venv\Lib\site-packages\pymysql\cursors.py", line 322, in _query
    conn.query(q)
  File "C:\Users\leegg\Documents\StockFlow_final_logging\.venv\Lib\site-packages\pymysql\connections.py", line 575, in query
    self._affected_rows = self._read_query_result(unbuffered=unbuffered)
                          ^^^^^^^^^^^^^^^^^^^^^^^^^^^^^^^^^^^^^^^^^^^^^^
  File "C:\Users\leegg\Documents\StockFlow_final_logging\.venv\Lib\site-packages\pymysql\connections.py", line 826, in _read_query_result
    result.read()
  File "C:\Users\leegg\Documents\StockFlow_final_logging\.venv\Lib\site-packages\pymysql\connections.py", line 1203, in read
    first_packet = self.connection._read_packet()
                   ^^^^^^^^^^^^^^^^^^^^^^^^^^^^^^
  File "C:\Users\leegg\Documents\StockFlow_final_logging\.venv\Lib\site-packages\pymysql\connections.py", line 782, in _read_packet
    packet.raise_for_error()
  File "C:\Users\leegg\Documents\StockFlow_final_logging\.venv\Lib\site-packages\pymysql\protocol.py", line 219, in raise_for_error
    err.raise_mysql_exception(self._data)
  File "C:\Users\leegg\Documents\StockFlow_final_logging\.venv\Lib\site-packages\pymysql\err.py", line 150, in raise_mysql_exception
    raise errorclass(errno, errval)
sqlalchemy.exc.DataError: (pymysql.err.DataError) (1406, "Data too long for column 'group_key' at row 1")
[SQL: INSERT INTO inventory_group (group_key, identifier, item_name, manufacturer, model, capacity, quantity, updated_at) VALUES (%(group_key)s, %(identifier)s, %(item_name)s, %(manufacturer)s, %(model)s, %(capacity)s, %(quantity)s, %(updated_at)s)]
[parameters: {'group_key': '{"`1-4": "3285276-P", "`1-4_10": null, "`1-4_11": null, "`1-4_12": null, "`1-4_13": null, "`1-4_14": null, "`1-4_15": null, "`1-4_16": null, "`1-4_17 ... (309 characters truncated) ... l, "`1-4_34": null, "`1-4_35": null, "`1-4_36": null, "`1-4_4": null, "`1-4_5": null, "`1-4_6": null, "`1-4_7": null, "`1-4_8": null, "`1-4_9": null}', 'identifier': None, 'item_name': None, 'manufacturer': None, 'model': None, 'capacity': None, 'quantity': 0, 'updated_at': datetime.datetime(2026, 9, 7, 0, 27, 30, 595019)}]
(Background on this error at: https://sqlalche.me/e/20/9h9h)
2026-09-08 10:24:18 | ERROR | app | Unhandled exception | request_id=0501bf00a64a | method=GET | path=/logout
Traceback (most recent call last):
  File "C:\Users\leegg\Documents\StockFlow_final_logging\.venv\Lib\site-packages\sqlalchemy\engine\base.py", line 1969, in _exec_single_context
    self.dialect.do_execute(
  File "C:\Users\leegg\Documents\StockFlow_final_logging\.venv\Lib\site-packages\sqlalchemy\engine\default.py", line 952, in do_execute
    cursor.execute(statement, parameters)
  File "C:\Users\leegg\Documents\StockFlow_final_logging\.venv\Lib\site-packages\pymysql\cursors.py", line 153, in execute
    result = self._query(query)
             ^^^^^^^^^^^^^^^^^^
  File "C:\Users\leegg\Documents\StockFlow_final_logging\.venv\Lib\site-packages\pymysql\cursors.py", line 322, in _query
    conn.query(q)
  File "C:\Users\leegg\Documents\StockFlow_final_logging\.venv\Lib\site-packages\pymysql\connections.py", line 575, in query
    self._affected_rows = self._read_query_result(unbuffered=unbuffered)
                          ^^^^^^^^^^^^^^^^^^^^^^^^^^^^^^^^^^^^^^^^^^^^^^
  File "C:\Users\leegg\Documents\StockFlow_final_logging\.venv\Lib\site-packages\pymysql\connections.py", line 826, in _read_query_result
    result.read()
  File "C:\Users\leegg\Documents\StockFlow_final_logging\.venv\Lib\site-packages\pymysql\connections.py", line 1203, in read
    first_packet = self.connection._read_packet()
                   ^^^^^^^^^^^^^^^^^^^^^^^^^^^^^^
  File "C:\Users\leegg\Documents\StockFlow_final_logging\.venv\Lib\site-packages\pymysql\connections.py", line 782, in _read_packet
    packet.raise_for_error()
  File "C:\Users\leegg\Documents\StockFlow_final_logging\.venv\Lib\site-packages\pymysql\protocol.py", line 219, in raise_for_error
    err.raise_mysql_exception(self._data)
  File "C:\Users\leegg\Documents\StockFlow_final_logging\.venv\Lib\site-packages\pymysql\err.py", line 150, in raise_mysql_exception
    raise errorclass(errno, errval)
pymysql.err.OperationalError: (1054, "Unknown column 'user.name' in 'field list'")

The above exception was the direct cause of the following exception:

Traceback (most recent call last):
  File "C:\Users\leegg\Documents\StockFlow_final_logging\.venv\Lib\site-packages\flask\app.py", line 917, in full_dispatch_request
    rv = self.dispatch_request()
         ^^^^^^^^^^^^^^^^^^^^^^^
  File "C:\Users\leegg\Documents\StockFlow_final_logging\.venv\Lib\site-packages\flask\app.py", line 902, in dispatch_request
    return self.ensure_sync(self.view_functions[rule.endpoint])(**view_args)  # type: ignore[no-any-return]
           ^^^^^^^^^^^^^^^^^^^^^^^^^^^^^^^^^^^^^^^^^^^^^^^^^^^^^^^^^^^^^^^^^
  File "C:\Users\leegg\Documents\StockFlow_final_logging\.venv\Lib\site-packages\flask_login\utils.py", line 284, in decorated_view
    elif not current_user.is_authenticated:
             ^^^^^^^^^^^^^^^^^^^^^^^^^^^^^
  File "C:\Users\leegg\Documents\StockFlow_final_logging\.venv\Lib\site-packages\werkzeug\local.py", line 318, in __get__
    obj = instance._get_current_object()
          ^^^^^^^^^^^^^^^^^^^^^^^^^^^^^^
  File "C:\Users\leegg\Documents\StockFlow_final_logging\.venv\Lib\site-packages\werkzeug\local.py", line 526, in _get_current_object
    return get_name(local())
                    ^^^^^^^
  File "C:\Users\leegg\Documents\StockFlow_final_logging\.venv\Lib\site-packages\flask_login\utils.py", line 25, in <lambda>
    current_user = LocalProxy(lambda: _get_user())
                                      ^^^^^^^^^^^
  File "C:\Users\leegg\Documents\StockFlow_final_logging\.venv\Lib\site-packages\flask_login\utils.py", line 370, in _get_user
    current_app.login_manager._load_user()
  File "C:\Users\leegg\Documents\StockFlow_final_logging\.venv\Lib\site-packages\flask_login\login_manager.py", line 364, in _load_user
    user = self._user_callback(user_id)
           ^^^^^^^^^^^^^^^^^^^^^^^^^^^^
  File "C:\Users\leegg\Documents\StockFlow_final_logging\app\__init__.py", line 86, in load_user
    return db.session.get(User, int(user_id))
           ^^^^^^^^^^^^^^^^^^^^^^^^^^^^^^^^^^
  File "C:\Users\leegg\Documents\StockFlow_final_logging\.venv\Lib\site-packages\sqlalchemy\orm\scoping.py", line 1043, in get
    return self._proxied.get(
           ^^^^^^^^^^^^^^^^^^
  File "C:\Users\leegg\Documents\StockFlow_final_logging\.venv\Lib\site-packages\sqlalchemy\orm\session.py", line 3702, in get
    return self._get_impl(
           ^^^^^^^^^^^^^^^
  File "C:\Users\leegg\Documents\StockFlow_final_logging\.venv\Lib\site-packages\sqlalchemy\orm\session.py", line 3881, in _get_impl
    return db_load_fn(
           ^^^^^^^^^^^
  File "C:\Users\leegg\Documents\StockFlow_final_logging\.venv\Lib\site-packages\sqlalchemy\orm\loading.py", line 695, in load_on_pk_identity
    session.execute(
  File "C:\Users\leegg\Documents\StockFlow_final_logging\.venv\Lib\site-packages\sqlalchemy\orm\session.py", line 2373, in execute
    return self._execute_internal(
           ^^^^^^^^^^^^^^^^^^^^^^^
  File "C:\Users\leegg\Documents\StockFlow_final_logging\.venv\Lib\site-packages\sqlalchemy\orm\session.py", line 2271, in _execute_internal
    result: Result[Any] = compile_state_cls.orm_execute_statement(
                          ^^^^^^^^^^^^^^^^^^^^^^^^^^^^^^^^^^^^^^^^
  File "C:\Users\leegg\Documents\StockFlow_final_logging\.venv\Lib\site-packages\sqlalchemy\orm\context.py", line 306, in orm_execute_statement
    result = conn.execute(
             ^^^^^^^^^^^^^
  File "C:\Users\leegg\Documents\StockFlow_final_logging\.venv\Lib\site-packages\sqlalchemy\engine\base.py", line 1421, in execute
    return meth(
           ^^^^^
  File "C:\Users\leegg\Documents\StockFlow_final_logging\.venv\Lib\site-packages\sqlalchemy\sql\elements.py", line 526, in _execute_on_connection
    return connection._execute_clauseelement(
           ^^^^^^^^^^^^^^^^^^^^^^^^^^^^^^^^^^
  File "C:\Users\leegg\Documents\StockFlow_final_logging\.venv\Lib\site-packages\sqlalchemy\engine\base.py", line 1643, in _execute_clauseelement
    ret = self._execute_context(
          ^^^^^^^^^^^^^^^^^^^^^^
  File "C:\Users\leegg\Documents\StockFlow_final_logging\.venv\Lib\site-packages\sqlalchemy\engine\base.py", line 1848, in _execute_context
    return self._exec_single_context(
           ^^^^^^^^^^^^^^^^^^^^^^^^^^
  File "C:\Users\leegg\Documents\StockFlow_final_logging\.venv\Lib\site-packages\sqlalchemy\engine\base.py", line 1988, in _exec_single_context
    self._handle_dbapi_exception(
  File "C:\Users\leegg\Documents\StockFlow_final_logging\.venv\Lib\site-packages\sqlalchemy\engine\base.py", line 2365, in _handle_dbapi_exception
    raise sqlalchemy_exception.with_traceback(exc_info[2]) from e
  File "C:\Users\leegg\Documents\StockFlow_final_logging\.venv\Lib\site-packages\sqlalchemy\engine\base.py", line 1969, in _exec_single_context
    self.dialect.do_execute(
  File "C:\Users\leegg\Documents\StockFlow_final_logging\.venv\Lib\site-packages\sqlalchemy\engine\default.py", line 952, in do_execute
    cursor.execute(statement, parameters)
  File "C:\Users\leegg\Documents\StockFlow_final_logging\.venv\Lib\site-packages\pymysql\cursors.py", line 153, in execute
    result = self._query(query)
             ^^^^^^^^^^^^^^^^^^
  File "C:\Users\leegg\Documents\StockFlow_final_logging\.venv\Lib\site-packages\pymysql\cursors.py", line 322, in _query
    conn.query(q)
  File "C:\Users\leegg\Documents\StockFlow_final_logging\.venv\Lib\site-packages\pymysql\connections.py", line 575, in query
    self._affected_rows = self._read_query_result(unbuffered=unbuffered)
                          ^^^^^^^^^^^^^^^^^^^^^^^^^^^^^^^^^^^^^^^^^^^^^^
  File "C:\Users\leegg\Documents\StockFlow_final_logging\.venv\Lib\site-packages\pymysql\connections.py", line 826, in _read_query_result
    result.read()
  File "C:\Users\leegg\Documents\StockFlow_final_logging\.venv\Lib\site-packages\pymysql\connections.py", line 1203, in read
    first_packet = self.connection._read_packet()
                   ^^^^^^^^^^^^^^^^^^^^^^^^^^^^^^
  File "C:\Users\leegg\Documents\StockFlow_final_logging\.venv\Lib\site-packages\pymysql\connections.py", line 782, in _read_packet
    packet.raise_for_error()
  File "C:\Users\leegg\Documents\StockFlow_final_logging\.venv\Lib\site-packages\pymysql\protocol.py", line 219, in raise_for_error
    err.raise_mysql_exception(self._data)
  File "C:\Users\leegg\Documents\StockFlow_final_logging\.venv\Lib\site-packages\pymysql\err.py", line 150, in raise_mysql_exception
    raise errorclass(errno, errval)
sqlalchemy.exc.OperationalError: (pymysql.err.OperationalError) (1054, "Unknown column 'user.name' in 'field list'")
[SQL: SELECT user.id AS user_id, user.username AS user_username, user.password_hash AS user_password_hash, user.`role` AS user_role, user.name AS user_name, user.position AS user_position, user.created_at AS user_created_at 
FROM user 
WHERE user.id = %(pk_1)s]
[parameters: {'pk_1': 6}]
(Background on this error at: https://sqlalche.me/e/20/e3q8)
2026-09-08 10:24:19 | ERROR | app | Exception on /logout [GET]
Traceback (most recent call last):
  File "C:\Users\leegg\Documents\StockFlow_final_logging\.venv\Lib\site-packages\sqlalchemy\engine\base.py", line 1969, in _exec_single_context
    self.dialect.do_execute(
  File "C:\Users\leegg\Documents\StockFlow_final_logging\.venv\Lib\site-packages\sqlalchemy\engine\default.py", line 952, in do_execute
    cursor.execute(statement, parameters)
  File "C:\Users\leegg\Documents\StockFlow_final_logging\.venv\Lib\site-packages\pymysql\cursors.py", line 153, in execute
    result = self._query(query)
             ^^^^^^^^^^^^^^^^^^
  File "C:\Users\leegg\Documents\StockFlow_final_logging\.venv\Lib\site-packages\pymysql\cursors.py", line 322, in _query
    conn.query(q)
  File "C:\Users\leegg\Documents\StockFlow_final_logging\.venv\Lib\site-packages\pymysql\connections.py", line 575, in query
    self._affected_rows = self._read_query_result(unbuffered=unbuffered)
                          ^^^^^^^^^^^^^^^^^^^^^^^^^^^^^^^^^^^^^^^^^^^^^^
  File "C:\Users\leegg\Documents\StockFlow_final_logging\.venv\Lib\site-packages\pymysql\connections.py", line 826, in _read_query_result
    result.read()
  File "C:\Users\leegg\Documents\StockFlow_final_logging\.venv\Lib\site-packages\pymysql\connections.py", line 1203, in read
    first_packet = self.connection._read_packet()
                   ^^^^^^^^^^^^^^^^^^^^^^^^^^^^^^
  File "C:\Users\leegg\Documents\StockFlow_final_logging\.venv\Lib\site-packages\pymysql\connections.py", line 782, in _read_packet
    packet.raise_for_error()
  File "C:\Users\leegg\Documents\StockFlow_final_logging\.venv\Lib\site-packages\pymysql\protocol.py", line 219, in raise_for_error
    err.raise_mysql_exception(self._data)
  File "C:\Users\leegg\Documents\StockFlow_final_logging\.venv\Lib\site-packages\pymysql\err.py", line 150, in raise_mysql_exception
    raise errorclass(errno, errval)
pymysql.err.OperationalError: (1054, "Unknown column 'user.name' in 'field list'")

The above exception was the direct cause of the following exception:

Traceback (most recent call last):
  File "C:\Users\leegg\Documents\StockFlow_final_logging\.venv\Lib\site-packages\flask\app.py", line 1511, in wsgi_app
    response = self.full_dispatch_request()
               ^^^^^^^^^^^^^^^^^^^^^^^^^^^^
  File "C:\Users\leegg\Documents\StockFlow_final_logging\.venv\Lib\site-packages\flask\app.py", line 920, in full_dispatch_request
    return self.finalize_request(rv)
           ^^^^^^^^^^^^^^^^^^^^^^^^^
  File "C:\Users\leegg\Documents\StockFlow_final_logging\.venv\Lib\site-packages\flask\app.py", line 941, in finalize_request
    response = self.process_response(response)
               ^^^^^^^^^^^^^^^^^^^^^^^^^^^^^^^
  File "C:\Users\leegg\Documents\StockFlow_final_logging\.venv\Lib\site-packages\flask\app.py", line 1319, in process_response
    response = self.ensure_sync(func)(response)
               ^^^^^^^^^^^^^^^^^^^^^^^^^^^^^^^^
  File "C:\Users\leegg\Documents\StockFlow_final_logging\app\__init__.py", line 42, in _request_end
    getattr(current_user, "id", None) if current_user.is_authenticated else None
                                         ^^^^^^^^^^^^^^^^^^^^^^^^^^^^^
  File "C:\Users\leegg\Documents\StockFlow_final_logging\.venv\Lib\site-packages\werkzeug\local.py", line 318, in __get__
    obj = instance._get_current_object()
          ^^^^^^^^^^^^^^^^^^^^^^^^^^^^^^
  File "C:\Users\leegg\Documents\StockFlow_final_logging\.venv\Lib\site-packages\werkzeug\local.py", line 526, in _get_current_object
    return get_name(local())
                    ^^^^^^^
  File "C:\Users\leegg\Documents\StockFlow_final_logging\.venv\Lib\site-packages\flask_login\utils.py", line 25, in <lambda>
    current_user = LocalProxy(lambda: _get_user())
                                      ^^^^^^^^^^^
  File "C:\Users\leegg\Documents\StockFlow_final_logging\.venv\Lib\site-packages\flask_login\utils.py", line 370, in _get_user
    current_app.login_manager._load_user()
  File "C:\Users\leegg\Documents\StockFlow_final_logging\.venv\Lib\site-packages\flask_login\login_manager.py", line 364, in _load_user
    user = self._user_callback(user_id)
           ^^^^^^^^^^^^^^^^^^^^^^^^^^^^
  File "C:\Users\leegg\Documents\StockFlow_final_logging\app\__init__.py", line 86, in load_user
    return db.session.get(User, int(user_id))
           ^^^^^^^^^^^^^^^^^^^^^^^^^^^^^^^^^^
  File "C:\Users\leegg\Documents\StockFlow_final_logging\.venv\Lib\site-packages\sqlalchemy\orm\scoping.py", line 1043, in get
    return self._proxied.get(
           ^^^^^^^^^^^^^^^^^^
  File "C:\Users\leegg\Documents\StockFlow_final_logging\.venv\Lib\site-packages\sqlalchemy\orm\session.py", line 3702, in get
    return self._get_impl(
           ^^^^^^^^^^^^^^^
  File "C:\Users\leegg\Documents\StockFlow_final_logging\.venv\Lib\site-packages\sqlalchemy\orm\session.py", line 3881, in _get_impl
    return db_load_fn(
           ^^^^^^^^^^^
  File "C:\Users\leegg\Documents\StockFlow_final_logging\.venv\Lib\site-packages\sqlalchemy\orm\loading.py", line 695, in load_on_pk_identity
    session.execute(
  File "C:\Users\leegg\Documents\StockFlow_final_logging\.venv\Lib\site-packages\sqlalchemy\orm\session.py", line 2373, in execute
    return self._execute_internal(
           ^^^^^^^^^^^^^^^^^^^^^^^
  File "C:\Users\leegg\Documents\StockFlow_final_logging\.venv\Lib\site-packages\sqlalchemy\orm\session.py", line 2271, in _execute_internal
    result: Result[Any] = compile_state_cls.orm_execute_statement(
                          ^^^^^^^^^^^^^^^^^^^^^^^^^^^^^^^^^^^^^^^^
  File "C:\Users\leegg\Documents\StockFlow_final_logging\.venv\Lib\site-packages\sqlalchemy\orm\context.py", line 306, in orm_execute_statement
    result = conn.execute(
             ^^^^^^^^^^^^^
  File "C:\Users\leegg\Documents\StockFlow_final_logging\.venv\Lib\site-packages\sqlalchemy\engine\base.py", line 1421, in execute
    return meth(
           ^^^^^
  File "C:\Users\leegg\Documents\StockFlow_final_logging\.venv\Lib\site-packages\sqlalchemy\sql\elements.py", line 526, in _execute_on_connection
    return connection._execute_clauseelement(
           ^^^^^^^^^^^^^^^^^^^^^^^^^^^^^^^^^^
  File "C:\Users\leegg\Documents\StockFlow_final_logging\.venv\Lib\site-packages\sqlalchemy\engine\base.py", line 1643, in _execute_clauseelement
    ret = self._execute_context(
          ^^^^^^^^^^^^^^^^^^^^^^
  File "C:\Users\leegg\Documents\StockFlow_final_logging\.venv\Lib\site-packages\sqlalchemy\engine\base.py", line 1848, in _execute_context
    return self._exec_single_context(
           ^^^^^^^^^^^^^^^^^^^^^^^^^^
  File "C:\Users\leegg\Documents\StockFlow_final_logging\.venv\Lib\site-packages\sqlalchemy\engine\base.py", line 1988, in _exec_single_context
    self._handle_dbapi_exception(
  File "C:\Users\leegg\Documents\StockFlow_final_logging\.venv\Lib\site-packages\sqlalchemy\engine\base.py", line 2365, in _handle_dbapi_exception
    raise sqlalchemy_exception.with_traceback(exc_info[2]) from e
  File "C:\Users\leegg\Documents\StockFlow_final_logging\.venv\Lib\site-packages\sqlalchemy\engine\base.py", line 1969, in _exec_single_context
    self.dialect.do_execute(
  File "C:\Users\leegg\Documents\StockFlow_final_logging\.venv\Lib\site-packages\sqlalchemy\engine\default.py", line 952, in do_execute
    cursor.execute(statement, parameters)
  File "C:\Users\leegg\Documents\StockFlow_final_logging\.venv\Lib\site-packages\pymysql\cursors.py", line 153, in execute
    result = self._query(query)
             ^^^^^^^^^^^^^^^^^^
  File "C:\Users\leegg\Documents\StockFlow_final_logging\.venv\Lib\site-packages\pymysql\cursors.py", line 322, in _query
    conn.query(q)
  File "C:\Users\leegg\Documents\StockFlow_final_logging\.venv\Lib\site-packages\pymysql\connections.py", line 575, in query
    self._affected_rows = self._read_query_result(unbuffered=unbuffered)
                          ^^^^^^^^^^^^^^^^^^^^^^^^^^^^^^^^^^^^^^^^^^^^^^
  File "C:\Users\leegg\Documents\StockFlow_final_logging\.venv\Lib\site-packages\pymysql\connections.py", line 826, in _read_query_result
    result.read()
  File "C:\Users\leegg\Documents\StockFlow_final_logging\.venv\Lib\site-packages\pymysql\connections.py", line 1203, in read
    first_packet = self.connection._read_packet()
                   ^^^^^^^^^^^^^^^^^^^^^^^^^^^^^^
  File "C:\Users\leegg\Documents\StockFlow_final_logging\.venv\Lib\site-packages\pymysql\connections.py", line 782, in _read_packet
    packet.raise_for_error()
  File "C:\Users\leegg\Documents\StockFlow_final_logging\.venv\Lib\site-packages\pymysql\protocol.py", line 219, in raise_for_error
    err.raise_mysql_exception(self._data)
  File "C:\Users\leegg\Documents\StockFlow_final_logging\.venv\Lib\site-packages\pymysql\err.py", line 150, in raise_mysql_exception
    raise errorclass(errno, errval)
sqlalchemy.exc.OperationalError: (pymysql.err.OperationalError) (1054, "Unknown column 'user.name' in 'field list'")
[SQL: SELECT user.id AS user_id, user.username AS user_username, user.password_hash AS user_password_hash, user.`role` AS user_role, user.name AS user_name, user.position AS user_position, user.created_at AS user_created_at 
FROM user 
WHERE user.id = %(pk_1)s]
[parameters: {'pk_1': 6}]
(Background on this error at: https://sqlalche.me/e/20/e3q8)
2026-09-08 10:24:19 | ERROR | app | Request finalizing failed with an error while handling an error
Traceback (most recent call last):
  File "C:\Users\leegg\Documents\StockFlow_final_logging\.venv\Lib\site-packages\sqlalchemy\engine\base.py", line 1969, in _exec_single_context
    self.dialect.do_execute(
  File "C:\Users\leegg\Documents\StockFlow_final_logging\.venv\Lib\site-packages\sqlalchemy\engine\default.py", line 952, in do_execute
    cursor.execute(statement, parameters)
  File "C:\Users\leegg\Documents\StockFlow_final_logging\.venv\Lib\site-packages\pymysql\cursors.py", line 153, in execute
    result = self._query(query)
             ^^^^^^^^^^^^^^^^^^
  File "C:\Users\leegg\Documents\StockFlow_final_logging\.venv\Lib\site-packages\pymysql\cursors.py", line 322, in _query
    conn.query(q)
  File "C:\Users\leegg\Documents\StockFlow_final_logging\.venv\Lib\site-packages\pymysql\connections.py", line 575, in query
    self._affected_rows = self._read_query_result(unbuffered=unbuffered)
                          ^^^^^^^^^^^^^^^^^^^^^^^^^^^^^^^^^^^^^^^^^^^^^^
  File "C:\Users\leegg\Documents\StockFlow_final_logging\.venv\Lib\site-packages\pymysql\connections.py", line 826, in _read_query_result
    result.read()
  File "C:\Users\leegg\Documents\StockFlow_final_logging\.venv\Lib\site-packages\pymysql\connections.py", line 1203, in read
    first_packet = self.connection._read_packet()
                   ^^^^^^^^^^^^^^^^^^^^^^^^^^^^^^
  File "C:\Users\leegg\Documents\StockFlow_final_logging\.venv\Lib\site-packages\pymysql\connections.py", line 782, in _read_packet
    packet.raise_for_error()
  File "C:\Users\leegg\Documents\StockFlow_final_logging\.venv\Lib\site-packages\pymysql\protocol.py", line 219, in raise_for_error
    err.raise_mysql_exception(self._data)
  File "C:\Users\leegg\Documents\StockFlow_final_logging\.venv\Lib\site-packages\pymysql\err.py", line 150, in raise_mysql_exception
    raise errorclass(errno, errval)
pymysql.err.OperationalError: (1054, "Unknown column 'user.name' in 'field list'")

The above exception was the direct cause of the following exception:

Traceback (most recent call last):
  File "C:\Users\leegg\Documents\StockFlow_final_logging\.venv\Lib\site-packages\flask\app.py", line 1511, in wsgi_app
    response = self.full_dispatch_request()
               ^^^^^^^^^^^^^^^^^^^^^^^^^^^^
  File "C:\Users\leegg\Documents\StockFlow_final_logging\.venv\Lib\site-packages\flask\app.py", line 920, in full_dispatch_request
    return self.finalize_request(rv)
           ^^^^^^^^^^^^^^^^^^^^^^^^^
  File "C:\Users\leegg\Documents\StockFlow_final_logging\.venv\Lib\site-packages\flask\app.py", line 941, in finalize_request
    response = self.process_response(response)
               ^^^^^^^^^^^^^^^^^^^^^^^^^^^^^^^
  File "C:\Users\leegg\Documents\StockFlow_final_logging\.venv\Lib\site-packages\flask\app.py", line 1319, in process_response
    response = self.ensure_sync(func)(response)
               ^^^^^^^^^^^^^^^^^^^^^^^^^^^^^^^^
  File "C:\Users\leegg\Documents\StockFlow_final_logging\app\__init__.py", line 42, in _request_end
    getattr(current_user, "id", None) if current_user.is_authenticated else None
                                         ^^^^^^^^^^^^^^^^^^^^^^^^^^^^^
  File "C:\Users\leegg\Documents\StockFlow_final_logging\.venv\Lib\site-packages\werkzeug\local.py", line 318, in __get__
    obj = instance._get_current_object()
          ^^^^^^^^^^^^^^^^^^^^^^^^^^^^^^
  File "C:\Users\leegg\Documents\StockFlow_final_logging\.venv\Lib\site-packages\werkzeug\local.py", line 526, in _get_current_object
    return get_name(local())
                    ^^^^^^^
  File "C:\Users\leegg\Documents\StockFlow_final_logging\.venv\Lib\site-packages\flask_login\utils.py", line 25, in <lambda>
    current_user = LocalProxy(lambda: _get_user())
                                      ^^^^^^^^^^^
  File "C:\Users\leegg\Documents\StockFlow_final_logging\.venv\Lib\site-packages\flask_login\utils.py", line 370, in _get_user
    current_app.login_manager._load_user()
  File "C:\Users\leegg\Documents\StockFlow_final_logging\.venv\Lib\site-packages\flask_login\login_manager.py", line 364, in _load_user
    user = self._user_callback(user_id)
           ^^^^^^^^^^^^^^^^^^^^^^^^^^^^
  File "C:\Users\leegg\Documents\StockFlow_final_logging\app\__init__.py", line 86, in load_user
    return db.session.get(User, int(user_id))
           ^^^^^^^^^^^^^^^^^^^^^^^^^^^^^^^^^^
  File "C:\Users\leegg\Documents\StockFlow_final_logging\.venv\Lib\site-packages\sqlalchemy\orm\scoping.py", line 1043, in get
    return self._proxied.get(
           ^^^^^^^^^^^^^^^^^^
  File "C:\Users\leegg\Documents\StockFlow_final_logging\.venv\Lib\site-packages\sqlalchemy\orm\session.py", line 3702, in get
    return self._get_impl(
           ^^^^^^^^^^^^^^^
  File "C:\Users\leegg\Documents\StockFlow_final_logging\.venv\Lib\site-packages\sqlalchemy\orm\session.py", line 3881, in _get_impl
    return db_load_fn(
           ^^^^^^^^^^^
  File "C:\Users\leegg\Documents\StockFlow_final_logging\.venv\Lib\site-packages\sqlalchemy\orm\loading.py", line 695, in load_on_pk_identity
    session.execute(
  File "C:\Users\leegg\Documents\StockFlow_final_logging\.venv\Lib\site-packages\sqlalchemy\orm\session.py", line 2373, in execute
    return self._execute_internal(
           ^^^^^^^^^^^^^^^^^^^^^^^
  File "C:\Users\leegg\Documents\StockFlow_final_logging\.venv\Lib\site-packages\sqlalchemy\orm\session.py", line 2271, in _execute_internal
    result: Result[Any] = compile_state_cls.orm_execute_statement(
                          ^^^^^^^^^^^^^^^^^^^^^^^^^^^^^^^^^^^^^^^^
  File "C:\Users\leegg\Documents\StockFlow_final_logging\.venv\Lib\site-packages\sqlalchemy\orm\context.py", line 306, in orm_execute_statement
    result = conn.execute(
             ^^^^^^^^^^^^^
  File "C:\Users\leegg\Documents\StockFlow_final_logging\.venv\Lib\site-packages\sqlalchemy\engine\base.py", line 1421, in execute
    return meth(
           ^^^^^
  File "C:\Users\leegg\Documents\StockFlow_final_logging\.venv\Lib\site-packages\sqlalchemy\sql\elements.py", line 526, in _execute_on_connection
    return connection._execute_clauseelement(
           ^^^^^^^^^^^^^^^^^^^^^^^^^^^^^^^^^^
  File "C:\Users\leegg\Documents\StockFlow_final_logging\.venv\Lib\site-packages\sqlalchemy\engine\base.py", line 1643, in _execute_clauseelement
    ret = self._execute_context(
          ^^^^^^^^^^^^^^^^^^^^^^
  File "C:\Users\leegg\Documents\StockFlow_final_logging\.venv\Lib\site-packages\sqlalchemy\engine\base.py", line 1848, in _execute_context
    return self._exec_single_context(
           ^^^^^^^^^^^^^^^^^^^^^^^^^^
  File "C:\Users\leegg\Documents\StockFlow_final_logging\.venv\Lib\site-packages\sqlalchemy\engine\base.py", line 1988, in _exec_single_context
    self._handle_dbapi_exception(
  File "C:\Users\leegg\Documents\StockFlow_final_logging\.venv\Lib\site-packages\sqlalchemy\engine\base.py", line 2365, in _handle_dbapi_exception
    raise sqlalchemy_exception.with_traceback(exc_info[2]) from e
  File "C:\Users\leegg\Documents\StockFlow_final_logging\.venv\Lib\site-packages\sqlalchemy\engine\base.py", line 1969, in _exec_single_context
    self.dialect.do_execute(
  File "C:\Users\leegg\Documents\StockFlow_final_logging\.venv\Lib\site-packages\sqlalchemy\engine\default.py", line 952, in do_execute
    cursor.execute(statement, parameters)
  File "C:\Users\leegg\Documents\StockFlow_final_logging\.venv\Lib\site-packages\pymysql\cursors.py", line 153, in execute
    result = self._query(query)
             ^^^^^^^^^^^^^^^^^^
  File "C:\Users\leegg\Documents\StockFlow_final_logging\.venv\Lib\site-packages\pymysql\cursors.py", line 322, in _query
    conn.query(q)
  File "C:\Users\leegg\Documents\StockFlow_final_logging\.venv\Lib\site-packages\pymysql\connections.py", line 575, in query
    self._affected_rows = self._read_query_result(unbuffered=unbuffered)
                          ^^^^^^^^^^^^^^^^^^^^^^^^^^^^^^^^^^^^^^^^^^^^^^
  File "C:\Users\leegg\Documents\StockFlow_final_logging\.venv\Lib\site-packages\pymysql\connections.py", line 826, in _read_query_result
    result.read()
  File "C:\Users\leegg\Documents\StockFlow_final_logging\.venv\Lib\site-packages\pymysql\connections.py", line 1203, in read
    first_packet = self.connection._read_packet()
                   ^^^^^^^^^^^^^^^^^^^^^^^^^^^^^^
  File "C:\Users\leegg\Documents\StockFlow_final_logging\.venv\Lib\site-packages\pymysql\connections.py", line 782, in _read_packet
    packet.raise_for_error()
  File "C:\Users\leegg\Documents\StockFlow_final_logging\.venv\Lib\site-packages\pymysql\protocol.py", line 219, in raise_for_error
    err.raise_mysql_exception(self._data)
  File "C:\Users\leegg\Documents\StockFlow_final_logging\.venv\Lib\site-packages\pymysql\err.py", line 150, in raise_mysql_exception
    raise errorclass(errno, errval)
sqlalchemy.exc.OperationalError: (pymysql.err.OperationalError) (1054, "Unknown column 'user.name' in 'field list'")
[SQL: SELECT user.id AS user_id, user.username AS user_username, user.password_hash AS user_password_hash, user.`role` AS user_role, user.name AS user_name, user.position AS user_position, user.created_at AS user_created_at 
FROM user 
WHERE user.id = %(pk_1)s]
[parameters: {'pk_1': 6}]
(Background on this error at: https://sqlalche.me/e/20/e3q8)

During handling of the above exception, another exception occurred:

Traceback (most recent call last):
  File "C:\Users\leegg\Documents\StockFlow_final_logging\.venv\Lib\site-packages\sqlalchemy\engine\base.py", line 1969, in _exec_single_context
    self.dialect.do_execute(
  File "C:\Users\leegg\Documents\StockFlow_final_logging\.venv\Lib\site-packages\sqlalchemy\engine\default.py", line 952, in do_execute
    cursor.execute(statement, parameters)
  File "C:\Users\leegg\Documents\StockFlow_final_logging\.venv\Lib\site-packages\pymysql\cursors.py", line 153, in execute
    result = self._query(query)
             ^^^^^^^^^^^^^^^^^^
  File "C:\Users\leegg\Documents\StockFlow_final_logging\.venv\Lib\site-packages\pymysql\cursors.py", line 322, in _query
    conn.query(q)
  File "C:\Users\leegg\Documents\StockFlow_final_logging\.venv\Lib\site-packages\pymysql\connections.py", line 575, in query
    self._affected_rows = self._read_query_result(unbuffered=unbuffered)
                          ^^^^^^^^^^^^^^^^^^^^^^^^^^^^^^^^^^^^^^^^^^^^^^
  File "C:\Users\leegg\Documents\StockFlow_final_logging\.venv\Lib\site-packages\pymysql\connections.py", line 826, in _read_query_result
    result.read()
  File "C:\Users\leegg\Documents\StockFlow_final_logging\.venv\Lib\site-packages\pymysql\connections.py", line 1203, in read
    first_packet = self.connection._read_packet()
                   ^^^^^^^^^^^^^^^^^^^^^^^^^^^^^^
  File "C:\Users\leegg\Documents\StockFlow_final_logging\.venv\Lib\site-packages\pymysql\connections.py", line 782, in _read_packet
    packet.raise_for_error()
  File "C:\Users\leegg\Documents\StockFlow_final_logging\.venv\Lib\site-packages\pymysql\protocol.py", line 219, in raise_for_error
    err.raise_mysql_exception(self._data)
  File "C:\Users\leegg\Documents\StockFlow_final_logging\.venv\Lib\site-packages\pymysql\err.py", line 150, in raise_mysql_exception
    raise errorclass(errno, errval)
pymysql.err.OperationalError: (1054, "Unknown column 'user.name' in 'field list'")

The above exception was the direct cause of the following exception:

Traceback (most recent call last):
  File "C:\Users\leegg\Documents\StockFlow_final_logging\.venv\Lib\site-packages\flask\app.py", line 941, in finalize_request
    response = self.process_response(response)
               ^^^^^^^^^^^^^^^^^^^^^^^^^^^^^^^
  File "C:\Users\leegg\Documents\StockFlow_final_logging\.venv\Lib\site-packages\flask\app.py", line 1319, in process_response
    response = self.ensure_sync(func)(response)
               ^^^^^^^^^^^^^^^^^^^^^^^^^^^^^^^^
  File "C:\Users\leegg\Documents\StockFlow_final_logging\app\__init__.py", line 42, in _request_end
    getattr(current_user, "id", None) if current_user.is_authenticated else None
                                         ^^^^^^^^^^^^^^^^^^^^^^^^^^^^^
  File "C:\Users\leegg\Documents\StockFlow_final_logging\.venv\Lib\site-packages\werkzeug\local.py", line 318, in __get__
    obj = instance._get_current_object()
          ^^^^^^^^^^^^^^^^^^^^^^^^^^^^^^
  File "C:\Users\leegg\Documents\StockFlow_final_logging\.venv\Lib\site-packages\werkzeug\local.py", line 526, in _get_current_object
    return get_name(local())
                    ^^^^^^^
  File "C:\Users\leegg\Documents\StockFlow_final_logging\.venv\Lib\site-packages\flask_login\utils.py", line 25, in <lambda>
    current_user = LocalProxy(lambda: _get_user())
                                      ^^^^^^^^^^^
  File "C:\Users\leegg\Documents\StockFlow_final_logging\.venv\Lib\site-packages\flask_login\utils.py", line 370, in _get_user
    current_app.login_manager._load_user()
  File "C:\Users\leegg\Documents\StockFlow_final_logging\.venv\Lib\site-packages\flask_login\login_manager.py", line 364, in _load_user
    user = self._user_callback(user_id)
           ^^^^^^^^^^^^^^^^^^^^^^^^^^^^
  File "C:\Users\leegg\Documents\StockFlow_final_logging\app\__init__.py", line 86, in load_user
    return db.session.get(User, int(user_id))
           ^^^^^^^^^^^^^^^^^^^^^^^^^^^^^^^^^^
  File "C:\Users\leegg\Documents\StockFlow_final_logging\.venv\Lib\site-packages\sqlalchemy\orm\scoping.py", line 1043, in get
    return self._proxied.get(
           ^^^^^^^^^^^^^^^^^^
  File "C:\Users\leegg\Documents\StockFlow_final_logging\.venv\Lib\site-packages\sqlalchemy\orm\session.py", line 3702, in get
    return self._get_impl(
           ^^^^^^^^^^^^^^^
  File "C:\Users\leegg\Documents\StockFlow_final_logging\.venv\Lib\site-packages\sqlalchemy\orm\session.py", line 3881, in _get_impl
    return db_load_fn(
           ^^^^^^^^^^^
  File "C:\Users\leegg\Documents\StockFlow_final_logging\.venv\Lib\site-packages\sqlalchemy\orm\loading.py", line 695, in load_on_pk_identity
    session.execute(
  File "C:\Users\leegg\Documents\StockFlow_final_logging\.venv\Lib\site-packages\sqlalchemy\orm\session.py", line 2373, in execute
    return self._execute_internal(
           ^^^^^^^^^^^^^^^^^^^^^^^
  File "C:\Users\leegg\Documents\StockFlow_final_logging\.venv\Lib\site-packages\sqlalchemy\orm\session.py", line 2271, in _execute_internal
    result: Result[Any] = compile_state_cls.orm_execute_statement(
                          ^^^^^^^^^^^^^^^^^^^^^^^^^^^^^^^^^^^^^^^^
  File "C:\Users\leegg\Documents\StockFlow_final_logging\.venv\Lib\site-packages\sqlalchemy\orm\context.py", line 306, in orm_execute_statement
    result = conn.execute(
             ^^^^^^^^^^^^^
  File "C:\Users\leegg\Documents\StockFlow_final_logging\.venv\Lib\site-packages\sqlalchemy\engine\base.py", line 1421, in execute
    return meth(
           ^^^^^
  File "C:\Users\leegg\Documents\StockFlow_final_logging\.venv\Lib\site-packages\sqlalchemy\sql\elements.py", line 526, in _execute_on_connection
    return connection._execute_clauseelement(
           ^^^^^^^^^^^^^^^^^^^^^^^^^^^^^^^^^^
  File "C:\Users\leegg\Documents\StockFlow_final_logging\.venv\Lib\site-packages\sqlalchemy\engine\base.py", line 1643, in _execute_clauseelement
    ret = self._execute_context(
          ^^^^^^^^^^^^^^^^^^^^^^
  File "C:\Users\leegg\Documents\StockFlow_final_logging\.venv\Lib\site-packages\sqlalchemy\engine\base.py", line 1848, in _execute_context
    return self._exec_single_context(
           ^^^^^^^^^^^^^^^^^^^^^^^^^^
  File "C:\Users\leegg\Documents\StockFlow_final_logging\.venv\Lib\site-packages\sqlalchemy\engine\base.py", line 1988, in _exec_single_context
    self._handle_dbapi_exception(
  File "C:\Users\leegg\Documents\StockFlow_final_logging\.venv\Lib\site-packages\sqlalchemy\engine\base.py", line 2365, in _handle_dbapi_exception
    raise sqlalchemy_exception.with_traceback(exc_info[2]) from e
  File "C:\Users\leegg\Documents\StockFlow_final_logging\.venv\Lib\site-packages\sqlalchemy\engine\base.py", line 1969, in _exec_single_context
    self.dialect.do_execute(
  File "C:\Users\leegg\Documents\StockFlow_final_logging\.venv\Lib\site-packages\sqlalchemy\engine\default.py", line 952, in do_execute
    cursor.execute(statement, parameters)
  File "C:\Users\leegg\Documents\StockFlow_final_logging\.venv\Lib\site-packages\pymysql\cursors.py", line 153, in execute
    result = self._query(query)
             ^^^^^^^^^^^^^^^^^^
  File "C:\Users\leegg\Documents\StockFlow_final_logging\.venv\Lib\site-packages\pymysql\cursors.py", line 322, in _query
    conn.query(q)
  File "C:\Users\leegg\Documents\StockFlow_final_logging\.venv\Lib\site-packages\pymysql\connections.py", line 575, in query
    self._affected_rows = self._read_query_result(unbuffered=unbuffered)
                          ^^^^^^^^^^^^^^^^^^^^^^^^^^^^^^^^^^^^^^^^^^^^^^
  File "C:\Users\leegg\Documents\StockFlow_final_logging\.venv\Lib\site-packages\pymysql\connections.py", line 826, in _read_query_result
    result.read()
  File "C:\Users\leegg\Documents\StockFlow_final_logging\.venv\Lib\site-packages\pymysql\connections.py", line 1203, in read
    first_packet = self.connection._read_packet()
                   ^^^^^^^^^^^^^^^^^^^^^^^^^^^^^^
  File "C:\Users\leegg\Documents\StockFlow_final_logging\.venv\Lib\site-packages\pymysql\connections.py", line 782, in _read_packet
    packet.raise_for_error()
  File "C:\Users\leegg\Documents\StockFlow_final_logging\.venv\Lib\site-packages\pymysql\protocol.py", line 219, in raise_for_error
    err.raise_mysql_exception(self._data)
  File "C:\Users\leegg\Documents\StockFlow_final_logging\.venv\Lib\site-packages\pymysql\err.py", line 150, in raise_mysql_exception
    raise errorclass(errno, errval)
sqlalchemy.exc.OperationalError: (pymysql.err.OperationalError) (1054, "Unknown column 'user.name' in 'field list'")
[SQL: SELECT user.id AS user_id, user.username AS user_username, user.password_hash AS user_password_hash, user.`role` AS user_role, user.name AS user_name, user.position AS user_position, user.created_at AS user_created_at 
FROM user 
WHERE user.id = %(pk_1)s]
[parameters: {'pk_1': 6}]
(Background on this error at: https://sqlalche.me/e/20/e3q8)
2026-09-08 10:24:20 | ERROR | app | Unhandled exception | request_id=ad379eb918ac | method=GET | path=/logout
Traceback (most recent call last):
  File "C:\Users\leegg\Documents\StockFlow_final_logging\.venv\Lib\site-packages\sqlalchemy\engine\base.py", line 1969, in _exec_single_context
    self.dialect.do_execute(
  File "C:\Users\leegg\Documents\StockFlow_final_logging\.venv\Lib\site-packages\sqlalchemy\engine\default.py", line 952, in do_execute
    cursor.execute(statement, parameters)
  File "C:\Users\leegg\Documents\StockFlow_final_logging\.venv\Lib\site-packages\pymysql\cursors.py", line 153, in execute
    result = self._query(query)
             ^^^^^^^^^^^^^^^^^^
  File "C:\Users\leegg\Documents\StockFlow_final_logging\.venv\Lib\site-packages\pymysql\cursors.py", line 322, in _query
    conn.query(q)
  File "C:\Users\leegg\Documents\StockFlow_final_logging\.venv\Lib\site-packages\pymysql\connections.py", line 575, in query
    self._affected_rows = self._read_query_result(unbuffered=unbuffered)
                          ^^^^^^^^^^^^^^^^^^^^^^^^^^^^^^^^^^^^^^^^^^^^^^
  File "C:\Users\leegg\Documents\StockFlow_final_logging\.venv\Lib\site-packages\pymysql\connections.py", line 826, in _read_query_result
    result.read()
  File "C:\Users\leegg\Documents\StockFlow_final_logging\.venv\Lib\site-packages\pymysql\connections.py", line 1203, in read
    first_packet = self.connection._read_packet()
                   ^^^^^^^^^^^^^^^^^^^^^^^^^^^^^^
  File "C:\Users\leegg\Documents\StockFlow_final_logging\.venv\Lib\site-packages\pymysql\connections.py", line 782, in _read_packet
    packet.raise_for_error()
  File "C:\Users\leegg\Documents\StockFlow_final_logging\.venv\Lib\site-packages\pymysql\protocol.py", line 219, in raise_for_error
    err.raise_mysql_exception(self._data)
  File "C:\Users\leegg\Documents\StockFlow_final_logging\.venv\Lib\site-packages\pymysql\err.py", line 150, in raise_mysql_exception
    raise errorclass(errno, errval)
pymysql.err.OperationalError: (1054, "Unknown column 'user.name' in 'field list'")

The above exception was the direct cause of the following exception:

Traceback (most recent call last):
  File "C:\Users\leegg\Documents\StockFlow_final_logging\.venv\Lib\site-packages\flask\app.py", line 917, in full_dispatch_request
    rv = self.dispatch_request()
         ^^^^^^^^^^^^^^^^^^^^^^^
  File "C:\Users\leegg\Documents\StockFlow_final_logging\.venv\Lib\site-packages\flask\app.py", line 902, in dispatch_request
    return self.ensure_sync(self.view_functions[rule.endpoint])(**view_args)  # type: ignore[no-any-return]
           ^^^^^^^^^^^^^^^^^^^^^^^^^^^^^^^^^^^^^^^^^^^^^^^^^^^^^^^^^^^^^^^^^
  File "C:\Users\leegg\Documents\StockFlow_final_logging\.venv\Lib\site-packages\flask_login\utils.py", line 284, in decorated_view
    elif not current_user.is_authenticated:
             ^^^^^^^^^^^^^^^^^^^^^^^^^^^^^
  File "C:\Users\leegg\Documents\StockFlow_final_logging\.venv\Lib\site-packages\werkzeug\local.py", line 318, in __get__
    obj = instance._get_current_object()
          ^^^^^^^^^^^^^^^^^^^^^^^^^^^^^^
  File "C:\Users\leegg\Documents\StockFlow_final_logging\.venv\Lib\site-packages\werkzeug\local.py", line 526, in _get_current_object
    return get_name(local())
                    ^^^^^^^
  File "C:\Users\leegg\Documents\StockFlow_final_logging\.venv\Lib\site-packages\flask_login\utils.py", line 25, in <lambda>
    current_user = LocalProxy(lambda: _get_user())
                                      ^^^^^^^^^^^
  File "C:\Users\leegg\Documents\StockFlow_final_logging\.venv\Lib\site-packages\flask_login\utils.py", line 370, in _get_user
    current_app.login_manager._load_user()
  File "C:\Users\leegg\Documents\StockFlow_final_logging\.venv\Lib\site-packages\flask_login\login_manager.py", line 364, in _load_user
    user = self._user_callback(user_id)
           ^^^^^^^^^^^^^^^^^^^^^^^^^^^^
  File "C:\Users\leegg\Documents\StockFlow_final_logging\app\__init__.py", line 86, in load_user
    return db.session.get(User, int(user_id))
           ^^^^^^^^^^^^^^^^^^^^^^^^^^^^^^^^^^
  File "C:\Users\leegg\Documents\StockFlow_final_logging\.venv\Lib\site-packages\sqlalchemy\orm\scoping.py", line 1043, in get
    return self._proxied.get(
           ^^^^^^^^^^^^^^^^^^
  File "C:\Users\leegg\Documents\StockFlow_final_logging\.venv\Lib\site-packages\sqlalchemy\orm\session.py", line 3702, in get
    return self._get_impl(
           ^^^^^^^^^^^^^^^
  File "C:\Users\leegg\Documents\StockFlow_final_logging\.venv\Lib\site-packages\sqlalchemy\orm\session.py", line 3881, in _get_impl
    return db_load_fn(
           ^^^^^^^^^^^
  File "C:\Users\leegg\Documents\StockFlow_final_logging\.venv\Lib\site-packages\sqlalchemy\orm\loading.py", line 695, in load_on_pk_identity
    session.execute(
  File "C:\Users\leegg\Documents\StockFlow_final_logging\.venv\Lib\site-packages\sqlalchemy\orm\session.py", line 2373, in execute
    return self._execute_internal(
           ^^^^^^^^^^^^^^^^^^^^^^^
  File "C:\Users\leegg\Documents\StockFlow_final_logging\.venv\Lib\site-packages\sqlalchemy\orm\session.py", line 2271, in _execute_internal
    result: Result[Any] = compile_state_cls.orm_execute_statement(
                          ^^^^^^^^^^^^^^^^^^^^^^^^^^^^^^^^^^^^^^^^
  File "C:\Users\leegg\Documents\StockFlow_final_logging\.venv\Lib\site-packages\sqlalchemy\orm\context.py", line 306, in orm_execute_statement
    result = conn.execute(
             ^^^^^^^^^^^^^
  File "C:\Users\leegg\Documents\StockFlow_final_logging\.venv\Lib\site-packages\sqlalchemy\engine\base.py", line 1421, in execute
    return meth(
           ^^^^^
  File "C:\Users\leegg\Documents\StockFlow_final_logging\.venv\Lib\site-packages\sqlalchemy\sql\elements.py", line 526, in _execute_on_connection
    return connection._execute_clauseelement(
           ^^^^^^^^^^^^^^^^^^^^^^^^^^^^^^^^^^
  File "C:\Users\leegg\Documents\StockFlow_final_logging\.venv\Lib\site-packages\sqlalchemy\engine\base.py", line 1643, in _execute_clauseelement
    ret = self._execute_context(
          ^^^^^^^^^^^^^^^^^^^^^^
  File "C:\Users\leegg\Documents\StockFlow_final_logging\.venv\Lib\site-packages\sqlalchemy\engine\base.py", line 1848, in _execute_context
    return self._exec_single_context(
           ^^^^^^^^^^^^^^^^^^^^^^^^^^
  File "C:\Users\leegg\Documents\StockFlow_final_logging\.venv\Lib\site-packages\sqlalchemy\engine\base.py", line 1988, in _exec_single_context
    self._handle_dbapi_exception(
  File "C:\Users\leegg\Documents\StockFlow_final_logging\.venv\Lib\site-packages\sqlalchemy\engine\base.py", line 2365, in _handle_dbapi_exception
    raise sqlalchemy_exception.with_traceback(exc_info[2]) from e
  File "C:\Users\leegg\Documents\StockFlow_final_logging\.venv\Lib\site-packages\sqlalchemy\engine\base.py", line 1969, in _exec_single_context
    self.dialect.do_execute(
  File "C:\Users\leegg\Documents\StockFlow_final_logging\.venv\Lib\site-packages\sqlalchemy\engine\default.py", line 952, in do_execute
    cursor.execute(statement, parameters)
  File "C:\Users\leegg\Documents\StockFlow_final_logging\.venv\Lib\site-packages\pymysql\cursors.py", line 153, in execute
    result = self._query(query)
             ^^^^^^^^^^^^^^^^^^
  File "C:\Users\leegg\Documents\StockFlow_final_logging\.venv\Lib\site-packages\pymysql\cursors.py", line 322, in _query
    conn.query(q)
  File "C:\Users\leegg\Documents\StockFlow_final_logging\.venv\Lib\site-packages\pymysql\connections.py", line 575, in query
    self._affected_rows = self._read_query_result(unbuffered=unbuffered)
                          ^^^^^^^^^^^^^^^^^^^^^^^^^^^^^^^^^^^^^^^^^^^^^^
  File "C:\Users\leegg\Documents\StockFlow_final_logging\.venv\Lib\site-packages\pymysql\connections.py", line 826, in _read_query_result
    result.read()
  File "C:\Users\leegg\Documents\StockFlow_final_logging\.venv\Lib\site-packages\pymysql\connections.py", line 1203, in read
    first_packet = self.connection._read_packet()
                   ^^^^^^^^^^^^^^^^^^^^^^^^^^^^^^
  File "C:\Users\leegg\Documents\StockFlow_final_logging\.venv\Lib\site-packages\pymysql\connections.py", line 782, in _read_packet
    packet.raise_for_error()
  File "C:\Users\leegg\Documents\StockFlow_final_logging\.venv\Lib\site-packages\pymysql\protocol.py", line 219, in raise_for_error
    err.raise_mysql_exception(self._data)
  File "C:\Users\leegg\Documents\StockFlow_final_logging\.venv\Lib\site-packages\pymysql\err.py", line 150, in raise_mysql_exception
    raise errorclass(errno, errval)
sqlalchemy.exc.OperationalError: (pymysql.err.OperationalError) (1054, "Unknown column 'user.name' in 'field list'")
[SQL: SELECT user.id AS user_id, user.username AS user_username, user.password_hash AS user_password_hash, user.`role` AS user_role, user.name AS user_name, user.position AS user_position, user.created_at AS user_created_at 
FROM user 
WHERE user.id = %(pk_1)s]
[parameters: {'pk_1': 6}]
(Background on this error at: https://sqlalche.me/e/20/e3q8)
2026-09-08 10:24:20 | ERROR | app | Exception on /logout [GET]
Traceback (most recent call last):
  File "C:\Users\leegg\Documents\StockFlow_final_logging\.venv\Lib\site-packages\sqlalchemy\engine\base.py", line 1969, in _exec_single_context
    self.dialect.do_execute(
  File "C:\Users\leegg\Documents\StockFlow_final_logging\.venv\Lib\site-packages\sqlalchemy\engine\default.py", line 952, in do_execute
    cursor.execute(statement, parameters)
  File "C:\Users\leegg\Documents\StockFlow_final_logging\.venv\Lib\site-packages\pymysql\cursors.py", line 153, in execute
    result = self._query(query)
             ^^^^^^^^^^^^^^^^^^
  File "C:\Users\leegg\Documents\StockFlow_final_logging\.venv\Lib\site-packages\pymysql\cursors.py", line 322, in _query
    conn.query(q)
  File "C:\Users\leegg\Documents\StockFlow_final_logging\.venv\Lib\site-packages\pymysql\connections.py", line 575, in query
    self._affected_rows = self._read_query_result(unbuffered=unbuffered)
                          ^^^^^^^^^^^^^^^^^^^^^^^^^^^^^^^^^^^^^^^^^^^^^^
  File "C:\Users\leegg\Documents\StockFlow_final_logging\.venv\Lib\site-packages\pymysql\connections.py", line 826, in _read_query_result
    result.read()
  File "C:\Users\leegg\Documents\StockFlow_final_logging\.venv\Lib\site-packages\pymysql\connections.py", line 1203, in read
    first_packet = self.connection._read_packet()
                   ^^^^^^^^^^^^^^^^^^^^^^^^^^^^^^
  File "C:\Users\leegg\Documents\StockFlow_final_logging\.venv\Lib\site-packages\pymysql\connections.py", line 782, in _read_packet
    packet.raise_for_error()
  File "C:\Users\leegg\Documents\StockFlow_final_logging\.venv\Lib\site-packages\pymysql\protocol.py", line 219, in raise_for_error
    err.raise_mysql_exception(self._data)
  File "C:\Users\leegg\Documents\StockFlow_final_logging\.venv\Lib\site-packages\pymysql\err.py", line 150, in raise_mysql_exception
    raise errorclass(errno, errval)
pymysql.err.OperationalError: (1054, "Unknown column 'user.name' in 'field list'")

The above exception was the direct cause of the following exception:

Traceback (most recent call last):
  File "C:\Users\leegg\Documents\StockFlow_final_logging\.venv\Lib\site-packages\flask\app.py", line 1511, in wsgi_app
    response = self.full_dispatch_request()
               ^^^^^^^^^^^^^^^^^^^^^^^^^^^^
  File "C:\Users\leegg\Documents\StockFlow_final_logging\.venv\Lib\site-packages\flask\app.py", line 920, in full_dispatch_request
    return self.finalize_request(rv)
           ^^^^^^^^^^^^^^^^^^^^^^^^^
  File "C:\Users\leegg\Documents\StockFlow_final_logging\.venv\Lib\site-packages\flask\app.py", line 941, in finalize_request
    response = self.process_response(response)
               ^^^^^^^^^^^^^^^^^^^^^^^^^^^^^^^
  File "C:\Users\leegg\Documents\StockFlow_final_logging\.venv\Lib\site-packages\flask\app.py", line 1319, in process_response
    response = self.ensure_sync(func)(response)
               ^^^^^^^^^^^^^^^^^^^^^^^^^^^^^^^^
  File "C:\Users\leegg\Documents\StockFlow_final_logging\app\__init__.py", line 42, in _request_end
    getattr(current_user, "id", None) if current_user.is_authenticated else None
                                         ^^^^^^^^^^^^^^^^^^^^^^^^^^^^^
  File "C:\Users\leegg\Documents\StockFlow_final_logging\.venv\Lib\site-packages\werkzeug\local.py", line 318, in __get__
    obj = instance._get_current_object()
          ^^^^^^^^^^^^^^^^^^^^^^^^^^^^^^
  File "C:\Users\leegg\Documents\StockFlow_final_logging\.venv\Lib\site-packages\werkzeug\local.py", line 526, in _get_current_object
    return get_name(local())
                    ^^^^^^^
  File "C:\Users\leegg\Documents\StockFlow_final_logging\.venv\Lib\site-packages\flask_login\utils.py", line 25, in <lambda>
    current_user = LocalProxy(lambda: _get_user())
                                      ^^^^^^^^^^^
  File "C:\Users\leegg\Documents\StockFlow_final_logging\.venv\Lib\site-packages\flask_login\utils.py", line 370, in _get_user
    current_app.login_manager._load_user()
  File "C:\Users\leegg\Documents\StockFlow_final_logging\.venv\Lib\site-packages\flask_login\login_manager.py", line 364, in _load_user
    user = self._user_callback(user_id)
           ^^^^^^^^^^^^^^^^^^^^^^^^^^^^
  File "C:\Users\leegg\Documents\StockFlow_final_logging\app\__init__.py", line 86, in load_user
    return db.session.get(User, int(user_id))
           ^^^^^^^^^^^^^^^^^^^^^^^^^^^^^^^^^^
  File "C:\Users\leegg\Documents\StockFlow_final_logging\.venv\Lib\site-packages\sqlalchemy\orm\scoping.py", line 1043, in get
    return self._proxied.get(
           ^^^^^^^^^^^^^^^^^^
  File "C:\Users\leegg\Documents\StockFlow_final_logging\.venv\Lib\site-packages\sqlalchemy\orm\session.py", line 3702, in get
    return self._get_impl(
           ^^^^^^^^^^^^^^^
  File "C:\Users\leegg\Documents\StockFlow_final_logging\.venv\Lib\site-packages\sqlalchemy\orm\session.py", line 3881, in _get_impl
    return db_load_fn(
           ^^^^^^^^^^^
  File "C:\Users\leegg\Documents\StockFlow_final_logging\.venv\Lib\site-packages\sqlalchemy\orm\loading.py", line 695, in load_on_pk_identity
    session.execute(
  File "C:\Users\leegg\Documents\StockFlow_final_logging\.venv\Lib\site-packages\sqlalchemy\orm\session.py", line 2373, in execute
    return self._execute_internal(
           ^^^^^^^^^^^^^^^^^^^^^^^
  File "C:\Users\leegg\Documents\StockFlow_final_logging\.venv\Lib\site-packages\sqlalchemy\orm\session.py", line 2271, in _execute_internal
    result: Result[Any] = compile_state_cls.orm_execute_statement(
                          ^^^^^^^^^^^^^^^^^^^^^^^^^^^^^^^^^^^^^^^^
  File "C:\Users\leegg\Documents\StockFlow_final_logging\.venv\Lib\site-packages\sqlalchemy\orm\context.py", line 306, in orm_execute_statement
    result = conn.execute(
             ^^^^^^^^^^^^^
  File "C:\Users\leegg\Documents\StockFlow_final_logging\.venv\Lib\site-packages\sqlalchemy\engine\base.py", line 1421, in execute
    return meth(
           ^^^^^
  File "C:\Users\leegg\Documents\StockFlow_final_logging\.venv\Lib\site-packages\sqlalchemy\sql\elements.py", line 526, in _execute_on_connection
    return connection._execute_clauseelement(
           ^^^^^^^^^^^^^^^^^^^^^^^^^^^^^^^^^^
  File "C:\Users\leegg\Documents\StockFlow_final_logging\.venv\Lib\site-packages\sqlalchemy\engine\base.py", line 1643, in _execute_clauseelement
    ret = self._execute_context(
          ^^^^^^^^^^^^^^^^^^^^^^
  File "C:\Users\leegg\Documents\StockFlow_final_logging\.venv\Lib\site-packages\sqlalchemy\engine\base.py", line 1848, in _execute_context
    return self._exec_single_context(
           ^^^^^^^^^^^^^^^^^^^^^^^^^^
  File "C:\Users\leegg\Documents\StockFlow_final_logging\.venv\Lib\site-packages\sqlalchemy\engine\base.py", line 1988, in _exec_single_context
    self._handle_dbapi_exception(
  File "C:\Users\leegg\Documents\StockFlow_final_logging\.venv\Lib\site-packages\sqlalchemy\engine\base.py", line 2365, in _handle_dbapi_exception
    raise sqlalchemy_exception.with_traceback(exc_info[2]) from e
  File "C:\Users\leegg\Documents\StockFlow_final_logging\.venv\Lib\site-packages\sqlalchemy\engine\base.py", line 1969, in _exec_single_context
    self.dialect.do_execute(
  File "C:\Users\leegg\Documents\StockFlow_final_logging\.venv\Lib\site-packages\sqlalchemy\engine\default.py", line 952, in do_execute
    cursor.execute(statement, parameters)
  File "C:\Users\leegg\Documents\StockFlow_final_logging\.venv\Lib\site-packages\pymysql\cursors.py", line 153, in execute
    result = self._query(query)
             ^^^^^^^^^^^^^^^^^^
  File "C:\Users\leegg\Documents\StockFlow_final_logging\.venv\Lib\site-packages\pymysql\cursors.py", line 322, in _query
    conn.query(q)
  File "C:\Users\leegg\Documents\StockFlow_final_logging\.venv\Lib\site-packages\pymysql\connections.py", line 575, in query
    self._affected_rows = self._read_query_result(unbuffered=unbuffered)
                          ^^^^^^^^^^^^^^^^^^^^^^^^^^^^^^^^^^^^^^^^^^^^^^
  File "C:\Users\leegg\Documents\StockFlow_final_logging\.venv\Lib\site-packages\pymysql\connections.py", line 826, in _read_query_result
    result.read()
  File "C:\Users\leegg\Documents\StockFlow_final_logging\.venv\Lib\site-packages\pymysql\connections.py", line 1203, in read
    first_packet = self.connection._read_packet()
                   ^^^^^^^^^^^^^^^^^^^^^^^^^^^^^^
  File "C:\Users\leegg\Documents\StockFlow_final_logging\.venv\Lib\site-packages\pymysql\connections.py", line 782, in _read_packet
    packet.raise_for_error()
  File "C:\Users\leegg\Documents\StockFlow_final_logging\.venv\Lib\site-packages\pymysql\protocol.py", line 219, in raise_for_error
    err.raise_mysql_exception(self._data)
  File "C:\Users\leegg\Documents\StockFlow_final_logging\.venv\Lib\site-packages\pymysql\err.py", line 150, in raise_mysql_exception
    raise errorclass(errno, errval)
sqlalchemy.exc.OperationalError: (pymysql.err.OperationalError) (1054, "Unknown column 'user.name' in 'field list'")
[SQL: SELECT user.id AS user_id, user.username AS user_username, user.password_hash AS user_password_hash, user.`role` AS user_role, user.name AS user_name, user.position AS user_position, user.created_at AS user_created_at 
FROM user 
WHERE user.id = %(pk_1)s]
[parameters: {'pk_1': 6}]
(Background on this error at: https://sqlalche.me/e/20/e3q8)
2026-09-08 10:24:20 | ERROR | app | Request finalizing failed with an error while handling an error
Traceback (most recent call last):
  File "C:\Users\leegg\Documents\StockFlow_final_logging\.venv\Lib\site-packages\sqlalchemy\engine\base.py", line 1969, in _exec_single_context
    self.dialect.do_execute(
  File "C:\Users\leegg\Documents\StockFlow_final_logging\.venv\Lib\site-packages\sqlalchemy\engine\default.py", line 952, in do_execute
    cursor.execute(statement, parameters)
  File "C:\Users\leegg\Documents\StockFlow_final_logging\.venv\Lib\site-packages\pymysql\cursors.py", line 153, in execute
    result = self._query(query)
             ^^^^^^^^^^^^^^^^^^
  File "C:\Users\leegg\Documents\StockFlow_final_logging\.venv\Lib\site-packages\pymysql\cursors.py", line 322, in _query
    conn.query(q)
  File "C:\Users\leegg\Documents\StockFlow_final_logging\.venv\Lib\site-packages\pymysql\connections.py", line 575, in query
    self._affected_rows = self._read_query_result(unbuffered=unbuffered)
                          ^^^^^^^^^^^^^^^^^^^^^^^^^^^^^^^^^^^^^^^^^^^^^^
  File "C:\Users\leegg\Documents\StockFlow_final_logging\.venv\Lib\site-packages\pymysql\connections.py", line 826, in _read_query_result
    result.read()
  File "C:\Users\leegg\Documents\StockFlow_final_logging\.venv\Lib\site-packages\pymysql\connections.py", line 1203, in read
    first_packet = self.connection._read_packet()
                   ^^^^^^^^^^^^^^^^^^^^^^^^^^^^^^
  File "C:\Users\leegg\Documents\StockFlow_final_logging\.venv\Lib\site-packages\pymysql\connections.py", line 782, in _read_packet
    packet.raise_for_error()
  File "C:\Users\leegg\Documents\StockFlow_final_logging\.venv\Lib\site-packages\pymysql\protocol.py", line 219, in raise_for_error
    err.raise_mysql_exception(self._data)
  File "C:\Users\leegg\Documents\StockFlow_final_logging\.venv\Lib\site-packages\pymysql\err.py", line 150, in raise_mysql_exception
    raise errorclass(errno, errval)
pymysql.err.OperationalError: (1054, "Unknown column 'user.name' in 'field list'")

The above exception was the direct cause of the following exception:

Traceback (most recent call last):
  File "C:\Users\leegg\Documents\StockFlow_final_logging\.venv\Lib\site-packages\flask\app.py", line 1511, in wsgi_app
    response = self.full_dispatch_request()
               ^^^^^^^^^^^^^^^^^^^^^^^^^^^^
  File "C:\Users\leegg\Documents\StockFlow_final_logging\.venv\Lib\site-packages\flask\app.py", line 920, in full_dispatch_request
    return self.finalize_request(rv)
           ^^^^^^^^^^^^^^^^^^^^^^^^^
  File "C:\Users\leegg\Documents\StockFlow_final_logging\.venv\Lib\site-packages\flask\app.py", line 941, in finalize_request
    response = self.process_response(response)
               ^^^^^^^^^^^^^^^^^^^^^^^^^^^^^^^
  File "C:\Users\leegg\Documents\StockFlow_final_logging\.venv\Lib\site-packages\flask\app.py", line 1319, in process_response
    response = self.ensure_sync(func)(response)
               ^^^^^^^^^^^^^^^^^^^^^^^^^^^^^^^^
  File "C:\Users\leegg\Documents\StockFlow_final_logging\app\__init__.py", line 42, in _request_end
    getattr(current_user, "id", None) if current_user.is_authenticated else None
                                         ^^^^^^^^^^^^^^^^^^^^^^^^^^^^^
  File "C:\Users\leegg\Documents\StockFlow_final_logging\.venv\Lib\site-packages\werkzeug\local.py", line 318, in __get__
    obj = instance._get_current_object()
          ^^^^^^^^^^^^^^^^^^^^^^^^^^^^^^
  File "C:\Users\leegg\Documents\StockFlow_final_logging\.venv\Lib\site-packages\werkzeug\local.py", line 526, in _get_current_object
    return get_name(local())
                    ^^^^^^^
  File "C:\Users\leegg\Documents\StockFlow_final_logging\.venv\Lib\site-packages\flask_login\utils.py", line 25, in <lambda>
    current_user = LocalProxy(lambda: _get_user())
                                      ^^^^^^^^^^^
  File "C:\Users\leegg\Documents\StockFlow_final_logging\.venv\Lib\site-packages\flask_login\utils.py", line 370, in _get_user
    current_app.login_manager._load_user()
  File "C:\Users\leegg\Documents\StockFlow_final_logging\.venv\Lib\site-packages\flask_login\login_manager.py", line 364, in _load_user
    user = self._user_callback(user_id)
           ^^^^^^^^^^^^^^^^^^^^^^^^^^^^
  File "C:\Users\leegg\Documents\StockFlow_final_logging\app\__init__.py", line 86, in load_user
    return db.session.get(User, int(user_id))
           ^^^^^^^^^^^^^^^^^^^^^^^^^^^^^^^^^^
  File "C:\Users\leegg\Documents\StockFlow_final_logging\.venv\Lib\site-packages\sqlalchemy\orm\scoping.py", line 1043, in get
    return self._proxied.get(
           ^^^^^^^^^^^^^^^^^^
  File "C:\Users\leegg\Documents\StockFlow_final_logging\.venv\Lib\site-packages\sqlalchemy\orm\session.py", line 3702, in get
    return self._get_impl(
           ^^^^^^^^^^^^^^^
  File "C:\Users\leegg\Documents\StockFlow_final_logging\.venv\Lib\site-packages\sqlalchemy\orm\session.py", line 3881, in _get_impl
    return db_load_fn(
           ^^^^^^^^^^^
  File "C:\Users\leegg\Documents\StockFlow_final_logging\.venv\Lib\site-packages\sqlalchemy\orm\loading.py", line 695, in load_on_pk_identity
    session.execute(
  File "C:\Users\leegg\Documents\StockFlow_final_logging\.venv\Lib\site-packages\sqlalchemy\orm\session.py", line 2373, in execute
    return self._execute_internal(
           ^^^^^^^^^^^^^^^^^^^^^^^
  File "C:\Users\leegg\Documents\StockFlow_final_logging\.venv\Lib\site-packages\sqlalchemy\orm\session.py", line 2271, in _execute_internal
    result: Result[Any] = compile_state_cls.orm_execute_statement(
                          ^^^^^^^^^^^^^^^^^^^^^^^^^^^^^^^^^^^^^^^^
  File "C:\Users\leegg\Documents\StockFlow_final_logging\.venv\Lib\site-packages\sqlalchemy\orm\context.py", line 306, in orm_execute_statement
    result = conn.execute(
             ^^^^^^^^^^^^^
  File "C:\Users\leegg\Documents\StockFlow_final_logging\.venv\Lib\site-packages\sqlalchemy\engine\base.py", line 1421, in execute
    return meth(
           ^^^^^
  File "C:\Users\leegg\Documents\StockFlow_final_logging\.venv\Lib\site-packages\sqlalchemy\sql\elements.py", line 526, in _execute_on_connection
    return connection._execute_clauseelement(
           ^^^^^^^^^^^^^^^^^^^^^^^^^^^^^^^^^^
  File "C:\Users\leegg\Documents\StockFlow_final_logging\.venv\Lib\site-packages\sqlalchemy\engine\base.py", line 1643, in _execute_clauseelement
    ret = self._execute_context(
          ^^^^^^^^^^^^^^^^^^^^^^
  File "C:\Users\leegg\Documents\StockFlow_final_logging\.venv\Lib\site-packages\sqlalchemy\engine\base.py", line 1848, in _execute_context
    return self._exec_single_context(
           ^^^^^^^^^^^^^^^^^^^^^^^^^^
  File "C:\Users\leegg\Documents\StockFlow_final_logging\.venv\Lib\site-packages\sqlalchemy\engine\base.py", line 1988, in _exec_single_context
    self._handle_dbapi_exception(
  File "C:\Users\leegg\Documents\StockFlow_final_logging\.venv\Lib\site-packages\sqlalchemy\engine\base.py", line 2365, in _handle_dbapi_exception
    raise sqlalchemy_exception.with_traceback(exc_info[2]) from e
  File "C:\Users\leegg\Documents\StockFlow_final_logging\.venv\Lib\site-packages\sqlalchemy\engine\base.py", line 1969, in _exec_single_context
    self.dialect.do_execute(
  File "C:\Users\leegg\Documents\StockFlow_final_logging\.venv\Lib\site-packages\sqlalchemy\engine\default.py", line 952, in do_execute
    cursor.execute(statement, parameters)
  File "C:\Users\leegg\Documents\StockFlow_final_logging\.venv\Lib\site-packages\pymysql\cursors.py", line 153, in execute
    result = self._query(query)
             ^^^^^^^^^^^^^^^^^^
  File "C:\Users\leegg\Documents\StockFlow_final_logging\.venv\Lib\site-packages\pymysql\cursors.py", line 322, in _query
    conn.query(q)
  File "C:\Users\leegg\Documents\StockFlow_final_logging\.venv\Lib\site-packages\pymysql\connections.py", line 575, in query
    self._affected_rows = self._read_query_result(unbuffered=unbuffered)
                          ^^^^^^^^^^^^^^^^^^^^^^^^^^^^^^^^^^^^^^^^^^^^^^
  File "C:\Users\leegg\Documents\StockFlow_final_logging\.venv\Lib\site-packages\pymysql\connections.py", line 826, in _read_query_result
    result.read()
  File "C:\Users\leegg\Documents\StockFlow_final_logging\.venv\Lib\site-packages\pymysql\connections.py", line 1203, in read
    first_packet = self.connection._read_packet()
                   ^^^^^^^^^^^^^^^^^^^^^^^^^^^^^^
  File "C:\Users\leegg\Documents\StockFlow_final_logging\.venv\Lib\site-packages\pymysql\connections.py", line 782, in _read_packet
    packet.raise_for_error()
  File "C:\Users\leegg\Documents\StockFlow_final_logging\.venv\Lib\site-packages\pymysql\protocol.py", line 219, in raise_for_error
    err.raise_mysql_exception(self._data)
  File "C:\Users\leegg\Documents\StockFlow_final_logging\.venv\Lib\site-packages\pymysql\err.py", line 150, in raise_mysql_exception
    raise errorclass(errno, errval)
sqlalchemy.exc.OperationalError: (pymysql.err.OperationalError) (1054, "Unknown column 'user.name' in 'field list'")
[SQL: SELECT user.id AS user_id, user.username AS user_username, user.password_hash AS user_password_hash, user.`role` AS user_role, user.name AS user_name, user.position AS user_position, user.created_at AS user_created_at 
FROM user 
WHERE user.id = %(pk_1)s]
[parameters: {'pk_1': 6}]
(Background on this error at: https://sqlalche.me/e/20/e3q8)

During handling of the above exception, another exception occurred:

Traceback (most recent call last):
  File "C:\Users\leegg\Documents\StockFlow_final_logging\.venv\Lib\site-packages\sqlalchemy\engine\base.py", line 1969, in _exec_single_context
    self.dialect.do_execute(
  File "C:\Users\leegg\Documents\StockFlow_final_logging\.venv\Lib\site-packages\sqlalchemy\engine\default.py", line 952, in do_execute
    cursor.execute(statement, parameters)
  File "C:\Users\leegg\Documents\StockFlow_final_logging\.venv\Lib\site-packages\pymysql\cursors.py", line 153, in execute
    result = self._query(query)
             ^^^^^^^^^^^^^^^^^^
  File "C:\Users\leegg\Documents\StockFlow_final_logging\.venv\Lib\site-packages\pymysql\cursors.py", line 322, in _query
    conn.query(q)
  File "C:\Users\leegg\Documents\StockFlow_final_logging\.venv\Lib\site-packages\pymysql\connections.py", line 575, in query
    self._affected_rows = self._read_query_result(unbuffered=unbuffered)
                          ^^^^^^^^^^^^^^^^^^^^^^^^^^^^^^^^^^^^^^^^^^^^^^
  File "C:\Users\leegg\Documents\StockFlow_final_logging\.venv\Lib\site-packages\pymysql\connections.py", line 826, in _read_query_result
    result.read()
  File "C:\Users\leegg\Documents\StockFlow_final_logging\.venv\Lib\site-packages\pymysql\connections.py", line 1203, in read
    first_packet = self.connection._read_packet()
                   ^^^^^^^^^^^^^^^^^^^^^^^^^^^^^^
  File "C:\Users\leegg\Documents\StockFlow_final_logging\.venv\Lib\site-packages\pymysql\connections.py", line 782, in _read_packet
    packet.raise_for_error()
  File "C:\Users\leegg\Documents\StockFlow_final_logging\.venv\Lib\site-packages\pymysql\protocol.py", line 219, in raise_for_error
    err.raise_mysql_exception(self._data)
  File "C:\Users\leegg\Documents\StockFlow_final_logging\.venv\Lib\site-packages\pymysql\err.py", line 150, in raise_mysql_exception
    raise errorclass(errno, errval)
pymysql.err.OperationalError: (1054, "Unknown column 'user.name' in 'field list'")

The above exception was the direct cause of the following exception:

Traceback (most recent call last):
  File "C:\Users\leegg\Documents\StockFlow_final_logging\.venv\Lib\site-packages\flask\app.py", line 941, in finalize_request
    response = self.process_response(response)
               ^^^^^^^^^^^^^^^^^^^^^^^^^^^^^^^
  File "C:\Users\leegg\Documents\StockFlow_final_logging\.venv\Lib\site-packages\flask\app.py", line 1319, in process_response
    response = self.ensure_sync(func)(response)
               ^^^^^^^^^^^^^^^^^^^^^^^^^^^^^^^^
  File "C:\Users\leegg\Documents\StockFlow_final_logging\app\__init__.py", line 42, in _request_end
    getattr(current_user, "id", None) if current_user.is_authenticated else None
                                         ^^^^^^^^^^^^^^^^^^^^^^^^^^^^^
  File "C:\Users\leegg\Documents\StockFlow_final_logging\.venv\Lib\site-packages\werkzeug\local.py", line 318, in __get__
    obj = instance._get_current_object()
          ^^^^^^^^^^^^^^^^^^^^^^^^^^^^^^
  File "C:\Users\leegg\Documents\StockFlow_final_logging\.venv\Lib\site-packages\werkzeug\local.py", line 526, in _get_current_object
    return get_name(local())
                    ^^^^^^^
  File "C:\Users\leegg\Documents\StockFlow_final_logging\.venv\Lib\site-packages\flask_login\utils.py", line 25, in <lambda>
    current_user = LocalProxy(lambda: _get_user())
                                      ^^^^^^^^^^^
  File "C:\Users\leegg\Documents\StockFlow_final_logging\.venv\Lib\site-packages\flask_login\utils.py", line 370, in _get_user
    current_app.login_manager._load_user()
  File "C:\Users\leegg\Documents\StockFlow_final_logging\.venv\Lib\site-packages\flask_login\login_manager.py", line 364, in _load_user
    user = self._user_callback(user_id)
           ^^^^^^^^^^^^^^^^^^^^^^^^^^^^
  File "C:\Users\leegg\Documents\StockFlow_final_logging\app\__init__.py", line 86, in load_user
    return db.session.get(User, int(user_id))
           ^^^^^^^^^^^^^^^^^^^^^^^^^^^^^^^^^^
  File "C:\Users\leegg\Documents\StockFlow_final_logging\.venv\Lib\site-packages\sqlalchemy\orm\scoping.py", line 1043, in get
    return self._proxied.get(
           ^^^^^^^^^^^^^^^^^^
  File "C:\Users\leegg\Documents\StockFlow_final_logging\.venv\Lib\site-packages\sqlalchemy\orm\session.py", line 3702, in get
    return self._get_impl(
           ^^^^^^^^^^^^^^^
  File "C:\Users\leegg\Documents\StockFlow_final_logging\.venv\Lib\site-packages\sqlalchemy\orm\session.py", line 3881, in _get_impl
    return db_load_fn(
           ^^^^^^^^^^^
  File "C:\Users\leegg\Documents\StockFlow_final_logging\.venv\Lib\site-packages\sqlalchemy\orm\loading.py", line 695, in load_on_pk_identity
    session.execute(
  File "C:\Users\leegg\Documents\StockFlow_final_logging\.venv\Lib\site-packages\sqlalchemy\orm\session.py", line 2373, in execute
    return self._execute_internal(
           ^^^^^^^^^^^^^^^^^^^^^^^
  File "C:\Users\leegg\Documents\StockFlow_final_logging\.venv\Lib\site-packages\sqlalchemy\orm\session.py", line 2271, in _execute_internal
    result: Result[Any] = compile_state_cls.orm_execute_statement(
                          ^^^^^^^^^^^^^^^^^^^^^^^^^^^^^^^^^^^^^^^^
  File "C:\Users\leegg\Documents\StockFlow_final_logging\.venv\Lib\site-packages\sqlalchemy\orm\context.py", line 306, in orm_execute_statement
    result = conn.execute(
             ^^^^^^^^^^^^^
  File "C:\Users\leegg\Documents\StockFlow_final_logging\.venv\Lib\site-packages\sqlalchemy\engine\base.py", line 1421, in execute
    return meth(
           ^^^^^
  File "C:\Users\leegg\Documents\StockFlow_final_logging\.venv\Lib\site-packages\sqlalchemy\sql\elements.py", line 526, in _execute_on_connection
    return connection._execute_clauseelement(
           ^^^^^^^^^^^^^^^^^^^^^^^^^^^^^^^^^^
  File "C:\Users\leegg\Documents\StockFlow_final_logging\.venv\Lib\site-packages\sqlalchemy\engine\base.py", line 1643, in _execute_clauseelement
    ret = self._execute_context(
          ^^^^^^^^^^^^^^^^^^^^^^
  File "C:\Users\leegg\Documents\StockFlow_final_logging\.venv\Lib\site-packages\sqlalchemy\engine\base.py", line 1848, in _execute_context
    return self._exec_single_context(
           ^^^^^^^^^^^^^^^^^^^^^^^^^^
  File "C:\Users\leegg\Documents\StockFlow_final_logging\.venv\Lib\site-packages\sqlalchemy\engine\base.py", line 1988, in _exec_single_context
    self._handle_dbapi_exception(
  File "C:\Users\leegg\Documents\StockFlow_final_logging\.venv\Lib\site-packages\sqlalchemy\engine\base.py", line 2365, in _handle_dbapi_exception
    raise sqlalchemy_exception.with_traceback(exc_info[2]) from e
  File "C:\Users\leegg\Documents\StockFlow_final_logging\.venv\Lib\site-packages\sqlalchemy\engine\base.py", line 1969, in _exec_single_context
    self.dialect.do_execute(
  File "C:\Users\leegg\Documents\StockFlow_final_logging\.venv\Lib\site-packages\sqlalchemy\engine\default.py", line 952, in do_execute
    cursor.execute(statement, parameters)
  File "C:\Users\leegg\Documents\StockFlow_final_logging\.venv\Lib\site-packages\pymysql\cursors.py", line 153, in execute
    result = self._query(query)
             ^^^^^^^^^^^^^^^^^^
  File "C:\Users\leegg\Documents\StockFlow_final_logging\.venv\Lib\site-packages\pymysql\cursors.py", line 322, in _query
    conn.query(q)
  File "C:\Users\leegg\Documents\StockFlow_final_logging\.venv\Lib\site-packages\pymysql\connections.py", line 575, in query
    self._affected_rows = self._read_query_result(unbuffered=unbuffered)
                          ^^^^^^^^^^^^^^^^^^^^^^^^^^^^^^^^^^^^^^^^^^^^^^
  File "C:\Users\leegg\Documents\StockFlow_final_logging\.venv\Lib\site-packages\pymysql\connections.py", line 826, in _read_query_result
    result.read()
  File "C:\Users\leegg\Documents\StockFlow_final_logging\.venv\Lib\site-packages\pymysql\connections.py", line 1203, in read
    first_packet = self.connection._read_packet()
                   ^^^^^^^^^^^^^^^^^^^^^^^^^^^^^^
  File "C:\Users\leegg\Documents\StockFlow_final_logging\.venv\Lib\site-packages\pymysql\connections.py", line 782, in _read_packet
    packet.raise_for_error()
  File "C:\Users\leegg\Documents\StockFlow_final_logging\.venv\Lib\site-packages\pymysql\protocol.py", line 219, in raise_for_error
    err.raise_mysql_exception(self._data)
  File "C:\Users\leegg\Documents\StockFlow_final_logging\.venv\Lib\site-packages\pymysql\err.py", line 150, in raise_mysql_exception
    raise errorclass(errno, errval)
sqlalchemy.exc.OperationalError: (pymysql.err.OperationalError) (1054, "Unknown column 'user.name' in 'field list'")
[SQL: SELECT user.id AS user_id, user.username AS user_username, user.password_hash AS user_password_hash, user.`role` AS user_role, user.name AS user_name, user.position AS user_position, user.created_at AS user_created_at 
FROM user 
WHERE user.id = %(pk_1)s]
[parameters: {'pk_1': 6}]
(Background on this error at: https://sqlalche.me/e/20/e3q8)
2026-09-08 10:24:20 | ERROR | app | Unhandled exception | request_id=517460712a58 | method=GET | path=/logout
Traceback (most recent call last):
  File "C:\Users\leegg\Documents\StockFlow_final_logging\.venv\Lib\site-packages\sqlalchemy\engine\base.py", line 1969, in _exec_single_context
    self.dialect.do_execute(
  File "C:\Users\leegg\Documents\StockFlow_final_logging\.venv\Lib\site-packages\sqlalchemy\engine\default.py", line 952, in do_execute
    cursor.execute(statement, parameters)
  File "C:\Users\leegg\Documents\StockFlow_final_logging\.venv\Lib\site-packages\pymysql\cursors.py", line 153, in execute
    result = self._query(query)
             ^^^^^^^^^^^^^^^^^^
  File "C:\Users\leegg\Documents\StockFlow_final_logging\.venv\Lib\site-packages\pymysql\cursors.py", line 322, in _query
    conn.query(q)
  File "C:\Users\leegg\Documents\StockFlow_final_logging\.venv\Lib\site-packages\pymysql\connections.py", line 575, in query
    self._affected_rows = self._read_query_result(unbuffered=unbuffered)
                          ^^^^^^^^^^^^^^^^^^^^^^^^^^^^^^^^^^^^^^^^^^^^^^
  File "C:\Users\leegg\Documents\StockFlow_final_logging\.venv\Lib\site-packages\pymysql\connections.py", line 826, in _read_query_result
    result.read()
  File "C:\Users\leegg\Documents\StockFlow_final_logging\.venv\Lib\site-packages\pymysql\connections.py", line 1203, in read
    first_packet = self.connection._read_packet()
                   ^^^^^^^^^^^^^^^^^^^^^^^^^^^^^^
  File "C:\Users\leegg\Documents\StockFlow_final_logging\.venv\Lib\site-packages\pymysql\connections.py", line 782, in _read_packet
    packet.raise_for_error()
  File "C:\Users\leegg\Documents\StockFlow_final_logging\.venv\Lib\site-packages\pymysql\protocol.py", line 219, in raise_for_error
    err.raise_mysql_exception(self._data)
  File "C:\Users\leegg\Documents\StockFlow_final_logging\.venv\Lib\site-packages\pymysql\err.py", line 150, in raise_mysql_exception
    raise errorclass(errno, errval)
pymysql.err.OperationalError: (1054, "Unknown column 'user.name' in 'field list'")

The above exception was the direct cause of the following exception:

Traceback (most recent call last):
  File "C:\Users\leegg\Documents\StockFlow_final_logging\.venv\Lib\site-packages\flask\app.py", line 917, in full_dispatch_request
    rv = self.dispatch_request()
         ^^^^^^^^^^^^^^^^^^^^^^^
  File "C:\Users\leegg\Documents\StockFlow_final_logging\.venv\Lib\site-packages\flask\app.py", line 902, in dispatch_request
    return self.ensure_sync(self.view_functions[rule.endpoint])(**view_args)  # type: ignore[no-any-return]
           ^^^^^^^^^^^^^^^^^^^^^^^^^^^^^^^^^^^^^^^^^^^^^^^^^^^^^^^^^^^^^^^^^
  File "C:\Users\leegg\Documents\StockFlow_final_logging\.venv\Lib\site-packages\flask_login\utils.py", line 284, in decorated_view
    elif not current_user.is_authenticated:
             ^^^^^^^^^^^^^^^^^^^^^^^^^^^^^
  File "C:\Users\leegg\Documents\StockFlow_final_logging\.venv\Lib\site-packages\werkzeug\local.py", line 318, in __get__
    obj = instance._get_current_object()
          ^^^^^^^^^^^^^^^^^^^^^^^^^^^^^^
  File "C:\Users\leegg\Documents\StockFlow_final_logging\.venv\Lib\site-packages\werkzeug\local.py", line 526, in _get_current_object
    return get_name(local())
                    ^^^^^^^
  File "C:\Users\leegg\Documents\StockFlow_final_logging\.venv\Lib\site-packages\flask_login\utils.py", line 25, in <lambda>
    current_user = LocalProxy(lambda: _get_user())
                                      ^^^^^^^^^^^
  File "C:\Users\leegg\Documents\StockFlow_final_logging\.venv\Lib\site-packages\flask_login\utils.py", line 370, in _get_user
    current_app.login_manager._load_user()
  File "C:\Users\leegg\Documents\StockFlow_final_logging\.venv\Lib\site-packages\flask_login\login_manager.py", line 364, in _load_user
    user = self._user_callback(user_id)
           ^^^^^^^^^^^^^^^^^^^^^^^^^^^^
  File "C:\Users\leegg\Documents\StockFlow_final_logging\app\__init__.py", line 86, in load_user
    return db.session.get(User, int(user_id))
           ^^^^^^^^^^^^^^^^^^^^^^^^^^^^^^^^^^
  File "C:\Users\leegg\Documents\StockFlow_final_logging\.venv\Lib\site-packages\sqlalchemy\orm\scoping.py", line 1043, in get
    return self._proxied.get(
           ^^^^^^^^^^^^^^^^^^
  File "C:\Users\leegg\Documents\StockFlow_final_logging\.venv\Lib\site-packages\sqlalchemy\orm\session.py", line 3702, in get
    return self._get_impl(
           ^^^^^^^^^^^^^^^
  File "C:\Users\leegg\Documents\StockFlow_final_logging\.venv\Lib\site-packages\sqlalchemy\orm\session.py", line 3881, in _get_impl
    return db_load_fn(
           ^^^^^^^^^^^
  File "C:\Users\leegg\Documents\StockFlow_final_logging\.venv\Lib\site-packages\sqlalchemy\orm\loading.py", line 695, in load_on_pk_identity
    session.execute(
  File "C:\Users\leegg\Documents\StockFlow_final_logging\.venv\Lib\site-packages\sqlalchemy\orm\session.py", line 2373, in execute
    return self._execute_internal(
           ^^^^^^^^^^^^^^^^^^^^^^^
  File "C:\Users\leegg\Documents\StockFlow_final_logging\.venv\Lib\site-packages\sqlalchemy\orm\session.py", line 2271, in _execute_internal
    result: Result[Any] = compile_state_cls.orm_execute_statement(
                          ^^^^^^^^^^^^^^^^^^^^^^^^^^^^^^^^^^^^^^^^
  File "C:\Users\leegg\Documents\StockFlow_final_logging\.venv\Lib\site-packages\sqlalchemy\orm\context.py", line 306, in orm_execute_statement
    result = conn.execute(
             ^^^^^^^^^^^^^
  File "C:\Users\leegg\Documents\StockFlow_final_logging\.venv\Lib\site-packages\sqlalchemy\engine\base.py", line 1421, in execute
    return meth(
           ^^^^^
  File "C:\Users\leegg\Documents\StockFlow_final_logging\.venv\Lib\site-packages\sqlalchemy\sql\elements.py", line 526, in _execute_on_connection
    return connection._execute_clauseelement(
           ^^^^^^^^^^^^^^^^^^^^^^^^^^^^^^^^^^
  File "C:\Users\leegg\Documents\StockFlow_final_logging\.venv\Lib\site-packages\sqlalchemy\engine\base.py", line 1643, in _execute_clauseelement
    ret = self._execute_context(
          ^^^^^^^^^^^^^^^^^^^^^^
  File "C:\Users\leegg\Documents\StockFlow_final_logging\.venv\Lib\site-packages\sqlalchemy\engine\base.py", line 1848, in _execute_context
    return self._exec_single_context(
           ^^^^^^^^^^^^^^^^^^^^^^^^^^
  File "C:\Users\leegg\Documents\StockFlow_final_logging\.venv\Lib\site-packages\sqlalchemy\engine\base.py", line 1988, in _exec_single_context
    self._handle_dbapi_exception(
  File "C:\Users\leegg\Documents\StockFlow_final_logging\.venv\Lib\site-packages\sqlalchemy\engine\base.py", line 2365, in _handle_dbapi_exception
    raise sqlalchemy_exception.with_traceback(exc_info[2]) from e
  File "C:\Users\leegg\Documents\StockFlow_final_logging\.venv\Lib\site-packages\sqlalchemy\engine\base.py", line 1969, in _exec_single_context
    self.dialect.do_execute(
  File "C:\Users\leegg\Documents\StockFlow_final_logging\.venv\Lib\site-packages\sqlalchemy\engine\default.py", line 952, in do_execute
    cursor.execute(statement, parameters)
  File "C:\Users\leegg\Documents\StockFlow_final_logging\.venv\Lib\site-packages\pymysql\cursors.py", line 153, in execute
    result = self._query(query)
             ^^^^^^^^^^^^^^^^^^
  File "C:\Users\leegg\Documents\StockFlow_final_logging\.venv\Lib\site-packages\pymysql\cursors.py", line 322, in _query
    conn.query(q)
  File "C:\Users\leegg\Documents\StockFlow_final_logging\.venv\Lib\site-packages\pymysql\connections.py", line 575, in query
    self._affected_rows = self._read_query_result(unbuffered=unbuffered)
                          ^^^^^^^^^^^^^^^^^^^^^^^^^^^^^^^^^^^^^^^^^^^^^^
  File "C:\Users\leegg\Documents\StockFlow_final_logging\.venv\Lib\site-packages\pymysql\connections.py", line 826, in _read_query_result
    result.read()
  File "C:\Users\leegg\Documents\StockFlow_final_logging\.venv\Lib\site-packages\pymysql\connections.py", line 1203, in read
    first_packet = self.connection._read_packet()
                   ^^^^^^^^^^^^^^^^^^^^^^^^^^^^^^
  File "C:\Users\leegg\Documents\StockFlow_final_logging\.venv\Lib\site-packages\pymysql\connections.py", line 782, in _read_packet
    packet.raise_for_error()
  File "C:\Users\leegg\Documents\StockFlow_final_logging\.venv\Lib\site-packages\pymysql\protocol.py", line 219, in raise_for_error
    err.raise_mysql_exception(self._data)
  File "C:\Users\leegg\Documents\StockFlow_final_logging\.venv\Lib\site-packages\pymysql\err.py", line 150, in raise_mysql_exception
    raise errorclass(errno, errval)
sqlalchemy.exc.OperationalError: (pymysql.err.OperationalError) (1054, "Unknown column 'user.name' in 'field list'")
[SQL: SELECT user.id AS user_id, user.username AS user_username, user.password_hash AS user_password_hash, user.`role` AS user_role, user.name AS user_name, user.position AS user_position, user.created_at AS user_created_at 
FROM user 
WHERE user.id = %(pk_1)s]
[parameters: {'pk_1': 6}]
(Background on this error at: https://sqlalche.me/e/20/e3q8)
2026-09-08 10:24:20 | ERROR | app | Exception on /logout [GET]
Traceback (most recent call last):
  File "C:\Users\leegg\Documents\StockFlow_final_logging\.venv\Lib\site-packages\sqlalchemy\engine\base.py", line 1969, in _exec_single_context
    self.dialect.do_execute(
  File "C:\Users\leegg\Documents\StockFlow_final_logging\.venv\Lib\site-packages\sqlalchemy\engine\default.py", line 952, in do_execute
    cursor.execute(statement, parameters)
  File "C:\Users\leegg\Documents\StockFlow_final_logging\.venv\Lib\site-packages\pymysql\cursors.py", line 153, in execute
    result = self._query(query)
             ^^^^^^^^^^^^^^^^^^
  File "C:\Users\leegg\Documents\StockFlow_final_logging\.venv\Lib\site-packages\pymysql\cursors.py", line 322, in _query
    conn.query(q)
  File "C:\Users\leegg\Documents\StockFlow_final_logging\.venv\Lib\site-packages\pymysql\connections.py", line 575, in query
    self._affected_rows = self._read_query_result(unbuffered=unbuffered)
                          ^^^^^^^^^^^^^^^^^^^^^^^^^^^^^^^^^^^^^^^^^^^^^^
  File "C:\Users\leegg\Documents\StockFlow_final_logging\.venv\Lib\site-packages\pymysql\connections.py", line 826, in _read_query_result
    result.read()
  File "C:\Users\leegg\Documents\StockFlow_final_logging\.venv\Lib\site-packages\pymysql\connections.py", line 1203, in read
    first_packet = self.connection._read_packet()
                   ^^^^^^^^^^^^^^^^^^^^^^^^^^^^^^
  File "C:\Users\leegg\Documents\StockFlow_final_logging\.venv\Lib\site-packages\pymysql\connections.py", line 782, in _read_packet
    packet.raise_for_error()
  File "C:\Users\leegg\Documents\StockFlow_final_logging\.venv\Lib\site-packages\pymysql\protocol.py", line 219, in raise_for_error
    err.raise_mysql_exception(self._data)
  File "C:\Users\leegg\Documents\StockFlow_final_logging\.venv\Lib\site-packages\pymysql\err.py", line 150, in raise_mysql_exception
    raise errorclass(errno, errval)
pymysql.err.OperationalError: (1054, "Unknown column 'user.name' in 'field list'")

The above exception was the direct cause of the following exception:

Traceback (most recent call last):
  File "C:\Users\leegg\Documents\StockFlow_final_logging\.venv\Lib\site-packages\flask\app.py", line 1511, in wsgi_app
    response = self.full_dispatch_request()
               ^^^^^^^^^^^^^^^^^^^^^^^^^^^^
  File "C:\Users\leegg\Documents\StockFlow_final_logging\.venv\Lib\site-packages\flask\app.py", line 920, in full_dispatch_request
    return self.finalize_request(rv)
           ^^^^^^^^^^^^^^^^^^^^^^^^^
  File "C:\Users\leegg\Documents\StockFlow_final_logging\.venv\Lib\site-packages\flask\app.py", line 941, in finalize_request
    response = self.process_response(response)
               ^^^^^^^^^^^^^^^^^^^^^^^^^^^^^^^
  File "C:\Users\leegg\Documents\StockFlow_final_logging\.venv\Lib\site-packages\flask\app.py", line 1319, in process_response
    response = self.ensure_sync(func)(response)
               ^^^^^^^^^^^^^^^^^^^^^^^^^^^^^^^^
  File "C:\Users\leegg\Documents\StockFlow_final_logging\app\__init__.py", line 42, in _request_end
    getattr(current_user, "id", None) if current_user.is_authenticated else None
                                         ^^^^^^^^^^^^^^^^^^^^^^^^^^^^^
  File "C:\Users\leegg\Documents\StockFlow_final_logging\.venv\Lib\site-packages\werkzeug\local.py", line 318, in __get__
    obj = instance._get_current_object()
          ^^^^^^^^^^^^^^^^^^^^^^^^^^^^^^
  File "C:\Users\leegg\Documents\StockFlow_final_logging\.venv\Lib\site-packages\werkzeug\local.py", line 526, in _get_current_object
    return get_name(local())
                    ^^^^^^^
  File "C:\Users\leegg\Documents\StockFlow_final_logging\.venv\Lib\site-packages\flask_login\utils.py", line 25, in <lambda>
    current_user = LocalProxy(lambda: _get_user())
                                      ^^^^^^^^^^^
  File "C:\Users\leegg\Documents\StockFlow_final_logging\.venv\Lib\site-packages\flask_login\utils.py", line 370, in _get_user
    current_app.login_manager._load_user()
  File "C:\Users\leegg\Documents\StockFlow_final_logging\.venv\Lib\site-packages\flask_login\login_manager.py", line 364, in _load_user
    user = self._user_callback(user_id)
           ^^^^^^^^^^^^^^^^^^^^^^^^^^^^
  File "C:\Users\leegg\Documents\StockFlow_final_logging\app\__init__.py", line 86, in load_user
    return db.session.get(User, int(user_id))
           ^^^^^^^^^^^^^^^^^^^^^^^^^^^^^^^^^^
  File "C:\Users\leegg\Documents\StockFlow_final_logging\.venv\Lib\site-packages\sqlalchemy\orm\scoping.py", line 1043, in get
    return self._proxied.get(
           ^^^^^^^^^^^^^^^^^^
  File "C:\Users\leegg\Documents\StockFlow_final_logging\.venv\Lib\site-packages\sqlalchemy\orm\session.py", line 3702, in get
    return self._get_impl(
           ^^^^^^^^^^^^^^^
  File "C:\Users\leegg\Documents\StockFlow_final_logging\.venv\Lib\site-packages\sqlalchemy\orm\session.py", line 3881, in _get_impl
    return db_load_fn(
           ^^^^^^^^^^^
  File "C:\Users\leegg\Documents\StockFlow_final_logging\.venv\Lib\site-packages\sqlalchemy\orm\loading.py", line 695, in load_on_pk_identity
    session.execute(
  File "C:\Users\leegg\Documents\StockFlow_final_logging\.venv\Lib\site-packages\sqlalchemy\orm\session.py", line 2373, in execute
    return self._execute_internal(
           ^^^^^^^^^^^^^^^^^^^^^^^
  File "C:\Users\leegg\Documents\StockFlow_final_logging\.venv\Lib\site-packages\sqlalchemy\orm\session.py", line 2271, in _execute_internal
    result: Result[Any] = compile_state_cls.orm_execute_statement(
                          ^^^^^^^^^^^^^^^^^^^^^^^^^^^^^^^^^^^^^^^^
  File "C:\Users\leegg\Documents\StockFlow_final_logging\.venv\Lib\site-packages\sqlalchemy\orm\context.py", line 306, in orm_execute_statement
    result = conn.execute(
             ^^^^^^^^^^^^^
  File "C:\Users\leegg\Documents\StockFlow_final_logging\.venv\Lib\site-packages\sqlalchemy\engine\base.py", line 1421, in execute
    return meth(
           ^^^^^
  File "C:\Users\leegg\Documents\StockFlow_final_logging\.venv\Lib\site-packages\sqlalchemy\sql\elements.py", line 526, in _execute_on_connection
    return connection._execute_clauseelement(
           ^^^^^^^^^^^^^^^^^^^^^^^^^^^^^^^^^^
  File "C:\Users\leegg\Documents\StockFlow_final_logging\.venv\Lib\site-packages\sqlalchemy\engine\base.py", line 1643, in _execute_clauseelement
    ret = self._execute_context(
          ^^^^^^^^^^^^^^^^^^^^^^
  File "C:\Users\leegg\Documents\StockFlow_final_logging\.venv\Lib\site-packages\sqlalchemy\engine\base.py", line 1848, in _execute_context
    return self._exec_single_context(
           ^^^^^^^^^^^^^^^^^^^^^^^^^^
  File "C:\Users\leegg\Documents\StockFlow_final_logging\.venv\Lib\site-packages\sqlalchemy\engine\base.py", line 1988, in _exec_single_context
    self._handle_dbapi_exception(
  File "C:\Users\leegg\Documents\StockFlow_final_logging\.venv\Lib\site-packages\sqlalchemy\engine\base.py", line 2365, in _handle_dbapi_exception
    raise sqlalchemy_exception.with_traceback(exc_info[2]) from e
  File "C:\Users\leegg\Documents\StockFlow_final_logging\.venv\Lib\site-packages\sqlalchemy\engine\base.py", line 1969, in _exec_single_context
    self.dialect.do_execute(
  File "C:\Users\leegg\Documents\StockFlow_final_logging\.venv\Lib\site-packages\sqlalchemy\engine\default.py", line 952, in do_execute
    cursor.execute(statement, parameters)
  File "C:\Users\leegg\Documents\StockFlow_final_logging\.venv\Lib\site-packages\pymysql\cursors.py", line 153, in execute
    result = self._query(query)
             ^^^^^^^^^^^^^^^^^^
  File "C:\Users\leegg\Documents\StockFlow_final_logging\.venv\Lib\site-packages\pymysql\cursors.py", line 322, in _query
    conn.query(q)
  File "C:\Users\leegg\Documents\StockFlow_final_logging\.venv\Lib\site-packages\pymysql\connections.py", line 575, in query
    self._affected_rows = self._read_query_result(unbuffered=unbuffered)
                          ^^^^^^^^^^^^^^^^^^^^^^^^^^^^^^^^^^^^^^^^^^^^^^
  File "C:\Users\leegg\Documents\StockFlow_final_logging\.venv\Lib\site-packages\pymysql\connections.py", line 826, in _read_query_result
    result.read()
  File "C:\Users\leegg\Documents\StockFlow_final_logging\.venv\Lib\site-packages\pymysql\connections.py", line 1203, in read
    first_packet = self.connection._read_packet()
                   ^^^^^^^^^^^^^^^^^^^^^^^^^^^^^^
  File "C:\Users\leegg\Documents\StockFlow_final_logging\.venv\Lib\site-packages\pymysql\connections.py", line 782, in _read_packet
    packet.raise_for_error()
  File "C:\Users\leegg\Documents\StockFlow_final_logging\.venv\Lib\site-packages\pymysql\protocol.py", line 219, in raise_for_error
    err.raise_mysql_exception(self._data)
  File "C:\Users\leegg\Documents\StockFlow_final_logging\.venv\Lib\site-packages\pymysql\err.py", line 150, in raise_mysql_exception
    raise errorclass(errno, errval)
sqlalchemy.exc.OperationalError: (pymysql.err.OperationalError) (1054, "Unknown column 'user.name' in 'field list'")
[SQL: SELECT user.id AS user_id, user.username AS user_username, user.password_hash AS user_password_hash, user.`role` AS user_role, user.name AS user_name, user.position AS user_position, user.created_at AS user_created_at 
FROM user 
WHERE user.id = %(pk_1)s]
[parameters: {'pk_1': 6}]
(Background on this error at: https://sqlalche.me/e/20/e3q8)
2026-09-08 10:24:21 | ERROR | app | Request finalizing failed with an error while handling an error
Traceback (most recent call last):
  File "C:\Users\leegg\Documents\StockFlow_final_logging\.venv\Lib\site-packages\sqlalchemy\engine\base.py", line 1969, in _exec_single_context
    self.dialect.do_execute(
  File "C:\Users\leegg\Documents\StockFlow_final_logging\.venv\Lib\site-packages\sqlalchemy\engine\default.py", line 952, in do_execute
    cursor.execute(statement, parameters)
  File "C:\Users\leegg\Documents\StockFlow_final_logging\.venv\Lib\site-packages\pymysql\cursors.py", line 153, in execute
    result = self._query(query)
             ^^^^^^^^^^^^^^^^^^
  File "C:\Users\leegg\Documents\StockFlow_final_logging\.venv\Lib\site-packages\pymysql\cursors.py", line 322, in _query
    conn.query(q)
  File "C:\Users\leegg\Documents\StockFlow_final_logging\.venv\Lib\site-packages\pymysql\connections.py", line 575, in query
    self._affected_rows = self._read_query_result(unbuffered=unbuffered)
                          ^^^^^^^^^^^^^^^^^^^^^^^^^^^^^^^^^^^^^^^^^^^^^^
  File "C:\Users\leegg\Documents\StockFlow_final_logging\.venv\Lib\site-packages\pymysql\connections.py", line 826, in _read_query_result
    result.read()
  File "C:\Users\leegg\Documents\StockFlow_final_logging\.venv\Lib\site-packages\pymysql\connections.py", line 1203, in read
    first_packet = self.connection._read_packet()
                   ^^^^^^^^^^^^^^^^^^^^^^^^^^^^^^
  File "C:\Users\leegg\Documents\StockFlow_final_logging\.venv\Lib\site-packages\pymysql\connections.py", line 782, in _read_packet
    packet.raise_for_error()
  File "C:\Users\leegg\Documents\StockFlow_final_logging\.venv\Lib\site-packages\pymysql\protocol.py", line 219, in raise_for_error
    err.raise_mysql_exception(self._data)
  File "C:\Users\leegg\Documents\StockFlow_final_logging\.venv\Lib\site-packages\pymysql\err.py", line 150, in raise_mysql_exception
    raise errorclass(errno, errval)
pymysql.err.OperationalError: (1054, "Unknown column 'user.name' in 'field list'")

The above exception was the direct cause of the following exception:

Traceback (most recent call last):
  File "C:\Users\leegg\Documents\StockFlow_final_logging\.venv\Lib\site-packages\flask\app.py", line 1511, in wsgi_app
    response = self.full_dispatch_request()
               ^^^^^^^^^^^^^^^^^^^^^^^^^^^^
  File "C:\Users\leegg\Documents\StockFlow_final_logging\.venv\Lib\site-packages\flask\app.py", line 920, in full_dispatch_request
    return self.finalize_request(rv)
           ^^^^^^^^^^^^^^^^^^^^^^^^^
  File "C:\Users\leegg\Documents\StockFlow_final_logging\.venv\Lib\site-packages\flask\app.py", line 941, in finalize_request
    response = self.process_response(response)
               ^^^^^^^^^^^^^^^^^^^^^^^^^^^^^^^
  File "C:\Users\leegg\Documents\StockFlow_final_logging\.venv\Lib\site-packages\flask\app.py", line 1319, in process_response
    response = self.ensure_sync(func)(response)
               ^^^^^^^^^^^^^^^^^^^^^^^^^^^^^^^^
  File "C:\Users\leegg\Documents\StockFlow_final_logging\app\__init__.py", line 42, in _request_end
    getattr(current_user, "id", None) if current_user.is_authenticated else None
                                         ^^^^^^^^^^^^^^^^^^^^^^^^^^^^^
  File "C:\Users\leegg\Documents\StockFlow_final_logging\.venv\Lib\site-packages\werkzeug\local.py", line 318, in __get__
    obj = instance._get_current_object()
          ^^^^^^^^^^^^^^^^^^^^^^^^^^^^^^
  File "C:\Users\leegg\Documents\StockFlow_final_logging\.venv\Lib\site-packages\werkzeug\local.py", line 526, in _get_current_object
    return get_name(local())
                    ^^^^^^^
  File "C:\Users\leegg\Documents\StockFlow_final_logging\.venv\Lib\site-packages\flask_login\utils.py", line 25, in <lambda>
    current_user = LocalProxy(lambda: _get_user())
                                      ^^^^^^^^^^^
  File "C:\Users\leegg\Documents\StockFlow_final_logging\.venv\Lib\site-packages\flask_login\utils.py", line 370, in _get_user
    current_app.login_manager._load_user()
  File "C:\Users\leegg\Documents\StockFlow_final_logging\.venv\Lib\site-packages\flask_login\login_manager.py", line 364, in _load_user
    user = self._user_callback(user_id)
           ^^^^^^^^^^^^^^^^^^^^^^^^^^^^
  File "C:\Users\leegg\Documents\StockFlow_final_logging\app\__init__.py", line 86, in load_user
    return db.session.get(User, int(user_id))
           ^^^^^^^^^^^^^^^^^^^^^^^^^^^^^^^^^^
  File "C:\Users\leegg\Documents\StockFlow_final_logging\.venv\Lib\site-packages\sqlalchemy\orm\scoping.py", line 1043, in get
    return self._proxied.get(
           ^^^^^^^^^^^^^^^^^^
  File "C:\Users\leegg\Documents\StockFlow_final_logging\.venv\Lib\site-packages\sqlalchemy\orm\session.py", line 3702, in get
    return self._get_impl(
           ^^^^^^^^^^^^^^^
  File "C:\Users\leegg\Documents\StockFlow_final_logging\.venv\Lib\site-packages\sqlalchemy\orm\session.py", line 3881, in _get_impl
    return db_load_fn(
           ^^^^^^^^^^^
  File "C:\Users\leegg\Documents\StockFlow_final_logging\.venv\Lib\site-packages\sqlalchemy\orm\loading.py", line 695, in load_on_pk_identity
    session.execute(
  File "C:\Users\leegg\Documents\StockFlow_final_logging\.venv\Lib\site-packages\sqlalchemy\orm\session.py", line 2373, in execute
    return self._execute_internal(
           ^^^^^^^^^^^^^^^^^^^^^^^
  File "C:\Users\leegg\Documents\StockFlow_final_logging\.venv\Lib\site-packages\sqlalchemy\orm\session.py", line 2271, in _execute_internal
    result: Result[Any] = compile_state_cls.orm_execute_statement(
                          ^^^^^^^^^^^^^^^^^^^^^^^^^^^^^^^^^^^^^^^^
  File "C:\Users\leegg\Documents\StockFlow_final_logging\.venv\Lib\site-packages\sqlalchemy\orm\context.py", line 306, in orm_execute_statement
    result = conn.execute(
             ^^^^^^^^^^^^^
  File "C:\Users\leegg\Documents\StockFlow_final_logging\.venv\Lib\site-packages\sqlalchemy\engine\base.py", line 1421, in execute
    return meth(
           ^^^^^
  File "C:\Users\leegg\Documents\StockFlow_final_logging\.venv\Lib\site-packages\sqlalchemy\sql\elements.py", line 526, in _execute_on_connection
    return connection._execute_clauseelement(
           ^^^^^^^^^^^^^^^^^^^^^^^^^^^^^^^^^^
  File "C:\Users\leegg\Documents\StockFlow_final_logging\.venv\Lib\site-packages\sqlalchemy\engine\base.py", line 1643, in _execute_clauseelement
    ret = self._execute_context(
          ^^^^^^^^^^^^^^^^^^^^^^
  File "C:\Users\leegg\Documents\StockFlow_final_logging\.venv\Lib\site-packages\sqlalchemy\engine\base.py", line 1848, in _execute_context
    return self._exec_single_context(
           ^^^^^^^^^^^^^^^^^^^^^^^^^^
  File "C:\Users\leegg\Documents\StockFlow_final_logging\.venv\Lib\site-packages\sqlalchemy\engine\base.py", line 1988, in _exec_single_context
    self._handle_dbapi_exception(
  File "C:\Users\leegg\Documents\StockFlow_final_logging\.venv\Lib\site-packages\sqlalchemy\engine\base.py", line 2365, in _handle_dbapi_exception
    raise sqlalchemy_exception.with_traceback(exc_info[2]) from e
  File "C:\Users\leegg\Documents\StockFlow_final_logging\.venv\Lib\site-packages\sqlalchemy\engine\base.py", line 1969, in _exec_single_context
    self.dialect.do_execute(
  File "C:\Users\leegg\Documents\StockFlow_final_logging\.venv\Lib\site-packages\sqlalchemy\engine\default.py", line 952, in do_execute
    cursor.execute(statement, parameters)
  File "C:\Users\leegg\Documents\StockFlow_final_logging\.venv\Lib\site-packages\pymysql\cursors.py", line 153, in execute
    result = self._query(query)
             ^^^^^^^^^^^^^^^^^^
  File "C:\Users\leegg\Documents\StockFlow_final_logging\.venv\Lib\site-packages\pymysql\cursors.py", line 322, in _query
    conn.query(q)
  File "C:\Users\leegg\Documents\StockFlow_final_logging\.venv\Lib\site-packages\pymysql\connections.py", line 575, in query
    self._affected_rows = self._read_query_result(unbuffered=unbuffered)
                          ^^^^^^^^^^^^^^^^^^^^^^^^^^^^^^^^^^^^^^^^^^^^^^
  File "C:\Users\leegg\Documents\StockFlow_final_logging\.venv\Lib\site-packages\pymysql\connections.py", line 826, in _read_query_result
    result.read()
  File "C:\Users\leegg\Documents\StockFlow_final_logging\.venv\Lib\site-packages\pymysql\connections.py", line 1203, in read
    first_packet = self.connection._read_packet()
                   ^^^^^^^^^^^^^^^^^^^^^^^^^^^^^^
  File "C:\Users\leegg\Documents\StockFlow_final_logging\.venv\Lib\site-packages\pymysql\connections.py", line 782, in _read_packet
    packet.raise_for_error()
  File "C:\Users\leegg\Documents\StockFlow_final_logging\.venv\Lib\site-packages\pymysql\protocol.py", line 219, in raise_for_error
    err.raise_mysql_exception(self._data)
  File "C:\Users\leegg\Documents\StockFlow_final_logging\.venv\Lib\site-packages\pymysql\err.py", line 150, in raise_mysql_exception
    raise errorclass(errno, errval)
sqlalchemy.exc.OperationalError: (pymysql.err.OperationalError) (1054, "Unknown column 'user.name' in 'field list'")
[SQL: SELECT user.id AS user_id, user.username AS user_username, user.password_hash AS user_password_hash, user.`role` AS user_role, user.name AS user_name, user.position AS user_position, user.created_at AS user_created_at 
FROM user 
WHERE user.id = %(pk_1)s]
[parameters: {'pk_1': 6}]
(Background on this error at: https://sqlalche.me/e/20/e3q8)

During handling of the above exception, another exception occurred:

Traceback (most recent call last):
  File "C:\Users\leegg\Documents\StockFlow_final_logging\.venv\Lib\site-packages\sqlalchemy\engine\base.py", line 1969, in _exec_single_context
    self.dialect.do_execute(
  File "C:\Users\leegg\Documents\StockFlow_final_logging\.venv\Lib\site-packages\sqlalchemy\engine\default.py", line 952, in do_execute
    cursor.execute(statement, parameters)
  File "C:\Users\leegg\Documents\StockFlow_final_logging\.venv\Lib\site-packages\pymysql\cursors.py", line 153, in execute
    result = self._query(query)
             ^^^^^^^^^^^^^^^^^^
  File "C:\Users\leegg\Documents\StockFlow_final_logging\.venv\Lib\site-packages\pymysql\cursors.py", line 322, in _query
    conn.query(q)
  File "C:\Users\leegg\Documents\StockFlow_final_logging\.venv\Lib\site-packages\pymysql\connections.py", line 575, in query
    self._affected_rows = self._read_query_result(unbuffered=unbuffered)
                          ^^^^^^^^^^^^^^^^^^^^^^^^^^^^^^^^^^^^^^^^^^^^^^
  File "C:\Users\leegg\Documents\StockFlow_final_logging\.venv\Lib\site-packages\pymysql\connections.py", line 826, in _read_query_result
    result.read()
  File "C:\Users\leegg\Documents\StockFlow_final_logging\.venv\Lib\site-packages\pymysql\connections.py", line 1203, in read
    first_packet = self.connection._read_packet()
                   ^^^^^^^^^^^^^^^^^^^^^^^^^^^^^^
  File "C:\Users\leegg\Documents\StockFlow_final_logging\.venv\Lib\site-packages\pymysql\connections.py", line 782, in _read_packet
    packet.raise_for_error()
  File "C:\Users\leegg\Documents\StockFlow_final_logging\.venv\Lib\site-packages\pymysql\protocol.py", line 219, in raise_for_error
    err.raise_mysql_exception(self._data)
  File "C:\Users\leegg\Documents\StockFlow_final_logging\.venv\Lib\site-packages\pymysql\err.py", line 150, in raise_mysql_exception
    raise errorclass(errno, errval)
pymysql.err.OperationalError: (1054, "Unknown column 'user.name' in 'field list'")

The above exception was the direct cause of the following exception:

Traceback (most recent call last):
  File "C:\Users\leegg\Documents\StockFlow_final_logging\.venv\Lib\site-packages\flask\app.py", line 941, in finalize_request
    response = self.process_response(response)
               ^^^^^^^^^^^^^^^^^^^^^^^^^^^^^^^
  File "C:\Users\leegg\Documents\StockFlow_final_logging\.venv\Lib\site-packages\flask\app.py", line 1319, in process_response
    response = self.ensure_sync(func)(response)
               ^^^^^^^^^^^^^^^^^^^^^^^^^^^^^^^^
  File "C:\Users\leegg\Documents\StockFlow_final_logging\app\__init__.py", line 42, in _request_end
    getattr(current_user, "id", None) if current_user.is_authenticated else None
                                         ^^^^^^^^^^^^^^^^^^^^^^^^^^^^^
  File "C:\Users\leegg\Documents\StockFlow_final_logging\.venv\Lib\site-packages\werkzeug\local.py", line 318, in __get__
    obj = instance._get_current_object()
          ^^^^^^^^^^^^^^^^^^^^^^^^^^^^^^
  File "C:\Users\leegg\Documents\StockFlow_final_logging\.venv\Lib\site-packages\werkzeug\local.py", line 526, in _get_current_object
    return get_name(local())
                    ^^^^^^^
  File "C:\Users\leegg\Documents\StockFlow_final_logging\.venv\Lib\site-packages\flask_login\utils.py", line 25, in <lambda>
    current_user = LocalProxy(lambda: _get_user())
                                      ^^^^^^^^^^^
  File "C:\Users\leegg\Documents\StockFlow_final_logging\.venv\Lib\site-packages\flask_login\utils.py", line 370, in _get_user
    current_app.login_manager._load_user()
  File "C:\Users\leegg\Documents\StockFlow_final_logging\.venv\Lib\site-packages\flask_login\login_manager.py", line 364, in _load_user
    user = self._user_callback(user_id)
           ^^^^^^^^^^^^^^^^^^^^^^^^^^^^
  File "C:\Users\leegg\Documents\StockFlow_final_logging\app\__init__.py", line 86, in load_user
    return db.session.get(User, int(user_id))
           ^^^^^^^^^^^^^^^^^^^^^^^^^^^^^^^^^^
  File "C:\Users\leegg\Documents\StockFlow_final_logging\.venv\Lib\site-packages\sqlalchemy\orm\scoping.py", line 1043, in get
    return self._proxied.get(
           ^^^^^^^^^^^^^^^^^^
  File "C:\Users\leegg\Documents\StockFlow_final_logging\.venv\Lib\site-packages\sqlalchemy\orm\session.py", line 3702, in get
    return self._get_impl(
           ^^^^^^^^^^^^^^^
  File "C:\Users\leegg\Documents\StockFlow_final_logging\.venv\Lib\site-packages\sqlalchemy\orm\session.py", line 3881, in _get_impl
    return db_load_fn(
           ^^^^^^^^^^^
  File "C:\Users\leegg\Documents\StockFlow_final_logging\.venv\Lib\site-packages\sqlalchemy\orm\loading.py", line 695, in load_on_pk_identity
    session.execute(
  File "C:\Users\leegg\Documents\StockFlow_final_logging\.venv\Lib\site-packages\sqlalchemy\orm\session.py", line 2373, in execute
    return self._execute_internal(
           ^^^^^^^^^^^^^^^^^^^^^^^
  File "C:\Users\leegg\Documents\StockFlow_final_logging\.venv\Lib\site-packages\sqlalchemy\orm\session.py", line 2271, in _execute_internal
    result: Result[Any] = compile_state_cls.orm_execute_statement(
                          ^^^^^^^^^^^^^^^^^^^^^^^^^^^^^^^^^^^^^^^^
  File "C:\Users\leegg\Documents\StockFlow_final_logging\.venv\Lib\site-packages\sqlalchemy\orm\context.py", line 306, in orm_execute_statement
    result = conn.execute(
             ^^^^^^^^^^^^^
  File "C:\Users\leegg\Documents\StockFlow_final_logging\.venv\Lib\site-packages\sqlalchemy\engine\base.py", line 1421, in execute
    return meth(
           ^^^^^
  File "C:\Users\leegg\Documents\StockFlow_final_logging\.venv\Lib\site-packages\sqlalchemy\sql\elements.py", line 526, in _execute_on_connection
    return connection._execute_clauseelement(
           ^^^^^^^^^^^^^^^^^^^^^^^^^^^^^^^^^^
  File "C:\Users\leegg\Documents\StockFlow_final_logging\.venv\Lib\site-packages\sqlalchemy\engine\base.py", line 1643, in _execute_clauseelement
    ret = self._execute_context(
          ^^^^^^^^^^^^^^^^^^^^^^
  File "C:\Users\leegg\Documents\StockFlow_final_logging\.venv\Lib\site-packages\sqlalchemy\engine\base.py", line 1848, in _execute_context
    return self._exec_single_context(
           ^^^^^^^^^^^^^^^^^^^^^^^^^^
  File "C:\Users\leegg\Documents\StockFlow_final_logging\.venv\Lib\site-packages\sqlalchemy\engine\base.py", line 1988, in _exec_single_context
    self._handle_dbapi_exception(
  File "C:\Users\leegg\Documents\StockFlow_final_logging\.venv\Lib\site-packages\sqlalchemy\engine\base.py", line 2365, in _handle_dbapi_exception
    raise sqlalchemy_exception.with_traceback(exc_info[2]) from e
  File "C:\Users\leegg\Documents\StockFlow_final_logging\.venv\Lib\site-packages\sqlalchemy\engine\base.py", line 1969, in _exec_single_context
    self.dialect.do_execute(
  File "C:\Users\leegg\Documents\StockFlow_final_logging\.venv\Lib\site-packages\sqlalchemy\engine\default.py", line 952, in do_execute
    cursor.execute(statement, parameters)
  File "C:\Users\leegg\Documents\StockFlow_final_logging\.venv\Lib\site-packages\pymysql\cursors.py", line 153, in execute
    result = self._query(query)
             ^^^^^^^^^^^^^^^^^^
  File "C:\Users\leegg\Documents\StockFlow_final_logging\.venv\Lib\site-packages\pymysql\cursors.py", line 322, in _query
    conn.query(q)
  File "C:\Users\leegg\Documents\StockFlow_final_logging\.venv\Lib\site-packages\pymysql\connections.py", line 575, in query
    self._affected_rows = self._read_query_result(unbuffered=unbuffered)
                          ^^^^^^^^^^^^^^^^^^^^^^^^^^^^^^^^^^^^^^^^^^^^^^
  File "C:\Users\leegg\Documents\StockFlow_final_logging\.venv\Lib\site-packages\pymysql\connections.py", line 826, in _read_query_result
    result.read()
  File "C:\Users\leegg\Documents\StockFlow_final_logging\.venv\Lib\site-packages\pymysql\connections.py", line 1203, in read
    first_packet = self.connection._read_packet()
                   ^^^^^^^^^^^^^^^^^^^^^^^^^^^^^^
  File "C:\Users\leegg\Documents\StockFlow_final_logging\.venv\Lib\site-packages\pymysql\connections.py", line 782, in _read_packet
    packet.raise_for_error()
  File "C:\Users\leegg\Documents\StockFlow_final_logging\.venv\Lib\site-packages\pymysql\protocol.py", line 219, in raise_for_error
    err.raise_mysql_exception(self._data)
  File "C:\Users\leegg\Documents\StockFlow_final_logging\.venv\Lib\site-packages\pymysql\err.py", line 150, in raise_mysql_exception
    raise errorclass(errno, errval)
sqlalchemy.exc.OperationalError: (pymysql.err.OperationalError) (1054, "Unknown column 'user.name' in 'field list'")
[SQL: SELECT user.id AS user_id, user.username AS user_username, user.password_hash AS user_password_hash, user.`role` AS user_role, user.name AS user_name, user.position AS user_position, user.created_at AS user_created_at 
FROM user 
WHERE user.id = %(pk_1)s]
[parameters: {'pk_1': 6}]
(Background on this error at: https://sqlalche.me/e/20/e3q8)
2026-09-08 10:24:39 | ERROR | app | Unhandled exception | request_id=59052612a886 | method=GET | path=/
Traceback (most recent call last):
  File "C:\Users\leegg\Documents\StockFlow_final_logging\.venv\Lib\site-packages\sqlalchemy\engine\base.py", line 1969, in _exec_single_context
    self.dialect.do_execute(
  File "C:\Users\leegg\Documents\StockFlow_final_logging\.venv\Lib\site-packages\sqlalchemy\engine\default.py", line 952, in do_execute
    cursor.execute(statement, parameters)
  File "C:\Users\leegg\Documents\StockFlow_final_logging\.venv\Lib\site-packages\pymysql\cursors.py", line 153, in execute
    result = self._query(query)
             ^^^^^^^^^^^^^^^^^^
  File "C:\Users\leegg\Documents\StockFlow_final_logging\.venv\Lib\site-packages\pymysql\cursors.py", line 322, in _query
    conn.query(q)
  File "C:\Users\leegg\Documents\StockFlow_final_logging\.venv\Lib\site-packages\pymysql\connections.py", line 575, in query
    self._affected_rows = self._read_query_result(unbuffered=unbuffered)
                          ^^^^^^^^^^^^^^^^^^^^^^^^^^^^^^^^^^^^^^^^^^^^^^
  File "C:\Users\leegg\Documents\StockFlow_final_logging\.venv\Lib\site-packages\pymysql\connections.py", line 826, in _read_query_result
    result.read()
  File "C:\Users\leegg\Documents\StockFlow_final_logging\.venv\Lib\site-packages\pymysql\connections.py", line 1203, in read
    first_packet = self.connection._read_packet()
                   ^^^^^^^^^^^^^^^^^^^^^^^^^^^^^^
  File "C:\Users\leegg\Documents\StockFlow_final_logging\.venv\Lib\site-packages\pymysql\connections.py", line 782, in _read_packet
    packet.raise_for_error()
  File "C:\Users\leegg\Documents\StockFlow_final_logging\.venv\Lib\site-packages\pymysql\protocol.py", line 219, in raise_for_error
    err.raise_mysql_exception(self._data)
  File "C:\Users\leegg\Documents\StockFlow_final_logging\.venv\Lib\site-packages\pymysql\err.py", line 150, in raise_mysql_exception
    raise errorclass(errno, errval)
pymysql.err.OperationalError: (1054, "Unknown column 'user.name' in 'field list'")

The above exception was the direct cause of the following exception:

Traceback (most recent call last):
  File "C:\Users\leegg\Documents\StockFlow_final_logging\.venv\Lib\site-packages\flask\app.py", line 917, in full_dispatch_request
    rv = self.dispatch_request()
         ^^^^^^^^^^^^^^^^^^^^^^^
  File "C:\Users\leegg\Documents\StockFlow_final_logging\.venv\Lib\site-packages\flask\app.py", line 902, in dispatch_request
    return self.ensure_sync(self.view_functions[rule.endpoint])(**view_args)  # type: ignore[no-any-return]
           ^^^^^^^^^^^^^^^^^^^^^^^^^^^^^^^^^^^^^^^^^^^^^^^^^^^^^^^^^^^^^^^^^
  File "C:\Users\leegg\Documents\StockFlow_final_logging\.venv\Lib\site-packages\flask_login\utils.py", line 284, in decorated_view
    elif not current_user.is_authenticated:
             ^^^^^^^^^^^^^^^^^^^^^^^^^^^^^
  File "C:\Users\leegg\Documents\StockFlow_final_logging\.venv\Lib\site-packages\werkzeug\local.py", line 318, in __get__
    obj = instance._get_current_object()
          ^^^^^^^^^^^^^^^^^^^^^^^^^^^^^^
  File "C:\Users\leegg\Documents\StockFlow_final_logging\.venv\Lib\site-packages\werkzeug\local.py", line 526, in _get_current_object
    return get_name(local())
                    ^^^^^^^
  File "C:\Users\leegg\Documents\StockFlow_final_logging\.venv\Lib\site-packages\flask_login\utils.py", line 25, in <lambda>
    current_user = LocalProxy(lambda: _get_user())
                                      ^^^^^^^^^^^
  File "C:\Users\leegg\Documents\StockFlow_final_logging\.venv\Lib\site-packages\flask_login\utils.py", line 370, in _get_user
    current_app.login_manager._load_user()
  File "C:\Users\leegg\Documents\StockFlow_final_logging\.venv\Lib\site-packages\flask_login\login_manager.py", line 364, in _load_user
    user = self._user_callback(user_id)
           ^^^^^^^^^^^^^^^^^^^^^^^^^^^^
  File "C:\Users\leegg\Documents\StockFlow_final_logging\app\__init__.py", line 86, in load_user
    return db.session.get(User, int(user_id))
           ^^^^^^^^^^^^^^^^^^^^^^^^^^^^^^^^^^
  File "C:\Users\leegg\Documents\StockFlow_final_logging\.venv\Lib\site-packages\sqlalchemy\orm\scoping.py", line 1043, in get
    return self._proxied.get(
           ^^^^^^^^^^^^^^^^^^
  File "C:\Users\leegg\Documents\StockFlow_final_logging\.venv\Lib\site-packages\sqlalchemy\orm\session.py", line 3702, in get
    return self._get_impl(
           ^^^^^^^^^^^^^^^
  File "C:\Users\leegg\Documents\StockFlow_final_logging\.venv\Lib\site-packages\sqlalchemy\orm\session.py", line 3881, in _get_impl
    return db_load_fn(
           ^^^^^^^^^^^
  File "C:\Users\leegg\Documents\StockFlow_final_logging\.venv\Lib\site-packages\sqlalchemy\orm\loading.py", line 695, in load_on_pk_identity
    session.execute(
  File "C:\Users\leegg\Documents\StockFlow_final_logging\.venv\Lib\site-packages\sqlalchemy\orm\session.py", line 2373, in execute
    return self._execute_internal(
           ^^^^^^^^^^^^^^^^^^^^^^^
  File "C:\Users\leegg\Documents\StockFlow_final_logging\.venv\Lib\site-packages\sqlalchemy\orm\session.py", line 2271, in _execute_internal
    result: Result[Any] = compile_state_cls.orm_execute_statement(
                          ^^^^^^^^^^^^^^^^^^^^^^^^^^^^^^^^^^^^^^^^
  File "C:\Users\leegg\Documents\StockFlow_final_logging\.venv\Lib\site-packages\sqlalchemy\orm\context.py", line 306, in orm_execute_statement
    result = conn.execute(
             ^^^^^^^^^^^^^
  File "C:\Users\leegg\Documents\StockFlow_final_logging\.venv\Lib\site-packages\sqlalchemy\engine\base.py", line 1421, in execute
    return meth(
           ^^^^^
  File "C:\Users\leegg\Documents\StockFlow_final_logging\.venv\Lib\site-packages\sqlalchemy\sql\elements.py", line 526, in _execute_on_connection
    return connection._execute_clauseelement(
           ^^^^^^^^^^^^^^^^^^^^^^^^^^^^^^^^^^
  File "C:\Users\leegg\Documents\StockFlow_final_logging\.venv\Lib\site-packages\sqlalchemy\engine\base.py", line 1643, in _execute_clauseelement
    ret = self._execute_context(
          ^^^^^^^^^^^^^^^^^^^^^^
  File "C:\Users\leegg\Documents\StockFlow_final_logging\.venv\Lib\site-packages\sqlalchemy\engine\base.py", line 1848, in _execute_context
    return self._exec_single_context(
           ^^^^^^^^^^^^^^^^^^^^^^^^^^
  File "C:\Users\leegg\Documents\StockFlow_final_logging\.venv\Lib\site-packages\sqlalchemy\engine\base.py", line 1988, in _exec_single_context
    self._handle_dbapi_exception(
  File "C:\Users\leegg\Documents\StockFlow_final_logging\.venv\Lib\site-packages\sqlalchemy\engine\base.py", line 2365, in _handle_dbapi_exception
    raise sqlalchemy_exception.with_traceback(exc_info[2]) from e
  File "C:\Users\leegg\Documents\StockFlow_final_logging\.venv\Lib\site-packages\sqlalchemy\engine\base.py", line 1969, in _exec_single_context
    self.dialect.do_execute(
  File "C:\Users\leegg\Documents\StockFlow_final_logging\.venv\Lib\site-packages\sqlalchemy\engine\default.py", line 952, in do_execute
    cursor.execute(statement, parameters)
  File "C:\Users\leegg\Documents\StockFlow_final_logging\.venv\Lib\site-packages\pymysql\cursors.py", line 153, in execute
    result = self._query(query)
             ^^^^^^^^^^^^^^^^^^
  File "C:\Users\leegg\Documents\StockFlow_final_logging\.venv\Lib\site-packages\pymysql\cursors.py", line 322, in _query
    conn.query(q)
  File "C:\Users\leegg\Documents\StockFlow_final_logging\.venv\Lib\site-packages\pymysql\connections.py", line 575, in query
    self._affected_rows = self._read_query_result(unbuffered=unbuffered)
                          ^^^^^^^^^^^^^^^^^^^^^^^^^^^^^^^^^^^^^^^^^^^^^^
  File "C:\Users\leegg\Documents\StockFlow_final_logging\.venv\Lib\site-packages\pymysql\connections.py", line 826, in _read_query_result
    result.read()
  File "C:\Users\leegg\Documents\StockFlow_final_logging\.venv\Lib\site-packages\pymysql\connections.py", line 1203, in read
    first_packet = self.connection._read_packet()
                   ^^^^^^^^^^^^^^^^^^^^^^^^^^^^^^
  File "C:\Users\leegg\Documents\StockFlow_final_logging\.venv\Lib\site-packages\pymysql\connections.py", line 782, in _read_packet
    packet.raise_for_error()
  File "C:\Users\leegg\Documents\StockFlow_final_logging\.venv\Lib\site-packages\pymysql\protocol.py", line 219, in raise_for_error
    err.raise_mysql_exception(self._data)
  File "C:\Users\leegg\Documents\StockFlow_final_logging\.venv\Lib\site-packages\pymysql\err.py", line 150, in raise_mysql_exception
    raise errorclass(errno, errval)
sqlalchemy.exc.OperationalError: (pymysql.err.OperationalError) (1054, "Unknown column 'user.name' in 'field list'")
[SQL: SELECT user.id AS user_id, user.username AS user_username, user.password_hash AS user_password_hash, user.`role` AS user_role, user.name AS user_name, user.position AS user_position, user.created_at AS user_created_at 
FROM user 
WHERE user.id = %(pk_1)s]
[parameters: {'pk_1': 6}]
(Background on this error at: https://sqlalche.me/e/20/e3q8)
2026-09-08 10:24:39 | ERROR | app | Exception on / [GET]
Traceback (most recent call last):
  File "C:\Users\leegg\Documents\StockFlow_final_logging\.venv\Lib\site-packages\sqlalchemy\engine\base.py", line 1969, in _exec_single_context
    self.dialect.do_execute(
  File "C:\Users\leegg\Documents\StockFlow_final_logging\.venv\Lib\site-packages\sqlalchemy\engine\default.py", line 952, in do_execute
    cursor.execute(statement, parameters)
  File "C:\Users\leegg\Documents\StockFlow_final_logging\.venv\Lib\site-packages\pymysql\cursors.py", line 153, in execute
    result = self._query(query)
             ^^^^^^^^^^^^^^^^^^
  File "C:\Users\leegg\Documents\StockFlow_final_logging\.venv\Lib\site-packages\pymysql\cursors.py", line 322, in _query
    conn.query(q)
  File "C:\Users\leegg\Documents\StockFlow_final_logging\.venv\Lib\site-packages\pymysql\connections.py", line 575, in query
    self._affected_rows = self._read_query_result(unbuffered=unbuffered)
                          ^^^^^^^^^^^^^^^^^^^^^^^^^^^^^^^^^^^^^^^^^^^^^^
  File "C:\Users\leegg\Documents\StockFlow_final_logging\.venv\Lib\site-packages\pymysql\connections.py", line 826, in _read_query_result
    result.read()
  File "C:\Users\leegg\Documents\StockFlow_final_logging\.venv\Lib\site-packages\pymysql\connections.py", line 1203, in read
    first_packet = self.connection._read_packet()
                   ^^^^^^^^^^^^^^^^^^^^^^^^^^^^^^
  File "C:\Users\leegg\Documents\StockFlow_final_logging\.venv\Lib\site-packages\pymysql\connections.py", line 782, in _read_packet
    packet.raise_for_error()
  File "C:\Users\leegg\Documents\StockFlow_final_logging\.venv\Lib\site-packages\pymysql\protocol.py", line 219, in raise_for_error
    err.raise_mysql_exception(self._data)
  File "C:\Users\leegg\Documents\StockFlow_final_logging\.venv\Lib\site-packages\pymysql\err.py", line 150, in raise_mysql_exception
    raise errorclass(errno, errval)
pymysql.err.OperationalError: (1054, "Unknown column 'user.name' in 'field list'")

The above exception was the direct cause of the following exception:

Traceback (most recent call last):
  File "C:\Users\leegg\Documents\StockFlow_final_logging\.venv\Lib\site-packages\flask\app.py", line 1511, in wsgi_app
    response = self.full_dispatch_request()
               ^^^^^^^^^^^^^^^^^^^^^^^^^^^^
  File "C:\Users\leegg\Documents\StockFlow_final_logging\.venv\Lib\site-packages\flask\app.py", line 920, in full_dispatch_request
    return self.finalize_request(rv)
           ^^^^^^^^^^^^^^^^^^^^^^^^^
  File "C:\Users\leegg\Documents\StockFlow_final_logging\.venv\Lib\site-packages\flask\app.py", line 941, in finalize_request
    response = self.process_response(response)
               ^^^^^^^^^^^^^^^^^^^^^^^^^^^^^^^
  File "C:\Users\leegg\Documents\StockFlow_final_logging\.venv\Lib\site-packages\flask\app.py", line 1319, in process_response
    response = self.ensure_sync(func)(response)
               ^^^^^^^^^^^^^^^^^^^^^^^^^^^^^^^^
  File "C:\Users\leegg\Documents\StockFlow_final_logging\app\__init__.py", line 42, in _request_end
    getattr(current_user, "id", None) if current_user.is_authenticated else None
                                         ^^^^^^^^^^^^^^^^^^^^^^^^^^^^^
  File "C:\Users\leegg\Documents\StockFlow_final_logging\.venv\Lib\site-packages\werkzeug\local.py", line 318, in __get__
    obj = instance._get_current_object()
          ^^^^^^^^^^^^^^^^^^^^^^^^^^^^^^
  File "C:\Users\leegg\Documents\StockFlow_final_logging\.venv\Lib\site-packages\werkzeug\local.py", line 526, in _get_current_object
    return get_name(local())
                    ^^^^^^^
  File "C:\Users\leegg\Documents\StockFlow_final_logging\.venv\Lib\site-packages\flask_login\utils.py", line 25, in <lambda>
    current_user = LocalProxy(lambda: _get_user())
                                      ^^^^^^^^^^^
  File "C:\Users\leegg\Documents\StockFlow_final_logging\.venv\Lib\site-packages\flask_login\utils.py", line 370, in _get_user
    current_app.login_manager._load_user()
  File "C:\Users\leegg\Documents\StockFlow_final_logging\.venv\Lib\site-packages\flask_login\login_manager.py", line 364, in _load_user
    user = self._user_callback(user_id)
           ^^^^^^^^^^^^^^^^^^^^^^^^^^^^
  File "C:\Users\leegg\Documents\StockFlow_final_logging\app\__init__.py", line 86, in load_user
    return db.session.get(User, int(user_id))
           ^^^^^^^^^^^^^^^^^^^^^^^^^^^^^^^^^^
  File "C:\Users\leegg\Documents\StockFlow_final_logging\.venv\Lib\site-packages\sqlalchemy\orm\scoping.py", line 1043, in get
    return self._proxied.get(
           ^^^^^^^^^^^^^^^^^^
  File "C:\Users\leegg\Documents\StockFlow_final_logging\.venv\Lib\site-packages\sqlalchemy\orm\session.py", line 3702, in get
    return self._get_impl(
           ^^^^^^^^^^^^^^^
  File "C:\Users\leegg\Documents\StockFlow_final_logging\.venv\Lib\site-packages\sqlalchemy\orm\session.py", line 3881, in _get_impl
    return db_load_fn(
           ^^^^^^^^^^^
  File "C:\Users\leegg\Documents\StockFlow_final_logging\.venv\Lib\site-packages\sqlalchemy\orm\loading.py", line 695, in load_on_pk_identity
    session.execute(
  File "C:\Users\leegg\Documents\StockFlow_final_logging\.venv\Lib\site-packages\sqlalchemy\orm\session.py", line 2373, in execute
    return self._execute_internal(
           ^^^^^^^^^^^^^^^^^^^^^^^
  File "C:\Users\leegg\Documents\StockFlow_final_logging\.venv\Lib\site-packages\sqlalchemy\orm\session.py", line 2271, in _execute_internal
    result: Result[Any] = compile_state_cls.orm_execute_statement(
                          ^^^^^^^^^^^^^^^^^^^^^^^^^^^^^^^^^^^^^^^^
  File "C:\Users\leegg\Documents\StockFlow_final_logging\.venv\Lib\site-packages\sqlalchemy\orm\context.py", line 306, in orm_execute_statement
    result = conn.execute(
             ^^^^^^^^^^^^^
  File "C:\Users\leegg\Documents\StockFlow_final_logging\.venv\Lib\site-packages\sqlalchemy\engine\base.py", line 1421, in execute
    return meth(
           ^^^^^
  File "C:\Users\leegg\Documents\StockFlow_final_logging\.venv\Lib\site-packages\sqlalchemy\sql\elements.py", line 526, in _execute_on_connection
    return connection._execute_clauseelement(
           ^^^^^^^^^^^^^^^^^^^^^^^^^^^^^^^^^^
  File "C:\Users\leegg\Documents\StockFlow_final_logging\.venv\Lib\site-packages\sqlalchemy\engine\base.py", line 1643, in _execute_clauseelement
    ret = self._execute_context(
          ^^^^^^^^^^^^^^^^^^^^^^
  File "C:\Users\leegg\Documents\StockFlow_final_logging\.venv\Lib\site-packages\sqlalchemy\engine\base.py", line 1848, in _execute_context
    return self._exec_single_context(
           ^^^^^^^^^^^^^^^^^^^^^^^^^^
  File "C:\Users\leegg\Documents\StockFlow_final_logging\.venv\Lib\site-packages\sqlalchemy\engine\base.py", line 1988, in _exec_single_context
    self._handle_dbapi_exception(
  File "C:\Users\leegg\Documents\StockFlow_final_logging\.venv\Lib\site-packages\sqlalchemy\engine\base.py", line 2365, in _handle_dbapi_exception
    raise sqlalchemy_exception.with_traceback(exc_info[2]) from e
  File "C:\Users\leegg\Documents\StockFlow_final_logging\.venv\Lib\site-packages\sqlalchemy\engine\base.py", line 1969, in _exec_single_context
    self.dialect.do_execute(
  File "C:\Users\leegg\Documents\StockFlow_final_logging\.venv\Lib\site-packages\sqlalchemy\engine\default.py", line 952, in do_execute
    cursor.execute(statement, parameters)
  File "C:\Users\leegg\Documents\StockFlow_final_logging\.venv\Lib\site-packages\pymysql\cursors.py", line 153, in execute
    result = self._query(query)
             ^^^^^^^^^^^^^^^^^^
  File "C:\Users\leegg\Documents\StockFlow_final_logging\.venv\Lib\site-packages\pymysql\cursors.py", line 322, in _query
    conn.query(q)
  File "C:\Users\leegg\Documents\StockFlow_final_logging\.venv\Lib\site-packages\pymysql\connections.py", line 575, in query
    self._affected_rows = self._read_query_result(unbuffered=unbuffered)
                          ^^^^^^^^^^^^^^^^^^^^^^^^^^^^^^^^^^^^^^^^^^^^^^
  File "C:\Users\leegg\Documents\StockFlow_final_logging\.venv\Lib\site-packages\pymysql\connections.py", line 826, in _read_query_result
    result.read()
  File "C:\Users\leegg\Documents\StockFlow_final_logging\.venv\Lib\site-packages\pymysql\connections.py", line 1203, in read
    first_packet = self.connection._read_packet()
                   ^^^^^^^^^^^^^^^^^^^^^^^^^^^^^^
  File "C:\Users\leegg\Documents\StockFlow_final_logging\.venv\Lib\site-packages\pymysql\connections.py", line 782, in _read_packet
    packet.raise_for_error()
  File "C:\Users\leegg\Documents\StockFlow_final_logging\.venv\Lib\site-packages\pymysql\protocol.py", line 219, in raise_for_error
    err.raise_mysql_exception(self._data)
  File "C:\Users\leegg\Documents\StockFlow_final_logging\.venv\Lib\site-packages\pymysql\err.py", line 150, in raise_mysql_exception
    raise errorclass(errno, errval)
sqlalchemy.exc.OperationalError: (pymysql.err.OperationalError) (1054, "Unknown column 'user.name' in 'field list'")
[SQL: SELECT user.id AS user_id, user.username AS user_username, user.password_hash AS user_password_hash, user.`role` AS user_role, user.name AS user_name, user.position AS user_position, user.created_at AS user_created_at 
FROM user 
WHERE user.id = %(pk_1)s]
[parameters: {'pk_1': 6}]
(Background on this error at: https://sqlalche.me/e/20/e3q8)
2026-09-08 10:24:39 | ERROR | app | Request finalizing failed with an error while handling an error
Traceback (most recent call last):
  File "C:\Users\leegg\Documents\StockFlow_final_logging\.venv\Lib\site-packages\sqlalchemy\engine\base.py", line 1969, in _exec_single_context
    self.dialect.do_execute(
  File "C:\Users\leegg\Documents\StockFlow_final_logging\.venv\Lib\site-packages\sqlalchemy\engine\default.py", line 952, in do_execute
    cursor.execute(statement, parameters)
  File "C:\Users\leegg\Documents\StockFlow_final_logging\.venv\Lib\site-packages\pymysql\cursors.py", line 153, in execute
    result = self._query(query)
             ^^^^^^^^^^^^^^^^^^
  File "C:\Users\leegg\Documents\StockFlow_final_logging\.venv\Lib\site-packages\pymysql\cursors.py", line 322, in _query
    conn.query(q)
  File "C:\Users\leegg\Documents\StockFlow_final_logging\.venv\Lib\site-packages\pymysql\connections.py", line 575, in query
    self._affected_rows = self._read_query_result(unbuffered=unbuffered)
                          ^^^^^^^^^^^^^^^^^^^^^^^^^^^^^^^^^^^^^^^^^^^^^^
  File "C:\Users\leegg\Documents\StockFlow_final_logging\.venv\Lib\site-packages\pymysql\connections.py", line 826, in _read_query_result
    result.read()
  File "C:\Users\leegg\Documents\StockFlow_final_logging\.venv\Lib\site-packages\pymysql\connections.py", line 1203, in read
    first_packet = self.connection._read_packet()
                   ^^^^^^^^^^^^^^^^^^^^^^^^^^^^^^
  File "C:\Users\leegg\Documents\StockFlow_final_logging\.venv\Lib\site-packages\pymysql\connections.py", line 782, in _read_packet
    packet.raise_for_error()
  File "C:\Users\leegg\Documents\StockFlow_final_logging\.venv\Lib\site-packages\pymysql\protocol.py", line 219, in raise_for_error
    err.raise_mysql_exception(self._data)
  File "C:\Users\leegg\Documents\StockFlow_final_logging\.venv\Lib\site-packages\pymysql\err.py", line 150, in raise_mysql_exception
    raise errorclass(errno, errval)
pymysql.err.OperationalError: (1054, "Unknown column 'user.name' in 'field list'")

The above exception was the direct cause of the following exception:

Traceback (most recent call last):
  File "C:\Users\leegg\Documents\StockFlow_final_logging\.venv\Lib\site-packages\flask\app.py", line 1511, in wsgi_app
    response = self.full_dispatch_request()
               ^^^^^^^^^^^^^^^^^^^^^^^^^^^^
  File "C:\Users\leegg\Documents\StockFlow_final_logging\.venv\Lib\site-packages\flask\app.py", line 920, in full_dispatch_request
    return self.finalize_request(rv)
           ^^^^^^^^^^^^^^^^^^^^^^^^^
  File "C:\Users\leegg\Documents\StockFlow_final_logging\.venv\Lib\site-packages\flask\app.py", line 941, in finalize_request
    response = self.process_response(response)
               ^^^^^^^^^^^^^^^^^^^^^^^^^^^^^^^
  File "C:\Users\leegg\Documents\StockFlow_final_logging\.venv\Lib\site-packages\flask\app.py", line 1319, in process_response
    response = self.ensure_sync(func)(response)
               ^^^^^^^^^^^^^^^^^^^^^^^^^^^^^^^^
  File "C:\Users\leegg\Documents\StockFlow_final_logging\app\__init__.py", line 42, in _request_end
    getattr(current_user, "id", None) if current_user.is_authenticated else None
                                         ^^^^^^^^^^^^^^^^^^^^^^^^^^^^^
  File "C:\Users\leegg\Documents\StockFlow_final_logging\.venv\Lib\site-packages\werkzeug\local.py", line 318, in __get__
    obj = instance._get_current_object()
          ^^^^^^^^^^^^^^^^^^^^^^^^^^^^^^
  File "C:\Users\leegg\Documents\StockFlow_final_logging\.venv\Lib\site-packages\werkzeug\local.py", line 526, in _get_current_object
    return get_name(local())
                    ^^^^^^^
  File "C:\Users\leegg\Documents\StockFlow_final_logging\.venv\Lib\site-packages\flask_login\utils.py", line 25, in <lambda>
    current_user = LocalProxy(lambda: _get_user())
                                      ^^^^^^^^^^^
  File "C:\Users\leegg\Documents\StockFlow_final_logging\.venv\Lib\site-packages\flask_login\utils.py", line 370, in _get_user
    current_app.login_manager._load_user()
  File "C:\Users\leegg\Documents\StockFlow_final_logging\.venv\Lib\site-packages\flask_login\login_manager.py", line 364, in _load_user
    user = self._user_callback(user_id)
           ^^^^^^^^^^^^^^^^^^^^^^^^^^^^
  File "C:\Users\leegg\Documents\StockFlow_final_logging\app\__init__.py", line 86, in load_user
    return db.session.get(User, int(user_id))
           ^^^^^^^^^^^^^^^^^^^^^^^^^^^^^^^^^^
  File "C:\Users\leegg\Documents\StockFlow_final_logging\.venv\Lib\site-packages\sqlalchemy\orm\scoping.py", line 1043, in get
    return self._proxied.get(
           ^^^^^^^^^^^^^^^^^^
  File "C:\Users\leegg\Documents\StockFlow_final_logging\.venv\Lib\site-packages\sqlalchemy\orm\session.py", line 3702, in get
    return self._get_impl(
           ^^^^^^^^^^^^^^^
  File "C:\Users\leegg\Documents\StockFlow_final_logging\.venv\Lib\site-packages\sqlalchemy\orm\session.py", line 3881, in _get_impl
    return db_load_fn(
           ^^^^^^^^^^^
  File "C:\Users\leegg\Documents\StockFlow_final_logging\.venv\Lib\site-packages\sqlalchemy\orm\loading.py", line 695, in load_on_pk_identity
    session.execute(
  File "C:\Users\leegg\Documents\StockFlow_final_logging\.venv\Lib\site-packages\sqlalchemy\orm\session.py", line 2373, in execute
    return self._execute_internal(
           ^^^^^^^^^^^^^^^^^^^^^^^
  File "C:\Users\leegg\Documents\StockFlow_final_logging\.venv\Lib\site-packages\sqlalchemy\orm\session.py", line 2271, in _execute_internal
    result: Result[Any] = compile_state_cls.orm_execute_statement(
                          ^^^^^^^^^^^^^^^^^^^^^^^^^^^^^^^^^^^^^^^^
  File "C:\Users\leegg\Documents\StockFlow_final_logging\.venv\Lib\site-packages\sqlalchemy\orm\context.py", line 306, in orm_execute_statement
    result = conn.execute(
             ^^^^^^^^^^^^^
  File "C:\Users\leegg\Documents\StockFlow_final_logging\.venv\Lib\site-packages\sqlalchemy\engine\base.py", line 1421, in execute
    return meth(
           ^^^^^
  File "C:\Users\leegg\Documents\StockFlow_final_logging\.venv\Lib\site-packages\sqlalchemy\sql\elements.py", line 526, in _execute_on_connection
    return connection._execute_clauseelement(
           ^^^^^^^^^^^^^^^^^^^^^^^^^^^^^^^^^^
  File "C:\Users\leegg\Documents\StockFlow_final_logging\.venv\Lib\site-packages\sqlalchemy\engine\base.py", line 1643, in _execute_clauseelement
    ret = self._execute_context(
          ^^^^^^^^^^^^^^^^^^^^^^
  File "C:\Users\leegg\Documents\StockFlow_final_logging\.venv\Lib\site-packages\sqlalchemy\engine\base.py", line 1848, in _execute_context
    return self._exec_single_context(
           ^^^^^^^^^^^^^^^^^^^^^^^^^^
  File "C:\Users\leegg\Documents\StockFlow_final_logging\.venv\Lib\site-packages\sqlalchemy\engine\base.py", line 1988, in _exec_single_context
    self._handle_dbapi_exception(
  File "C:\Users\leegg\Documents\StockFlow_final_logging\.venv\Lib\site-packages\sqlalchemy\engine\base.py", line 2365, in _handle_dbapi_exception
    raise sqlalchemy_exception.with_traceback(exc_info[2]) from e
  File "C:\Users\leegg\Documents\StockFlow_final_logging\.venv\Lib\site-packages\sqlalchemy\engine\base.py", line 1969, in _exec_single_context
    self.dialect.do_execute(
  File "C:\Users\leegg\Documents\StockFlow_final_logging\.venv\Lib\site-packages\sqlalchemy\engine\default.py", line 952, in do_execute
    cursor.execute(statement, parameters)
  File "C:\Users\leegg\Documents\StockFlow_final_logging\.venv\Lib\site-packages\pymysql\cursors.py", line 153, in execute
    result = self._query(query)
             ^^^^^^^^^^^^^^^^^^
  File "C:\Users\leegg\Documents\StockFlow_final_logging\.venv\Lib\site-packages\pymysql\cursors.py", line 322, in _query
    conn.query(q)
  File "C:\Users\leegg\Documents\StockFlow_final_logging\.venv\Lib\site-packages\pymysql\connections.py", line 575, in query
    self._affected_rows = self._read_query_result(unbuffered=unbuffered)
                          ^^^^^^^^^^^^^^^^^^^^^^^^^^^^^^^^^^^^^^^^^^^^^^
  File "C:\Users\leegg\Documents\StockFlow_final_logging\.venv\Lib\site-packages\pymysql\connections.py", line 826, in _read_query_result
    result.read()
  File "C:\Users\leegg\Documents\StockFlow_final_logging\.venv\Lib\site-packages\pymysql\connections.py", line 1203, in read
    first_packet = self.connection._read_packet()
                   ^^^^^^^^^^^^^^^^^^^^^^^^^^^^^^
  File "C:\Users\leegg\Documents\StockFlow_final_logging\.venv\Lib\site-packages\pymysql\connections.py", line 782, in _read_packet
    packet.raise_for_error()
  File "C:\Users\leegg\Documents\StockFlow_final_logging\.venv\Lib\site-packages\pymysql\protocol.py", line 219, in raise_for_error
    err.raise_mysql_exception(self._data)
  File "C:\Users\leegg\Documents\StockFlow_final_logging\.venv\Lib\site-packages\pymysql\err.py", line 150, in raise_mysql_exception
    raise errorclass(errno, errval)
sqlalchemy.exc.OperationalError: (pymysql.err.OperationalError) (1054, "Unknown column 'user.name' in 'field list'")
[SQL: SELECT user.id AS user_id, user.username AS user_username, user.password_hash AS user_password_hash, user.`role` AS user_role, user.name AS user_name, user.position AS user_position, user.created_at AS user_created_at 
FROM user 
WHERE user.id = %(pk_1)s]
[parameters: {'pk_1': 6}]
(Background on this error at: https://sqlalche.me/e/20/e3q8)

During handling of the above exception, another exception occurred:

Traceback (most recent call last):
  File "C:\Users\leegg\Documents\StockFlow_final_logging\.venv\Lib\site-packages\sqlalchemy\engine\base.py", line 1969, in _exec_single_context
    self.dialect.do_execute(
  File "C:\Users\leegg\Documents\StockFlow_final_logging\.venv\Lib\site-packages\sqlalchemy\engine\default.py", line 952, in do_execute
    cursor.execute(statement, parameters)
  File "C:\Users\leegg\Documents\StockFlow_final_logging\.venv\Lib\site-packages\pymysql\cursors.py", line 153, in execute
    result = self._query(query)
             ^^^^^^^^^^^^^^^^^^
  File "C:\Users\leegg\Documents\StockFlow_final_logging\.venv\Lib\site-packages\pymysql\cursors.py", line 322, in _query
    conn.query(q)
  File "C:\Users\leegg\Documents\StockFlow_final_logging\.venv\Lib\site-packages\pymysql\connections.py", line 575, in query
    self._affected_rows = self._read_query_result(unbuffered=unbuffered)
                          ^^^^^^^^^^^^^^^^^^^^^^^^^^^^^^^^^^^^^^^^^^^^^^
  File "C:\Users\leegg\Documents\StockFlow_final_logging\.venv\Lib\site-packages\pymysql\connections.py", line 826, in _read_query_result
    result.read()
  File "C:\Users\leegg\Documents\StockFlow_final_logging\.venv\Lib\site-packages\pymysql\connections.py", line 1203, in read
    first_packet = self.connection._read_packet()
                   ^^^^^^^^^^^^^^^^^^^^^^^^^^^^^^
  File "C:\Users\leegg\Documents\StockFlow_final_logging\.venv\Lib\site-packages\pymysql\connections.py", line 782, in _read_packet
    packet.raise_for_error()
  File "C:\Users\leegg\Documents\StockFlow_final_logging\.venv\Lib\site-packages\pymysql\protocol.py", line 219, in raise_for_error
    err.raise_mysql_exception(self._data)
  File "C:\Users\leegg\Documents\StockFlow_final_logging\.venv\Lib\site-packages\pymysql\err.py", line 150, in raise_mysql_exception
    raise errorclass(errno, errval)
pymysql.err.OperationalError: (1054, "Unknown column 'user.name' in 'field list'")

The above exception was the direct cause of the following exception:

Traceback (most recent call last):
  File "C:\Users\leegg\Documents\StockFlow_final_logging\.venv\Lib\site-packages\flask\app.py", line 941, in finalize_request
    response = self.process_response(response)
               ^^^^^^^^^^^^^^^^^^^^^^^^^^^^^^^
  File "C:\Users\leegg\Documents\StockFlow_final_logging\.venv\Lib\site-packages\flask\app.py", line 1319, in process_response
    response = self.ensure_sync(func)(response)
               ^^^^^^^^^^^^^^^^^^^^^^^^^^^^^^^^
  File "C:\Users\leegg\Documents\StockFlow_final_logging\app\__init__.py", line 42, in _request_end
    getattr(current_user, "id", None) if current_user.is_authenticated else None
                                         ^^^^^^^^^^^^^^^^^^^^^^^^^^^^^
  File "C:\Users\leegg\Documents\StockFlow_final_logging\.venv\Lib\site-packages\werkzeug\local.py", line 318, in __get__
    obj = instance._get_current_object()
          ^^^^^^^^^^^^^^^^^^^^^^^^^^^^^^
  File "C:\Users\leegg\Documents\StockFlow_final_logging\.venv\Lib\site-packages\werkzeug\local.py", line 526, in _get_current_object
    return get_name(local())
                    ^^^^^^^
  File "C:\Users\leegg\Documents\StockFlow_final_logging\.venv\Lib\site-packages\flask_login\utils.py", line 25, in <lambda>
    current_user = LocalProxy(lambda: _get_user())
                                      ^^^^^^^^^^^
  File "C:\Users\leegg\Documents\StockFlow_final_logging\.venv\Lib\site-packages\flask_login\utils.py", line 370, in _get_user
    current_app.login_manager._load_user()
  File "C:\Users\leegg\Documents\StockFlow_final_logging\.venv\Lib\site-packages\flask_login\login_manager.py", line 364, in _load_user
    user = self._user_callback(user_id)
           ^^^^^^^^^^^^^^^^^^^^^^^^^^^^
  File "C:\Users\leegg\Documents\StockFlow_final_logging\app\__init__.py", line 86, in load_user
    return db.session.get(User, int(user_id))
           ^^^^^^^^^^^^^^^^^^^^^^^^^^^^^^^^^^
  File "C:\Users\leegg\Documents\StockFlow_final_logging\.venv\Lib\site-packages\sqlalchemy\orm\scoping.py", line 1043, in get
    return self._proxied.get(
           ^^^^^^^^^^^^^^^^^^
  File "C:\Users\leegg\Documents\StockFlow_final_logging\.venv\Lib\site-packages\sqlalchemy\orm\session.py", line 3702, in get
    return self._get_impl(
           ^^^^^^^^^^^^^^^
  File "C:\Users\leegg\Documents\StockFlow_final_logging\.venv\Lib\site-packages\sqlalchemy\orm\session.py", line 3881, in _get_impl
    return db_load_fn(
           ^^^^^^^^^^^
  File "C:\Users\leegg\Documents\StockFlow_final_logging\.venv\Lib\site-packages\sqlalchemy\orm\loading.py", line 695, in load_on_pk_identity
    session.execute(
  File "C:\Users\leegg\Documents\StockFlow_final_logging\.venv\Lib\site-packages\sqlalchemy\orm\session.py", line 2373, in execute
    return self._execute_internal(
           ^^^^^^^^^^^^^^^^^^^^^^^
  File "C:\Users\leegg\Documents\StockFlow_final_logging\.venv\Lib\site-packages\sqlalchemy\orm\session.py", line 2271, in _execute_internal
    result: Result[Any] = compile_state_cls.orm_execute_statement(
                          ^^^^^^^^^^^^^^^^^^^^^^^^^^^^^^^^^^^^^^^^
  File "C:\Users\leegg\Documents\StockFlow_final_logging\.venv\Lib\site-packages\sqlalchemy\orm\context.py", line 306, in orm_execute_statement
    result = conn.execute(
             ^^^^^^^^^^^^^
  File "C:\Users\leegg\Documents\StockFlow_final_logging\.venv\Lib\site-packages\sqlalchemy\engine\base.py", line 1421, in execute
    return meth(
           ^^^^^
  File "C:\Users\leegg\Documents\StockFlow_final_logging\.venv\Lib\site-packages\sqlalchemy\sql\elements.py", line 526, in _execute_on_connection
    return connection._execute_clauseelement(
           ^^^^^^^^^^^^^^^^^^^^^^^^^^^^^^^^^^
  File "C:\Users\leegg\Documents\StockFlow_final_logging\.venv\Lib\site-packages\sqlalchemy\engine\base.py", line 1643, in _execute_clauseelement
    ret = self._execute_context(
          ^^^^^^^^^^^^^^^^^^^^^^
  File "C:\Users\leegg\Documents\StockFlow_final_logging\.venv\Lib\site-packages\sqlalchemy\engine\base.py", line 1848, in _execute_context
    return self._exec_single_context(
           ^^^^^^^^^^^^^^^^^^^^^^^^^^
  File "C:\Users\leegg\Documents\StockFlow_final_logging\.venv\Lib\site-packages\sqlalchemy\engine\base.py", line 1988, in _exec_single_context
    self._handle_dbapi_exception(
  File "C:\Users\leegg\Documents\StockFlow_final_logging\.venv\Lib\site-packages\sqlalchemy\engine\base.py", line 2365, in _handle_dbapi_exception
    raise sqlalchemy_exception.with_traceback(exc_info[2]) from e
  File "C:\Users\leegg\Documents\StockFlow_final_logging\.venv\Lib\site-packages\sqlalchemy\engine\base.py", line 1969, in _exec_single_context
    self.dialect.do_execute(
  File "C:\Users\leegg\Documents\StockFlow_final_logging\.venv\Lib\site-packages\sqlalchemy\engine\default.py", line 952, in do_execute
    cursor.execute(statement, parameters)
  File "C:\Users\leegg\Documents\StockFlow_final_logging\.venv\Lib\site-packages\pymysql\cursors.py", line 153, in execute
    result = self._query(query)
             ^^^^^^^^^^^^^^^^^^
  File "C:\Users\leegg\Documents\StockFlow_final_logging\.venv\Lib\site-packages\pymysql\cursors.py", line 322, in _query
    conn.query(q)
  File "C:\Users\leegg\Documents\StockFlow_final_logging\.venv\Lib\site-packages\pymysql\connections.py", line 575, in query
    self._affected_rows = self._read_query_result(unbuffered=unbuffered)
                          ^^^^^^^^^^^^^^^^^^^^^^^^^^^^^^^^^^^^^^^^^^^^^^
  File "C:\Users\leegg\Documents\StockFlow_final_logging\.venv\Lib\site-packages\pymysql\connections.py", line 826, in _read_query_result
    result.read()
  File "C:\Users\leegg\Documents\StockFlow_final_logging\.venv\Lib\site-packages\pymysql\connections.py", line 1203, in read
    first_packet = self.connection._read_packet()
                   ^^^^^^^^^^^^^^^^^^^^^^^^^^^^^^
  File "C:\Users\leegg\Documents\StockFlow_final_logging\.venv\Lib\site-packages\pymysql\connections.py", line 782, in _read_packet
    packet.raise_for_error()
  File "C:\Users\leegg\Documents\StockFlow_final_logging\.venv\Lib\site-packages\pymysql\protocol.py", line 219, in raise_for_error
    err.raise_mysql_exception(self._data)
  File "C:\Users\leegg\Documents\StockFlow_final_logging\.venv\Lib\site-packages\pymysql\err.py", line 150, in raise_mysql_exception
    raise errorclass(errno, errval)
sqlalchemy.exc.OperationalError: (pymysql.err.OperationalError) (1054, "Unknown column 'user.name' in 'field list'")
[SQL: SELECT user.id AS user_id, user.username AS user_username, user.password_hash AS user_password_hash, user.`role` AS user_role, user.name AS user_name, user.position AS user_position, user.created_at AS user_created_at 
FROM user 
WHERE user.id = %(pk_1)s]
[parameters: {'pk_1': 6}]
(Background on this error at: https://sqlalche.me/e/20/e3q8)
2026-09-08 13:17:04 | ERROR | app | Unhandled exception | request_id=69e8c469234d | method=GET | path=/
Traceback (most recent call last):
  File "C:\Users\leegg\Documents\StockFlow_final_logging\.venv\Lib\site-packages\sqlalchemy\engine\base.py", line 1969, in _exec_single_context
    self.dialect.do_execute(
  File "C:\Users\leegg\Documents\StockFlow_final_logging\.venv\Lib\site-packages\sqlalchemy\engine\default.py", line 952, in do_execute
    cursor.execute(statement, parameters)
  File "C:\Users\leegg\Documents\StockFlow_final_logging\.venv\Lib\site-packages\pymysql\cursors.py", line 153, in execute
    result = self._query(query)
             ^^^^^^^^^^^^^^^^^^
  File "C:\Users\leegg\Documents\StockFlow_final_logging\.venv\Lib\site-packages\pymysql\cursors.py", line 322, in _query
    conn.query(q)
  File "C:\Users\leegg\Documents\StockFlow_final_logging\.venv\Lib\site-packages\pymysql\connections.py", line 575, in query
    self._affected_rows = self._read_query_result(unbuffered=unbuffered)
                          ^^^^^^^^^^^^^^^^^^^^^^^^^^^^^^^^^^^^^^^^^^^^^^
  File "C:\Users\leegg\Documents\StockFlow_final_logging\.venv\Lib\site-packages\pymysql\connections.py", line 826, in _read_query_result
    result.read()
  File "C:\Users\leegg\Documents\StockFlow_final_logging\.venv\Lib\site-packages\pymysql\connections.py", line 1203, in read
    first_packet = self.connection._read_packet()
                   ^^^^^^^^^^^^^^^^^^^^^^^^^^^^^^
  File "C:\Users\leegg\Documents\StockFlow_final_logging\.venv\Lib\site-packages\pymysql\connections.py", line 782, in _read_packet
    packet.raise_for_error()
  File "C:\Users\leegg\Documents\StockFlow_final_logging\.venv\Lib\site-packages\pymysql\protocol.py", line 219, in raise_for_error
    err.raise_mysql_exception(self._data)
  File "C:\Users\leegg\Documents\StockFlow_final_logging\.venv\Lib\site-packages\pymysql\err.py", line 150, in raise_mysql_exception
    raise errorclass(errno, errval)
pymysql.err.OperationalError: (1054, "Unknown column 'user.name' in 'field list'")

The above exception was the direct cause of the following exception:

Traceback (most recent call last):
  File "C:\Users\leegg\Documents\StockFlow_final_logging\.venv\Lib\site-packages\flask\app.py", line 917, in full_dispatch_request
    rv = self.dispatch_request()
         ^^^^^^^^^^^^^^^^^^^^^^^
  File "C:\Users\leegg\Documents\StockFlow_final_logging\.venv\Lib\site-packages\flask\app.py", line 902, in dispatch_request
    return self.ensure_sync(self.view_functions[rule.endpoint])(**view_args)  # type: ignore[no-any-return]
           ^^^^^^^^^^^^^^^^^^^^^^^^^^^^^^^^^^^^^^^^^^^^^^^^^^^^^^^^^^^^^^^^^
  File "C:\Users\leegg\Documents\StockFlow_final_logging\.venv\Lib\site-packages\flask_login\utils.py", line 284, in decorated_view
    elif not current_user.is_authenticated:
             ^^^^^^^^^^^^^^^^^^^^^^^^^^^^^
  File "C:\Users\leegg\Documents\StockFlow_final_logging\.venv\Lib\site-packages\werkzeug\local.py", line 318, in __get__
    obj = instance._get_current_object()
          ^^^^^^^^^^^^^^^^^^^^^^^^^^^^^^
  File "C:\Users\leegg\Documents\StockFlow_final_logging\.venv\Lib\site-packages\werkzeug\local.py", line 526, in _get_current_object
    return get_name(local())
                    ^^^^^^^
  File "C:\Users\leegg\Documents\StockFlow_final_logging\.venv\Lib\site-packages\flask_login\utils.py", line 25, in <lambda>
    current_user = LocalProxy(lambda: _get_user())
                                      ^^^^^^^^^^^
  File "C:\Users\leegg\Documents\StockFlow_final_logging\.venv\Lib\site-packages\flask_login\utils.py", line 370, in _get_user
    current_app.login_manager._load_user()
  File "C:\Users\leegg\Documents\StockFlow_final_logging\.venv\Lib\site-packages\flask_login\login_manager.py", line 364, in _load_user
    user = self._user_callback(user_id)
           ^^^^^^^^^^^^^^^^^^^^^^^^^^^^
  File "C:\Users\leegg\Documents\StockFlow_final_logging\app\__init__.py", line 86, in load_user
    return db.session.get(User, int(user_id))
           ^^^^^^^^^^^^^^^^^^^^^^^^^^^^^^^^^^
  File "C:\Users\leegg\Documents\StockFlow_final_logging\.venv\Lib\site-packages\sqlalchemy\orm\scoping.py", line 1043, in get
    return self._proxied.get(
           ^^^^^^^^^^^^^^^^^^
  File "C:\Users\leegg\Documents\StockFlow_final_logging\.venv\Lib\site-packages\sqlalchemy\orm\session.py", line 3702, in get
    return self._get_impl(
           ^^^^^^^^^^^^^^^
  File "C:\Users\leegg\Documents\StockFlow_final_logging\.venv\Lib\site-packages\sqlalchemy\orm\session.py", line 3881, in _get_impl
    return db_load_fn(
           ^^^^^^^^^^^
  File "C:\Users\leegg\Documents\StockFlow_final_logging\.venv\Lib\site-packages\sqlalchemy\orm\loading.py", line 695, in load_on_pk_identity
    session.execute(
  File "C:\Users\leegg\Documents\StockFlow_final_logging\.venv\Lib\site-packages\sqlalchemy\orm\session.py", line 2373, in execute
    return self._execute_internal(
           ^^^^^^^^^^^^^^^^^^^^^^^
  File "C:\Users\leegg\Documents\StockFlow_final_logging\.venv\Lib\site-packages\sqlalchemy\orm\session.py", line 2271, in _execute_internal
    result: Result[Any] = compile_state_cls.orm_execute_statement(
                          ^^^^^^^^^^^^^^^^^^^^^^^^^^^^^^^^^^^^^^^^
  File "C:\Users\leegg\Documents\StockFlow_final_logging\.venv\Lib\site-packages\sqlalchemy\orm\context.py", line 306, in orm_execute_statement
    result = conn.execute(
             ^^^^^^^^^^^^^
  File "C:\Users\leegg\Documents\StockFlow_final_logging\.venv\Lib\site-packages\sqlalchemy\engine\base.py", line 1421, in execute
    return meth(
           ^^^^^
  File "C:\Users\leegg\Documents\StockFlow_final_logging\.venv\Lib\site-packages\sqlalchemy\sql\elements.py", line 526, in _execute_on_connection
    return connection._execute_clauseelement(
           ^^^^^^^^^^^^^^^^^^^^^^^^^^^^^^^^^^
  File "C:\Users\leegg\Documents\StockFlow_final_logging\.venv\Lib\site-packages\sqlalchemy\engine\base.py", line 1643, in _execute_clauseelement
    ret = self._execute_context(
          ^^^^^^^^^^^^^^^^^^^^^^
  File "C:\Users\leegg\Documents\StockFlow_final_logging\.venv\Lib\site-packages\sqlalchemy\engine\base.py", line 1848, in _execute_context
    return self._exec_single_context(
           ^^^^^^^^^^^^^^^^^^^^^^^^^^
  File "C:\Users\leegg\Documents\StockFlow_final_logging\.venv\Lib\site-packages\sqlalchemy\engine\base.py", line 1988, in _exec_single_context
    self._handle_dbapi_exception(
  File "C:\Users\leegg\Documents\StockFlow_final_logging\.venv\Lib\site-packages\sqlalchemy\engine\base.py", line 2365, in _handle_dbapi_exception
    raise sqlalchemy_exception.with_traceback(exc_info[2]) from e
  File "C:\Users\leegg\Documents\StockFlow_final_logging\.venv\Lib\site-packages\sqlalchemy\engine\base.py", line 1969, in _exec_single_context
    self.dialect.do_execute(
  File "C:\Users\leegg\Documents\StockFlow_final_logging\.venv\Lib\site-packages\sqlalchemy\engine\default.py", line 952, in do_execute
    cursor.execute(statement, parameters)
  File "C:\Users\leegg\Documents\StockFlow_final_logging\.venv\Lib\site-packages\pymysql\cursors.py", line 153, in execute
    result = self._query(query)
             ^^^^^^^^^^^^^^^^^^
  File "C:\Users\leegg\Documents\StockFlow_final_logging\.venv\Lib\site-packages\pymysql\cursors.py", line 322, in _query
    conn.query(q)
  File "C:\Users\leegg\Documents\StockFlow_final_logging\.venv\Lib\site-packages\pymysql\connections.py", line 575, in query
    self._affected_rows = self._read_query_result(unbuffered=unbuffered)
                          ^^^^^^^^^^^^^^^^^^^^^^^^^^^^^^^^^^^^^^^^^^^^^^
  File "C:\Users\leegg\Documents\StockFlow_final_logging\.venv\Lib\site-packages\pymysql\connections.py", line 826, in _read_query_result
    result.read()
  File "C:\Users\leegg\Documents\StockFlow_final_logging\.venv\Lib\site-packages\pymysql\connections.py", line 1203, in read
    first_packet = self.connection._read_packet()
                   ^^^^^^^^^^^^^^^^^^^^^^^^^^^^^^
  File "C:\Users\leegg\Documents\StockFlow_final_logging\.venv\Lib\site-packages\pymysql\connections.py", line 782, in _read_packet
    packet.raise_for_error()
  File "C:\Users\leegg\Documents\StockFlow_final_logging\.venv\Lib\site-packages\pymysql\protocol.py", line 219, in raise_for_error
    err.raise_mysql_exception(self._data)
  File "C:\Users\leegg\Documents\StockFlow_final_logging\.venv\Lib\site-packages\pymysql\err.py", line 150, in raise_mysql_exception
    raise errorclass(errno, errval)
sqlalchemy.exc.OperationalError: (pymysql.err.OperationalError) (1054, "Unknown column 'user.name' in 'field list'")
[SQL: SELECT user.id AS user_id, user.username AS user_username, user.password_hash AS user_password_hash, user.`role` AS user_role, user.name AS user_name, user.position AS user_position, user.created_at AS user_created_at 
FROM user 
WHERE user.id = %(pk_1)s]
[parameters: {'pk_1': 6}]
(Background on this error at: https://sqlalche.me/e/20/e3q8)
2026-09-08 13:17:05 | ERROR | app | Exception on / [GET]
Traceback (most recent call last):
  File "C:\Users\leegg\Documents\StockFlow_final_logging\.venv\Lib\site-packages\sqlalchemy\engine\base.py", line 1969, in _exec_single_context
    self.dialect.do_execute(
  File "C:\Users\leegg\Documents\StockFlow_final_logging\.venv\Lib\site-packages\sqlalchemy\engine\default.py", line 952, in do_execute
    cursor.execute(statement, parameters)
  File "C:\Users\leegg\Documents\StockFlow_final_logging\.venv\Lib\site-packages\pymysql\cursors.py", line 153, in execute
    result = self._query(query)
             ^^^^^^^^^^^^^^^^^^
  File "C:\Users\leegg\Documents\StockFlow_final_logging\.venv\Lib\site-packages\pymysql\cursors.py", line 322, in _query
    conn.query(q)
  File "C:\Users\leegg\Documents\StockFlow_final_logging\.venv\Lib\site-packages\pymysql\connections.py", line 575, in query
    self._affected_rows = self._read_query_result(unbuffered=unbuffered)
                          ^^^^^^^^^^^^^^^^^^^^^^^^^^^^^^^^^^^^^^^^^^^^^^
  File "C:\Users\leegg\Documents\StockFlow_final_logging\.venv\Lib\site-packages\pymysql\connections.py", line 826, in _read_query_result
    result.read()
  File "C:\Users\leegg\Documents\StockFlow_final_logging\.venv\Lib\site-packages\pymysql\connections.py", line 1203, in read
    first_packet = self.connection._read_packet()
                   ^^^^^^^^^^^^^^^^^^^^^^^^^^^^^^
  File "C:\Users\leegg\Documents\StockFlow_final_logging\.venv\Lib\site-packages\pymysql\connections.py", line 782, in _read_packet
    packet.raise_for_error()
  File "C:\Users\leegg\Documents\StockFlow_final_logging\.venv\Lib\site-packages\pymysql\protocol.py", line 219, in raise_for_error
    err.raise_mysql_exception(self._data)
  File "C:\Users\leegg\Documents\StockFlow_final_logging\.venv\Lib\site-packages\pymysql\err.py", line 150, in raise_mysql_exception
    raise errorclass(errno, errval)
pymysql.err.OperationalError: (1054, "Unknown column 'user.name' in 'field list'")

The above exception was the direct cause of the following exception:

Traceback (most recent call last):
  File "C:\Users\leegg\Documents\StockFlow_final_logging\.venv\Lib\site-packages\flask\app.py", line 1511, in wsgi_app
    response = self.full_dispatch_request()
               ^^^^^^^^^^^^^^^^^^^^^^^^^^^^
  File "C:\Users\leegg\Documents\StockFlow_final_logging\.venv\Lib\site-packages\flask\app.py", line 920, in full_dispatch_request
    return self.finalize_request(rv)
           ^^^^^^^^^^^^^^^^^^^^^^^^^
  File "C:\Users\leegg\Documents\StockFlow_final_logging\.venv\Lib\site-packages\flask\app.py", line 941, in finalize_request
    response = self.process_response(response)
               ^^^^^^^^^^^^^^^^^^^^^^^^^^^^^^^
  File "C:\Users\leegg\Documents\StockFlow_final_logging\.venv\Lib\site-packages\flask\app.py", line 1319, in process_response
    response = self.ensure_sync(func)(response)
               ^^^^^^^^^^^^^^^^^^^^^^^^^^^^^^^^
  File "C:\Users\leegg\Documents\StockFlow_final_logging\app\__init__.py", line 42, in _request_end
    getattr(current_user, "id", None) if current_user.is_authenticated else None
                                         ^^^^^^^^^^^^^^^^^^^^^^^^^^^^^
  File "C:\Users\leegg\Documents\StockFlow_final_logging\.venv\Lib\site-packages\werkzeug\local.py", line 318, in __get__
    obj = instance._get_current_object()
          ^^^^^^^^^^^^^^^^^^^^^^^^^^^^^^
  File "C:\Users\leegg\Documents\StockFlow_final_logging\.venv\Lib\site-packages\werkzeug\local.py", line 526, in _get_current_object
    return get_name(local())
                    ^^^^^^^
  File "C:\Users\leegg\Documents\StockFlow_final_logging\.venv\Lib\site-packages\flask_login\utils.py", line 25, in <lambda>
    current_user = LocalProxy(lambda: _get_user())
                                      ^^^^^^^^^^^
  File "C:\Users\leegg\Documents\StockFlow_final_logging\.venv\Lib\site-packages\flask_login\utils.py", line 370, in _get_user
    current_app.login_manager._load_user()
  File "C:\Users\leegg\Documents\StockFlow_final_logging\.venv\Lib\site-packages\flask_login\login_manager.py", line 364, in _load_user
    user = self._user_callback(user_id)
           ^^^^^^^^^^^^^^^^^^^^^^^^^^^^
  File "C:\Users\leegg\Documents\StockFlow_final_logging\app\__init__.py", line 86, in load_user
    return db.session.get(User, int(user_id))
           ^^^^^^^^^^^^^^^^^^^^^^^^^^^^^^^^^^
  File "C:\Users\leegg\Documents\StockFlow_final_logging\.venv\Lib\site-packages\sqlalchemy\orm\scoping.py", line 1043, in get
    return self._proxied.get(
           ^^^^^^^^^^^^^^^^^^
  File "C:\Users\leegg\Documents\StockFlow_final_logging\.venv\Lib\site-packages\sqlalchemy\orm\session.py", line 3702, in get
    return self._get_impl(
           ^^^^^^^^^^^^^^^
  File "C:\Users\leegg\Documents\StockFlow_final_logging\.venv\Lib\site-packages\sqlalchemy\orm\session.py", line 3881, in _get_impl
    return db_load_fn(
           ^^^^^^^^^^^
  File "C:\Users\leegg\Documents\StockFlow_final_logging\.venv\Lib\site-packages\sqlalchemy\orm\loading.py", line 695, in load_on_pk_identity
    session.execute(
  File "C:\Users\leegg\Documents\StockFlow_final_logging\.venv\Lib\site-packages\sqlalchemy\orm\session.py", line 2373, in execute
    return self._execute_internal(
           ^^^^^^^^^^^^^^^^^^^^^^^
  File "C:\Users\leegg\Documents\StockFlow_final_logging\.venv\Lib\site-packages\sqlalchemy\orm\session.py", line 2271, in _execute_internal
    result: Result[Any] = compile_state_cls.orm_execute_statement(
                          ^^^^^^^^^^^^^^^^^^^^^^^^^^^^^^^^^^^^^^^^
  File "C:\Users\leegg\Documents\StockFlow_final_logging\.venv\Lib\site-packages\sqlalchemy\orm\context.py", line 306, in orm_execute_statement
    result = conn.execute(
             ^^^^^^^^^^^^^
  File "C:\Users\leegg\Documents\StockFlow_final_logging\.venv\Lib\site-packages\sqlalchemy\engine\base.py", line 1421, in execute
    return meth(
           ^^^^^
  File "C:\Users\leegg\Documents\StockFlow_final_logging\.venv\Lib\site-packages\sqlalchemy\sql\elements.py", line 526, in _execute_on_connection
    return connection._execute_clauseelement(
           ^^^^^^^^^^^^^^^^^^^^^^^^^^^^^^^^^^
  File "C:\Users\leegg\Documents\StockFlow_final_logging\.venv\Lib\site-packages\sqlalchemy\engine\base.py", line 1643, in _execute_clauseelement
    ret = self._execute_context(
          ^^^^^^^^^^^^^^^^^^^^^^
  File "C:\Users\leegg\Documents\StockFlow_final_logging\.venv\Lib\site-packages\sqlalchemy\engine\base.py", line 1848, in _execute_context
    return self._exec_single_context(
           ^^^^^^^^^^^^^^^^^^^^^^^^^^
  File "C:\Users\leegg\Documents\StockFlow_final_logging\.venv\Lib\site-packages\sqlalchemy\engine\base.py", line 1988, in _exec_single_context
    self._handle_dbapi_exception(
  File "C:\Users\leegg\Documents\StockFlow_final_logging\.venv\Lib\site-packages\sqlalchemy\engine\base.py", line 2365, in _handle_dbapi_exception
    raise sqlalchemy_exception.with_traceback(exc_info[2]) from e
  File "C:\Users\leegg\Documents\StockFlow_final_logging\.venv\Lib\site-packages\sqlalchemy\engine\base.py", line 1969, in _exec_single_context
    self.dialect.do_execute(
  File "C:\Users\leegg\Documents\StockFlow_final_logging\.venv\Lib\site-packages\sqlalchemy\engine\default.py", line 952, in do_execute
    cursor.execute(statement, parameters)
  File "C:\Users\leegg\Documents\StockFlow_final_logging\.venv\Lib\site-packages\pymysql\cursors.py", line 153, in execute
    result = self._query(query)
             ^^^^^^^^^^^^^^^^^^
  File "C:\Users\leegg\Documents\StockFlow_final_logging\.venv\Lib\site-packages\pymysql\cursors.py", line 322, in _query
    conn.query(q)
  File "C:\Users\leegg\Documents\StockFlow_final_logging\.venv\Lib\site-packages\pymysql\connections.py", line 575, in query
    self._affected_rows = self._read_query_result(unbuffered=unbuffered)
                          ^^^^^^^^^^^^^^^^^^^^^^^^^^^^^^^^^^^^^^^^^^^^^^
  File "C:\Users\leegg\Documents\StockFlow_final_logging\.venv\Lib\site-packages\pymysql\connections.py", line 826, in _read_query_result
    result.read()
  File "C:\Users\leegg\Documents\StockFlow_final_logging\.venv\Lib\site-packages\pymysql\connections.py", line 1203, in read
    first_packet = self.connection._read_packet()
                   ^^^^^^^^^^^^^^^^^^^^^^^^^^^^^^
  File "C:\Users\leegg\Documents\StockFlow_final_logging\.venv\Lib\site-packages\pymysql\connections.py", line 782, in _read_packet
    packet.raise_for_error()
  File "C:\Users\leegg\Documents\StockFlow_final_logging\.venv\Lib\site-packages\pymysql\protocol.py", line 219, in raise_for_error
    err.raise_mysql_exception(self._data)
  File "C:\Users\leegg\Documents\StockFlow_final_logging\.venv\Lib\site-packages\pymysql\err.py", line 150, in raise_mysql_exception
    raise errorclass(errno, errval)
sqlalchemy.exc.OperationalError: (pymysql.err.OperationalError) (1054, "Unknown column 'user.name' in 'field list'")
[SQL: SELECT user.id AS user_id, user.username AS user_username, user.password_hash AS user_password_hash, user.`role` AS user_role, user.name AS user_name, user.position AS user_position, user.created_at AS user_created_at 
FROM user 
WHERE user.id = %(pk_1)s]
[parameters: {'pk_1': 6}]
(Background on this error at: https://sqlalche.me/e/20/e3q8)
2026-09-08 13:17:05 | ERROR | app | Request finalizing failed with an error while handling an error
Traceback (most recent call last):
  File "C:\Users\leegg\Documents\StockFlow_final_logging\.venv\Lib\site-packages\sqlalchemy\engine\base.py", line 1969, in _exec_single_context
    self.dialect.do_execute(
  File "C:\Users\leegg\Documents\StockFlow_final_logging\.venv\Lib\site-packages\sqlalchemy\engine\default.py", line 952, in do_execute
    cursor.execute(statement, parameters)
  File "C:\Users\leegg\Documents\StockFlow_final_logging\.venv\Lib\site-packages\pymysql\cursors.py", line 153, in execute
    result = self._query(query)
             ^^^^^^^^^^^^^^^^^^
  File "C:\Users\leegg\Documents\StockFlow_final_logging\.venv\Lib\site-packages\pymysql\cursors.py", line 322, in _query
    conn.query(q)
  File "C:\Users\leegg\Documents\StockFlow_final_logging\.venv\Lib\site-packages\pymysql\connections.py", line 575, in query
    self._affected_rows = self._read_query_result(unbuffered=unbuffered)
                          ^^^^^^^^^^^^^^^^^^^^^^^^^^^^^^^^^^^^^^^^^^^^^^
  File "C:\Users\leegg\Documents\StockFlow_final_logging\.venv\Lib\site-packages\pymysql\connections.py", line 826, in _read_query_result
    result.read()
  File "C:\Users\leegg\Documents\StockFlow_final_logging\.venv\Lib\site-packages\pymysql\connections.py", line 1203, in read
    first_packet = self.connection._read_packet()
                   ^^^^^^^^^^^^^^^^^^^^^^^^^^^^^^
  File "C:\Users\leegg\Documents\StockFlow_final_logging\.venv\Lib\site-packages\pymysql\connections.py", line 782, in _read_packet
    packet.raise_for_error()
  File "C:\Users\leegg\Documents\StockFlow_final_logging\.venv\Lib\site-packages\pymysql\protocol.py", line 219, in raise_for_error
    err.raise_mysql_exception(self._data)
  File "C:\Users\leegg\Documents\StockFlow_final_logging\.venv\Lib\site-packages\pymysql\err.py", line 150, in raise_mysql_exception
    raise errorclass(errno, errval)
pymysql.err.OperationalError: (1054, "Unknown column 'user.name' in 'field list'")

The above exception was the direct cause of the following exception:

Traceback (most recent call last):
  File "C:\Users\leegg\Documents\StockFlow_final_logging\.venv\Lib\site-packages\flask\app.py", line 1511, in wsgi_app
    response = self.full_dispatch_request()
               ^^^^^^^^^^^^^^^^^^^^^^^^^^^^
  File "C:\Users\leegg\Documents\StockFlow_final_logging\.venv\Lib\site-packages\flask\app.py", line 920, in full_dispatch_request
    return self.finalize_request(rv)
           ^^^^^^^^^^^^^^^^^^^^^^^^^
  File "C:\Users\leegg\Documents\StockFlow_final_logging\.venv\Lib\site-packages\flask\app.py", line 941, in finalize_request
    response = self.process_response(response)
               ^^^^^^^^^^^^^^^^^^^^^^^^^^^^^^^
  File "C:\Users\leegg\Documents\StockFlow_final_logging\.venv\Lib\site-packages\flask\app.py", line 1319, in process_response
    response = self.ensure_sync(func)(response)
               ^^^^^^^^^^^^^^^^^^^^^^^^^^^^^^^^
  File "C:\Users\leegg\Documents\StockFlow_final_logging\app\__init__.py", line 42, in _request_end
    getattr(current_user, "id", None) if current_user.is_authenticated else None
                                         ^^^^^^^^^^^^^^^^^^^^^^^^^^^^^
  File "C:\Users\leegg\Documents\StockFlow_final_logging\.venv\Lib\site-packages\werkzeug\local.py", line 318, in __get__
    obj = instance._get_current_object()
          ^^^^^^^^^^^^^^^^^^^^^^^^^^^^^^
  File "C:\Users\leegg\Documents\StockFlow_final_logging\.venv\Lib\site-packages\werkzeug\local.py", line 526, in _get_current_object
    return get_name(local())
                    ^^^^^^^
  File "C:\Users\leegg\Documents\StockFlow_final_logging\.venv\Lib\site-packages\flask_login\utils.py", line 25, in <lambda>
    current_user = LocalProxy(lambda: _get_user())
                                      ^^^^^^^^^^^
  File "C:\Users\leegg\Documents\StockFlow_final_logging\.venv\Lib\site-packages\flask_login\utils.py", line 370, in _get_user
    current_app.login_manager._load_user()
  File "C:\Users\leegg\Documents\StockFlow_final_logging\.venv\Lib\site-packages\flask_login\login_manager.py", line 364, in _load_user
    user = self._user_callback(user_id)
           ^^^^^^^^^^^^^^^^^^^^^^^^^^^^
  File "C:\Users\leegg\Documents\StockFlow_final_logging\app\__init__.py", line 86, in load_user
    return db.session.get(User, int(user_id))
           ^^^^^^^^^^^^^^^^^^^^^^^^^^^^^^^^^^
  File "C:\Users\leegg\Documents\StockFlow_final_logging\.venv\Lib\site-packages\sqlalchemy\orm\scoping.py", line 1043, in get
    return self._proxied.get(
           ^^^^^^^^^^^^^^^^^^
  File "C:\Users\leegg\Documents\StockFlow_final_logging\.venv\Lib\site-packages\sqlalchemy\orm\session.py", line 3702, in get
    return self._get_impl(
           ^^^^^^^^^^^^^^^
  File "C:\Users\leegg\Documents\StockFlow_final_logging\.venv\Lib\site-packages\sqlalchemy\orm\session.py", line 3881, in _get_impl
    return db_load_fn(
           ^^^^^^^^^^^
  File "C:\Users\leegg\Documents\StockFlow_final_logging\.venv\Lib\site-packages\sqlalchemy\orm\loading.py", line 695, in load_on_pk_identity
    session.execute(
  File "C:\Users\leegg\Documents\StockFlow_final_logging\.venv\Lib\site-packages\sqlalchemy\orm\session.py", line 2373, in execute
    return self._execute_internal(
           ^^^^^^^^^^^^^^^^^^^^^^^
  File "C:\Users\leegg\Documents\StockFlow_final_logging\.venv\Lib\site-packages\sqlalchemy\orm\session.py", line 2271, in _execute_internal
    result: Result[Any] = compile_state_cls.orm_execute_statement(
                          ^^^^^^^^^^^^^^^^^^^^^^^^^^^^^^^^^^^^^^^^
  File "C:\Users\leegg\Documents\StockFlow_final_logging\.venv\Lib\site-packages\sqlalchemy\orm\context.py", line 306, in orm_execute_statement
    result = conn.execute(
             ^^^^^^^^^^^^^
  File "C:\Users\leegg\Documents\StockFlow_final_logging\.venv\Lib\site-packages\sqlalchemy\engine\base.py", line 1421, in execute
    return meth(
           ^^^^^
  File "C:\Users\leegg\Documents\StockFlow_final_logging\.venv\Lib\site-packages\sqlalchemy\sql\elements.py", line 526, in _execute_on_connection
    return connection._execute_clauseelement(
           ^^^^^^^^^^^^^^^^^^^^^^^^^^^^^^^^^^
  File "C:\Users\leegg\Documents\StockFlow_final_logging\.venv\Lib\site-packages\sqlalchemy\engine\base.py", line 1643, in _execute_clauseelement
    ret = self._execute_context(
          ^^^^^^^^^^^^^^^^^^^^^^
  File "C:\Users\leegg\Documents\StockFlow_final_logging\.venv\Lib\site-packages\sqlalchemy\engine\base.py", line 1848, in _execute_context
    return self._exec_single_context(
           ^^^^^^^^^^^^^^^^^^^^^^^^^^
  File "C:\Users\leegg\Documents\StockFlow_final_logging\.venv\Lib\site-packages\sqlalchemy\engine\base.py", line 1988, in _exec_single_context
    self._handle_dbapi_exception(
  File "C:\Users\leegg\Documents\StockFlow_final_logging\.venv\Lib\site-packages\sqlalchemy\engine\base.py", line 2365, in _handle_dbapi_exception
    raise sqlalchemy_exception.with_traceback(exc_info[2]) from e
  File "C:\Users\leegg\Documents\StockFlow_final_logging\.venv\Lib\site-packages\sqlalchemy\engine\base.py", line 1969, in _exec_single_context
    self.dialect.do_execute(
  File "C:\Users\leegg\Documents\StockFlow_final_logging\.venv\Lib\site-packages\sqlalchemy\engine\default.py", line 952, in do_execute
    cursor.execute(statement, parameters)
  File "C:\Users\leegg\Documents\StockFlow_final_logging\.venv\Lib\site-packages\pymysql\cursors.py", line 153, in execute
    result = self._query(query)
             ^^^^^^^^^^^^^^^^^^
  File "C:\Users\leegg\Documents\StockFlow_final_logging\.venv\Lib\site-packages\pymysql\cursors.py", line 322, in _query
    conn.query(q)
  File "C:\Users\leegg\Documents\StockFlow_final_logging\.venv\Lib\site-packages\pymysql\connections.py", line 575, in query
    self._affected_rows = self._read_query_result(unbuffered=unbuffered)
                          ^^^^^^^^^^^^^^^^^^^^^^^^^^^^^^^^^^^^^^^^^^^^^^
  File "C:\Users\leegg\Documents\StockFlow_final_logging\.venv\Lib\site-packages\pymysql\connections.py", line 826, in _read_query_result
    result.read()
  File "C:\Users\leegg\Documents\StockFlow_final_logging\.venv\Lib\site-packages\pymysql\connections.py", line 1203, in read
    first_packet = self.connection._read_packet()
                   ^^^^^^^^^^^^^^^^^^^^^^^^^^^^^^
  File "C:\Users\leegg\Documents\StockFlow_final_logging\.venv\Lib\site-packages\pymysql\connections.py", line 782, in _read_packet
    packet.raise_for_error()
  File "C:\Users\leegg\Documents\StockFlow_final_logging\.venv\Lib\site-packages\pymysql\protocol.py", line 219, in raise_for_error
    err.raise_mysql_exception(self._data)
  File "C:\Users\leegg\Documents\StockFlow_final_logging\.venv\Lib\site-packages\pymysql\err.py", line 150, in raise_mysql_exception
    raise errorclass(errno, errval)
sqlalchemy.exc.OperationalError: (pymysql.err.OperationalError) (1054, "Unknown column 'user.name' in 'field list'")
[SQL: SELECT user.id AS user_id, user.username AS user_username, user.password_hash AS user_password_hash, user.`role` AS user_role, user.name AS user_name, user.position AS user_position, user.created_at AS user_created_at 
FROM user 
WHERE user.id = %(pk_1)s]
[parameters: {'pk_1': 6}]
(Background on this error at: https://sqlalche.me/e/20/e3q8)

During handling of the above exception, another exception occurred:

Traceback (most recent call last):
  File "C:\Users\leegg\Documents\StockFlow_final_logging\.venv\Lib\site-packages\sqlalchemy\engine\base.py", line 1969, in _exec_single_context
    self.dialect.do_execute(
  File "C:\Users\leegg\Documents\StockFlow_final_logging\.venv\Lib\site-packages\sqlalchemy\engine\default.py", line 952, in do_execute
    cursor.execute(statement, parameters)
  File "C:\Users\leegg\Documents\StockFlow_final_logging\.venv\Lib\site-packages\pymysql\cursors.py", line 153, in execute
    result = self._query(query)
             ^^^^^^^^^^^^^^^^^^
  File "C:\Users\leegg\Documents\StockFlow_final_logging\.venv\Lib\site-packages\pymysql\cursors.py", line 322, in _query
    conn.query(q)
  File "C:\Users\leegg\Documents\StockFlow_final_logging\.venv\Lib\site-packages\pymysql\connections.py", line 575, in query
    self._affected_rows = self._read_query_result(unbuffered=unbuffered)
                          ^^^^^^^^^^^^^^^^^^^^^^^^^^^^^^^^^^^^^^^^^^^^^^
  File "C:\Users\leegg\Documents\StockFlow_final_logging\.venv\Lib\site-packages\pymysql\connections.py", line 826, in _read_query_result
    result.read()
  File "C:\Users\leegg\Documents\StockFlow_final_logging\.venv\Lib\site-packages\pymysql\connections.py", line 1203, in read
    first_packet = self.connection._read_packet()
                   ^^^^^^^^^^^^^^^^^^^^^^^^^^^^^^
  File "C:\Users\leegg\Documents\StockFlow_final_logging\.venv\Lib\site-packages\pymysql\connections.py", line 782, in _read_packet
    packet.raise_for_error()
  File "C:\Users\leegg\Documents\StockFlow_final_logging\.venv\Lib\site-packages\pymysql\protocol.py", line 219, in raise_for_error
    err.raise_mysql_exception(self._data)
  File "C:\Users\leegg\Documents\StockFlow_final_logging\.venv\Lib\site-packages\pymysql\err.py", line 150, in raise_mysql_exception
    raise errorclass(errno, errval)
pymysql.err.OperationalError: (1054, "Unknown column 'user.name' in 'field list'")

The above exception was the direct cause of the following exception:

Traceback (most recent call last):
  File "C:\Users\leegg\Documents\StockFlow_final_logging\.venv\Lib\site-packages\flask\app.py", line 941, in finalize_request
    response = self.process_response(response)
               ^^^^^^^^^^^^^^^^^^^^^^^^^^^^^^^
  File "C:\Users\leegg\Documents\StockFlow_final_logging\.venv\Lib\site-packages\flask\app.py", line 1319, in process_response
    response = self.ensure_sync(func)(response)
               ^^^^^^^^^^^^^^^^^^^^^^^^^^^^^^^^
  File "C:\Users\leegg\Documents\StockFlow_final_logging\app\__init__.py", line 42, in _request_end
    getattr(current_user, "id", None) if current_user.is_authenticated else None
                                         ^^^^^^^^^^^^^^^^^^^^^^^^^^^^^
  File "C:\Users\leegg\Documents\StockFlow_final_logging\.venv\Lib\site-packages\werkzeug\local.py", line 318, in __get__
    obj = instance._get_current_object()
          ^^^^^^^^^^^^^^^^^^^^^^^^^^^^^^
  File "C:\Users\leegg\Documents\StockFlow_final_logging\.venv\Lib\site-packages\werkzeug\local.py", line 526, in _get_current_object
    return get_name(local())
                    ^^^^^^^
  File "C:\Users\leegg\Documents\StockFlow_final_logging\.venv\Lib\site-packages\flask_login\utils.py", line 25, in <lambda>
    current_user = LocalProxy(lambda: _get_user())
                                      ^^^^^^^^^^^
  File "C:\Users\leegg\Documents\StockFlow_final_logging\.venv\Lib\site-packages\flask_login\utils.py", line 370, in _get_user
    current_app.login_manager._load_user()
  File "C:\Users\leegg\Documents\StockFlow_final_logging\.venv\Lib\site-packages\flask_login\login_manager.py", line 364, in _load_user
    user = self._user_callback(user_id)
           ^^^^^^^^^^^^^^^^^^^^^^^^^^^^
  File "C:\Users\leegg\Documents\StockFlow_final_logging\app\__init__.py", line 86, in load_user
    return db.session.get(User, int(user_id))
           ^^^^^^^^^^^^^^^^^^^^^^^^^^^^^^^^^^
  File "C:\Users\leegg\Documents\StockFlow_final_logging\.venv\Lib\site-packages\sqlalchemy\orm\scoping.py", line 1043, in get
    return self._proxied.get(
           ^^^^^^^^^^^^^^^^^^
  File "C:\Users\leegg\Documents\StockFlow_final_logging\.venv\Lib\site-packages\sqlalchemy\orm\session.py", line 3702, in get
    return self._get_impl(
           ^^^^^^^^^^^^^^^
  File "C:\Users\leegg\Documents\StockFlow_final_logging\.venv\Lib\site-packages\sqlalchemy\orm\session.py", line 3881, in _get_impl
    return db_load_fn(
           ^^^^^^^^^^^
  File "C:\Users\leegg\Documents\StockFlow_final_logging\.venv\Lib\site-packages\sqlalchemy\orm\loading.py", line 695, in load_on_pk_identity
    session.execute(
  File "C:\Users\leegg\Documents\StockFlow_final_logging\.venv\Lib\site-packages\sqlalchemy\orm\session.py", line 2373, in execute
    return self._execute_internal(
           ^^^^^^^^^^^^^^^^^^^^^^^
  File "C:\Users\leegg\Documents\StockFlow_final_logging\.venv\Lib\site-packages\sqlalchemy\orm\session.py", line 2271, in _execute_internal
    result: Result[Any] = compile_state_cls.orm_execute_statement(
                          ^^^^^^^^^^^^^^^^^^^^^^^^^^^^^^^^^^^^^^^^
  File "C:\Users\leegg\Documents\StockFlow_final_logging\.venv\Lib\site-packages\sqlalchemy\orm\context.py", line 306, in orm_execute_statement
    result = conn.execute(
             ^^^^^^^^^^^^^
  File "C:\Users\leegg\Documents\StockFlow_final_logging\.venv\Lib\site-packages\sqlalchemy\engine\base.py", line 1421, in execute
    return meth(
           ^^^^^
  File "C:\Users\leegg\Documents\StockFlow_final_logging\.venv\Lib\site-packages\sqlalchemy\sql\elements.py", line 526, in _execute_on_connection
    return connection._execute_clauseelement(
           ^^^^^^^^^^^^^^^^^^^^^^^^^^^^^^^^^^
  File "C:\Users\leegg\Documents\StockFlow_final_logging\.venv\Lib\site-packages\sqlalchemy\engine\base.py", line 1643, in _execute_clauseelement
    ret = self._execute_context(
          ^^^^^^^^^^^^^^^^^^^^^^
  File "C:\Users\leegg\Documents\StockFlow_final_logging\.venv\Lib\site-packages\sqlalchemy\engine\base.py", line 1848, in _execute_context
    return self._exec_single_context(
           ^^^^^^^^^^^^^^^^^^^^^^^^^^
  File "C:\Users\leegg\Documents\StockFlow_final_logging\.venv\Lib\site-packages\sqlalchemy\engine\base.py", line 1988, in _exec_single_context
    self._handle_dbapi_exception(
  File "C:\Users\leegg\Documents\StockFlow_final_logging\.venv\Lib\site-packages\sqlalchemy\engine\base.py", line 2365, in _handle_dbapi_exception
    raise sqlalchemy_exception.with_traceback(exc_info[2]) from e
  File "C:\Users\leegg\Documents\StockFlow_final_logging\.venv\Lib\site-packages\sqlalchemy\engine\base.py", line 1969, in _exec_single_context
    self.dialect.do_execute(
  File "C:\Users\leegg\Documents\StockFlow_final_logging\.venv\Lib\site-packages\sqlalchemy\engine\default.py", line 952, in do_execute
    cursor.execute(statement, parameters)
  File "C:\Users\leegg\Documents\StockFlow_final_logging\.venv\Lib\site-packages\pymysql\cursors.py", line 153, in execute
    result = self._query(query)
             ^^^^^^^^^^^^^^^^^^
  File "C:\Users\leegg\Documents\StockFlow_final_logging\.venv\Lib\site-packages\pymysql\cursors.py", line 322, in _query
    conn.query(q)
  File "C:\Users\leegg\Documents\StockFlow_final_logging\.venv\Lib\site-packages\pymysql\connections.py", line 575, in query
    self._affected_rows = self._read_query_result(unbuffered=unbuffered)
                          ^^^^^^^^^^^^^^^^^^^^^^^^^^^^^^^^^^^^^^^^^^^^^^
  File "C:\Users\leegg\Documents\StockFlow_final_logging\.venv\Lib\site-packages\pymysql\connections.py", line 826, in _read_query_result
    result.read()
  File "C:\Users\leegg\Documents\StockFlow_final_logging\.venv\Lib\site-packages\pymysql\connections.py", line 1203, in read
    first_packet = self.connection._read_packet()
                   ^^^^^^^^^^^^^^^^^^^^^^^^^^^^^^
  File "C:\Users\leegg\Documents\StockFlow_final_logging\.venv\Lib\site-packages\pymysql\connections.py", line 782, in _read_packet
    packet.raise_for_error()
  File "C:\Users\leegg\Documents\StockFlow_final_logging\.venv\Lib\site-packages\pymysql\protocol.py", line 219, in raise_for_error
    err.raise_mysql_exception(self._data)
  File "C:\Users\leegg\Documents\StockFlow_final_logging\.venv\Lib\site-packages\pymysql\err.py", line 150, in raise_mysql_exception
    raise errorclass(errno, errval)
sqlalchemy.exc.OperationalError: (pymysql.err.OperationalError) (1054, "Unknown column 'user.name' in 'field list'")
[SQL: SELECT user.id AS user_id, user.username AS user_username, user.password_hash AS user_password_hash, user.`role` AS user_role, user.name AS user_name, user.position AS user_position, user.created_at AS user_created_at 
FROM user 
WHERE user.id = %(pk_1)s]
[parameters: {'pk_1': 6}]
(Background on this error at: https://sqlalche.me/e/20/e3q8)
2026-09-08 13:17:05 | ERROR | app | Unhandled exception | request_id=fa2b15e6dfe5 | method=GET | path=/
Traceback (most recent call last):
  File "C:\Users\leegg\Documents\StockFlow_final_logging\.venv\Lib\site-packages\sqlalchemy\engine\base.py", line 1969, in _exec_single_context
    self.dialect.do_execute(
  File "C:\Users\leegg\Documents\StockFlow_final_logging\.venv\Lib\site-packages\sqlalchemy\engine\default.py", line 952, in do_execute
    cursor.execute(statement, parameters)
  File "C:\Users\leegg\Documents\StockFlow_final_logging\.venv\Lib\site-packages\pymysql\cursors.py", line 153, in execute
    result = self._query(query)
             ^^^^^^^^^^^^^^^^^^
  File "C:\Users\leegg\Documents\StockFlow_final_logging\.venv\Lib\site-packages\pymysql\cursors.py", line 322, in _query
    conn.query(q)
  File "C:\Users\leegg\Documents\StockFlow_final_logging\.venv\Lib\site-packages\pymysql\connections.py", line 575, in query
    self._affected_rows = self._read_query_result(unbuffered=unbuffered)
                          ^^^^^^^^^^^^^^^^^^^^^^^^^^^^^^^^^^^^^^^^^^^^^^
  File "C:\Users\leegg\Documents\StockFlow_final_logging\.venv\Lib\site-packages\pymysql\connections.py", line 826, in _read_query_result
    result.read()
  File "C:\Users\leegg\Documents\StockFlow_final_logging\.venv\Lib\site-packages\pymysql\connections.py", line 1203, in read
    first_packet = self.connection._read_packet()
                   ^^^^^^^^^^^^^^^^^^^^^^^^^^^^^^
  File "C:\Users\leegg\Documents\StockFlow_final_logging\.venv\Lib\site-packages\pymysql\connections.py", line 782, in _read_packet
    packet.raise_for_error()
  File "C:\Users\leegg\Documents\StockFlow_final_logging\.venv\Lib\site-packages\pymysql\protocol.py", line 219, in raise_for_error
    err.raise_mysql_exception(self._data)
  File "C:\Users\leegg\Documents\StockFlow_final_logging\.venv\Lib\site-packages\pymysql\err.py", line 150, in raise_mysql_exception
    raise errorclass(errno, errval)
pymysql.err.OperationalError: (1054, "Unknown column 'user.name' in 'field list'")

The above exception was the direct cause of the following exception:

Traceback (most recent call last):
  File "C:\Users\leegg\Documents\StockFlow_final_logging\.venv\Lib\site-packages\flask\app.py", line 917, in full_dispatch_request
    rv = self.dispatch_request()
         ^^^^^^^^^^^^^^^^^^^^^^^
  File "C:\Users\leegg\Documents\StockFlow_final_logging\.venv\Lib\site-packages\flask\app.py", line 902, in dispatch_request
    return self.ensure_sync(self.view_functions[rule.endpoint])(**view_args)  # type: ignore[no-any-return]
           ^^^^^^^^^^^^^^^^^^^^^^^^^^^^^^^^^^^^^^^^^^^^^^^^^^^^^^^^^^^^^^^^^
  File "C:\Users\leegg\Documents\StockFlow_final_logging\.venv\Lib\site-packages\flask_login\utils.py", line 284, in decorated_view
    elif not current_user.is_authenticated:
             ^^^^^^^^^^^^^^^^^^^^^^^^^^^^^
  File "C:\Users\leegg\Documents\StockFlow_final_logging\.venv\Lib\site-packages\werkzeug\local.py", line 318, in __get__
    obj = instance._get_current_object()
          ^^^^^^^^^^^^^^^^^^^^^^^^^^^^^^
  File "C:\Users\leegg\Documents\StockFlow_final_logging\.venv\Lib\site-packages\werkzeug\local.py", line 526, in _get_current_object
    return get_name(local())
                    ^^^^^^^
  File "C:\Users\leegg\Documents\StockFlow_final_logging\.venv\Lib\site-packages\flask_login\utils.py", line 25, in <lambda>
    current_user = LocalProxy(lambda: _get_user())
                                      ^^^^^^^^^^^
  File "C:\Users\leegg\Documents\StockFlow_final_logging\.venv\Lib\site-packages\flask_login\utils.py", line 370, in _get_user
    current_app.login_manager._load_user()
  File "C:\Users\leegg\Documents\StockFlow_final_logging\.venv\Lib\site-packages\flask_login\login_manager.py", line 364, in _load_user
    user = self._user_callback(user_id)
           ^^^^^^^^^^^^^^^^^^^^^^^^^^^^
  File "C:\Users\leegg\Documents\StockFlow_final_logging\app\__init__.py", line 86, in load_user
    return db.session.get(User, int(user_id))
           ^^^^^^^^^^^^^^^^^^^^^^^^^^^^^^^^^^
  File "C:\Users\leegg\Documents\StockFlow_final_logging\.venv\Lib\site-packages\sqlalchemy\orm\scoping.py", line 1043, in get
    return self._proxied.get(
           ^^^^^^^^^^^^^^^^^^
  File "C:\Users\leegg\Documents\StockFlow_final_logging\.venv\Lib\site-packages\sqlalchemy\orm\session.py", line 3702, in get
    return self._get_impl(
           ^^^^^^^^^^^^^^^
  File "C:\Users\leegg\Documents\StockFlow_final_logging\.venv\Lib\site-packages\sqlalchemy\orm\session.py", line 3881, in _get_impl
    return db_load_fn(
           ^^^^^^^^^^^
  File "C:\Users\leegg\Documents\StockFlow_final_logging\.venv\Lib\site-packages\sqlalchemy\orm\loading.py", line 695, in load_on_pk_identity
    session.execute(
  File "C:\Users\leegg\Documents\StockFlow_final_logging\.venv\Lib\site-packages\sqlalchemy\orm\session.py", line 2373, in execute
    return self._execute_internal(
           ^^^^^^^^^^^^^^^^^^^^^^^
  File "C:\Users\leegg\Documents\StockFlow_final_logging\.venv\Lib\site-packages\sqlalchemy\orm\session.py", line 2271, in _execute_internal
    result: Result[Any] = compile_state_cls.orm_execute_statement(
                          ^^^^^^^^^^^^^^^^^^^^^^^^^^^^^^^^^^^^^^^^
  File "C:\Users\leegg\Documents\StockFlow_final_logging\.venv\Lib\site-packages\sqlalchemy\orm\context.py", line 306, in orm_execute_statement
    result = conn.execute(
             ^^^^^^^^^^^^^
  File "C:\Users\leegg\Documents\StockFlow_final_logging\.venv\Lib\site-packages\sqlalchemy\engine\base.py", line 1421, in execute
    return meth(
           ^^^^^
  File "C:\Users\leegg\Documents\StockFlow_final_logging\.venv\Lib\site-packages\sqlalchemy\sql\elements.py", line 526, in _execute_on_connection
    return connection._execute_clauseelement(
           ^^^^^^^^^^^^^^^^^^^^^^^^^^^^^^^^^^
  File "C:\Users\leegg\Documents\StockFlow_final_logging\.venv\Lib\site-packages\sqlalchemy\engine\base.py", line 1643, in _execute_clauseelement
    ret = self._execute_context(
          ^^^^^^^^^^^^^^^^^^^^^^
  File "C:\Users\leegg\Documents\StockFlow_final_logging\.venv\Lib\site-packages\sqlalchemy\engine\base.py", line 1848, in _execute_context
    return self._exec_single_context(
           ^^^^^^^^^^^^^^^^^^^^^^^^^^
  File "C:\Users\leegg\Documents\StockFlow_final_logging\.venv\Lib\site-packages\sqlalchemy\engine\base.py", line 1988, in _exec_single_context
    self._handle_dbapi_exception(
  File "C:\Users\leegg\Documents\StockFlow_final_logging\.venv\Lib\site-packages\sqlalchemy\engine\base.py", line 2365, in _handle_dbapi_exception
    raise sqlalchemy_exception.with_traceback(exc_info[2]) from e
  File "C:\Users\leegg\Documents\StockFlow_final_logging\.venv\Lib\site-packages\sqlalchemy\engine\base.py", line 1969, in _exec_single_context
    self.dialect.do_execute(
  File "C:\Users\leegg\Documents\StockFlow_final_logging\.venv\Lib\site-packages\sqlalchemy\engine\default.py", line 952, in do_execute
    cursor.execute(statement, parameters)
  File "C:\Users\leegg\Documents\StockFlow_final_logging\.venv\Lib\site-packages\pymysql\cursors.py", line 153, in execute
    result = self._query(query)
             ^^^^^^^^^^^^^^^^^^
  File "C:\Users\leegg\Documents\StockFlow_final_logging\.venv\Lib\site-packages\pymysql\cursors.py", line 322, in _query
    conn.query(q)
  File "C:\Users\leegg\Documents\StockFlow_final_logging\.venv\Lib\site-packages\pymysql\connections.py", line 575, in query
    self._affected_rows = self._read_query_result(unbuffered=unbuffered)
                          ^^^^^^^^^^^^^^^^^^^^^^^^^^^^^^^^^^^^^^^^^^^^^^
  File "C:\Users\leegg\Documents\StockFlow_final_logging\.venv\Lib\site-packages\pymysql\connections.py", line 826, in _read_query_result
    result.read()
  File "C:\Users\leegg\Documents\StockFlow_final_logging\.venv\Lib\site-packages\pymysql\connections.py", line 1203, in read
    first_packet = self.connection._read_packet()
                   ^^^^^^^^^^^^^^^^^^^^^^^^^^^^^^
  File "C:\Users\leegg\Documents\StockFlow_final_logging\.venv\Lib\site-packages\pymysql\connections.py", line 782, in _read_packet
    packet.raise_for_error()
  File "C:\Users\leegg\Documents\StockFlow_final_logging\.venv\Lib\site-packages\pymysql\protocol.py", line 219, in raise_for_error
    err.raise_mysql_exception(self._data)
  File "C:\Users\leegg\Documents\StockFlow_final_logging\.venv\Lib\site-packages\pymysql\err.py", line 150, in raise_mysql_exception
    raise errorclass(errno, errval)
sqlalchemy.exc.OperationalError: (pymysql.err.OperationalError) (1054, "Unknown column 'user.name' in 'field list'")
[SQL: SELECT user.id AS user_id, user.username AS user_username, user.password_hash AS user_password_hash, user.`role` AS user_role, user.name AS user_name, user.position AS user_position, user.created_at AS user_created_at 
FROM user 
WHERE user.id = %(pk_1)s]
[parameters: {'pk_1': 6}]
(Background on this error at: https://sqlalche.me/e/20/e3q8)
2026-09-08 13:17:05 | ERROR | app | Exception on / [GET]
Traceback (most recent call last):
  File "C:\Users\leegg\Documents\StockFlow_final_logging\.venv\Lib\site-packages\sqlalchemy\engine\base.py", line 1969, in _exec_single_context
    self.dialect.do_execute(
  File "C:\Users\leegg\Documents\StockFlow_final_logging\.venv\Lib\site-packages\sqlalchemy\engine\default.py", line 952, in do_execute
    cursor.execute(statement, parameters)
  File "C:\Users\leegg\Documents\StockFlow_final_logging\.venv\Lib\site-packages\pymysql\cursors.py", line 153, in execute
    result = self._query(query)
             ^^^^^^^^^^^^^^^^^^
  File "C:\Users\leegg\Documents\StockFlow_final_logging\.venv\Lib\site-packages\pymysql\cursors.py", line 322, in _query
    conn.query(q)
  File "C:\Users\leegg\Documents\StockFlow_final_logging\.venv\Lib\site-packages\pymysql\connections.py", line 575, in query
    self._affected_rows = self._read_query_result(unbuffered=unbuffered)
                          ^^^^^^^^^^^^^^^^^^^^^^^^^^^^^^^^^^^^^^^^^^^^^^
  File "C:\Users\leegg\Documents\StockFlow_final_logging\.venv\Lib\site-packages\pymysql\connections.py", line 826, in _read_query_result
    result.read()
  File "C:\Users\leegg\Documents\StockFlow_final_logging\.venv\Lib\site-packages\pymysql\connections.py", line 1203, in read
    first_packet = self.connection._read_packet()
                   ^^^^^^^^^^^^^^^^^^^^^^^^^^^^^^
  File "C:\Users\leegg\Documents\StockFlow_final_logging\.venv\Lib\site-packages\pymysql\connections.py", line 782, in _read_packet
    packet.raise_for_error()
  File "C:\Users\leegg\Documents\StockFlow_final_logging\.venv\Lib\site-packages\pymysql\protocol.py", line 219, in raise_for_error
    err.raise_mysql_exception(self._data)
  File "C:\Users\leegg\Documents\StockFlow_final_logging\.venv\Lib\site-packages\pymysql\err.py", line 150, in raise_mysql_exception
    raise errorclass(errno, errval)
pymysql.err.OperationalError: (1054, "Unknown column 'user.name' in 'field list'")

The above exception was the direct cause of the following exception:

Traceback (most recent call last):
  File "C:\Users\leegg\Documents\StockFlow_final_logging\.venv\Lib\site-packages\flask\app.py", line 1511, in wsgi_app
    response = self.full_dispatch_request()
               ^^^^^^^^^^^^^^^^^^^^^^^^^^^^
  File "C:\Users\leegg\Documents\StockFlow_final_logging\.venv\Lib\site-packages\flask\app.py", line 920, in full_dispatch_request
    return self.finalize_request(rv)
           ^^^^^^^^^^^^^^^^^^^^^^^^^
  File "C:\Users\leegg\Documents\StockFlow_final_logging\.venv\Lib\site-packages\flask\app.py", line 941, in finalize_request
    response = self.process_response(response)
               ^^^^^^^^^^^^^^^^^^^^^^^^^^^^^^^
  File "C:\Users\leegg\Documents\StockFlow_final_logging\.venv\Lib\site-packages\flask\app.py", line 1319, in process_response
    response = self.ensure_sync(func)(response)
               ^^^^^^^^^^^^^^^^^^^^^^^^^^^^^^^^
  File "C:\Users\leegg\Documents\StockFlow_final_logging\app\__init__.py", line 42, in _request_end
    getattr(current_user, "id", None) if current_user.is_authenticated else None
                                         ^^^^^^^^^^^^^^^^^^^^^^^^^^^^^
  File "C:\Users\leegg\Documents\StockFlow_final_logging\.venv\Lib\site-packages\werkzeug\local.py", line 318, in __get__
    obj = instance._get_current_object()
          ^^^^^^^^^^^^^^^^^^^^^^^^^^^^^^
  File "C:\Users\leegg\Documents\StockFlow_final_logging\.venv\Lib\site-packages\werkzeug\local.py", line 526, in _get_current_object
    return get_name(local())
                    ^^^^^^^
  File "C:\Users\leegg\Documents\StockFlow_final_logging\.venv\Lib\site-packages\flask_login\utils.py", line 25, in <lambda>
    current_user = LocalProxy(lambda: _get_user())
                                      ^^^^^^^^^^^
  File "C:\Users\leegg\Documents\StockFlow_final_logging\.venv\Lib\site-packages\flask_login\utils.py", line 370, in _get_user
    current_app.login_manager._load_user()
  File "C:\Users\leegg\Documents\StockFlow_final_logging\.venv\Lib\site-packages\flask_login\login_manager.py", line 364, in _load_user
    user = self._user_callback(user_id)
           ^^^^^^^^^^^^^^^^^^^^^^^^^^^^
  File "C:\Users\leegg\Documents\StockFlow_final_logging\app\__init__.py", line 86, in load_user
    return db.session.get(User, int(user_id))
           ^^^^^^^^^^^^^^^^^^^^^^^^^^^^^^^^^^
  File "C:\Users\leegg\Documents\StockFlow_final_logging\.venv\Lib\site-packages\sqlalchemy\orm\scoping.py", line 1043, in get
    return self._proxied.get(
           ^^^^^^^^^^^^^^^^^^
  File "C:\Users\leegg\Documents\StockFlow_final_logging\.venv\Lib\site-packages\sqlalchemy\orm\session.py", line 3702, in get
    return self._get_impl(
           ^^^^^^^^^^^^^^^
  File "C:\Users\leegg\Documents\StockFlow_final_logging\.venv\Lib\site-packages\sqlalchemy\orm\session.py", line 3881, in _get_impl
    return db_load_fn(
           ^^^^^^^^^^^
  File "C:\Users\leegg\Documents\StockFlow_final_logging\.venv\Lib\site-packages\sqlalchemy\orm\loading.py", line 695, in load_on_pk_identity
    session.execute(
  File "C:\Users\leegg\Documents\StockFlow_final_logging\.venv\Lib\site-packages\sqlalchemy\orm\session.py", line 2373, in execute
    return self._execute_internal(
           ^^^^^^^^^^^^^^^^^^^^^^^
  File "C:\Users\leegg\Documents\StockFlow_final_logging\.venv\Lib\site-packages\sqlalchemy\orm\session.py", line 2271, in _execute_internal
    result: Result[Any] = compile_state_cls.orm_execute_statement(
                          ^^^^^^^^^^^^^^^^^^^^^^^^^^^^^^^^^^^^^^^^
  File "C:\Users\leegg\Documents\StockFlow_final_logging\.venv\Lib\site-packages\sqlalchemy\orm\context.py", line 306, in orm_execute_statement
    result = conn.execute(
             ^^^^^^^^^^^^^
  File "C:\Users\leegg\Documents\StockFlow_final_logging\.venv\Lib\site-packages\sqlalchemy\engine\base.py", line 1421, in execute
    return meth(
           ^^^^^
  File "C:\Users\leegg\Documents\StockFlow_final_logging\.venv\Lib\site-packages\sqlalchemy\sql\elements.py", line 526, in _execute_on_connection
    return connection._execute_clauseelement(
           ^^^^^^^^^^^^^^^^^^^^^^^^^^^^^^^^^^
  File "C:\Users\leegg\Documents\StockFlow_final_logging\.venv\Lib\site-packages\sqlalchemy\engine\base.py", line 1643, in _execute_clauseelement
    ret = self._execute_context(
          ^^^^^^^^^^^^^^^^^^^^^^
  File "C:\Users\leegg\Documents\StockFlow_final_logging\.venv\Lib\site-packages\sqlalchemy\engine\base.py", line 1848, in _execute_context
    return self._exec_single_context(
           ^^^^^^^^^^^^^^^^^^^^^^^^^^
  File "C:\Users\leegg\Documents\StockFlow_final_logging\.venv\Lib\site-packages\sqlalchemy\engine\base.py", line 1988, in _exec_single_context
    self._handle_dbapi_exception(
  File "C:\Users\leegg\Documents\StockFlow_final_logging\.venv\Lib\site-packages\sqlalchemy\engine\base.py", line 2365, in _handle_dbapi_exception
    raise sqlalchemy_exception.with_traceback(exc_info[2]) from e
  File "C:\Users\leegg\Documents\StockFlow_final_logging\.venv\Lib\site-packages\sqlalchemy\engine\base.py", line 1969, in _exec_single_context
    self.dialect.do_execute(
  File "C:\Users\leegg\Documents\StockFlow_final_logging\.venv\Lib\site-packages\sqlalchemy\engine\default.py", line 952, in do_execute
    cursor.execute(statement, parameters)
  File "C:\Users\leegg\Documents\StockFlow_final_logging\.venv\Lib\site-packages\pymysql\cursors.py", line 153, in execute
    result = self._query(query)
             ^^^^^^^^^^^^^^^^^^
  File "C:\Users\leegg\Documents\StockFlow_final_logging\.venv\Lib\site-packages\pymysql\cursors.py", line 322, in _query
    conn.query(q)
  File "C:\Users\leegg\Documents\StockFlow_final_logging\.venv\Lib\site-packages\pymysql\connections.py", line 575, in query
    self._affected_rows = self._read_query_result(unbuffered=unbuffered)
                          ^^^^^^^^^^^^^^^^^^^^^^^^^^^^^^^^^^^^^^^^^^^^^^
  File "C:\Users\leegg\Documents\StockFlow_final_logging\.venv\Lib\site-packages\pymysql\connections.py", line 826, in _read_query_result
    result.read()
  File "C:\Users\leegg\Documents\StockFlow_final_logging\.venv\Lib\site-packages\pymysql\connections.py", line 1203, in read
    first_packet = self.connection._read_packet()
                   ^^^^^^^^^^^^^^^^^^^^^^^^^^^^^^
  File "C:\Users\leegg\Documents\StockFlow_final_logging\.venv\Lib\site-packages\pymysql\connections.py", line 782, in _read_packet
    packet.raise_for_error()
  File "C:\Users\leegg\Documents\StockFlow_final_logging\.venv\Lib\site-packages\pymysql\protocol.py", line 219, in raise_for_error
    err.raise_mysql_exception(self._data)
  File "C:\Users\leegg\Documents\StockFlow_final_logging\.venv\Lib\site-packages\pymysql\err.py", line 150, in raise_mysql_exception
    raise errorclass(errno, errval)
sqlalchemy.exc.OperationalError: (pymysql.err.OperationalError) (1054, "Unknown column 'user.name' in 'field list'")
[SQL: SELECT user.id AS user_id, user.username AS user_username, user.password_hash AS user_password_hash, user.`role` AS user_role, user.name AS user_name, user.position AS user_position, user.created_at AS user_created_at 
FROM user 
WHERE user.id = %(pk_1)s]
[parameters: {'pk_1': 6}]
(Background on this error at: https://sqlalche.me/e/20/e3q8)
2026-09-08 13:17:05 | ERROR | app | Request finalizing failed with an error while handling an error
Traceback (most recent call last):
  File "C:\Users\leegg\Documents\StockFlow_final_logging\.venv\Lib\site-packages\sqlalchemy\engine\base.py", line 1969, in _exec_single_context
    self.dialect.do_execute(
  File "C:\Users\leegg\Documents\StockFlow_final_logging\.venv\Lib\site-packages\sqlalchemy\engine\default.py", line 952, in do_execute
    cursor.execute(statement, parameters)
  File "C:\Users\leegg\Documents\StockFlow_final_logging\.venv\Lib\site-packages\pymysql\cursors.py", line 153, in execute
    result = self._query(query)
             ^^^^^^^^^^^^^^^^^^
  File "C:\Users\leegg\Documents\StockFlow_final_logging\.venv\Lib\site-packages\pymysql\cursors.py", line 322, in _query
    conn.query(q)
  File "C:\Users\leegg\Documents\StockFlow_final_logging\.venv\Lib\site-packages\pymysql\connections.py", line 575, in query
    self._affected_rows = self._read_query_result(unbuffered=unbuffered)
                          ^^^^^^^^^^^^^^^^^^^^^^^^^^^^^^^^^^^^^^^^^^^^^^
  File "C:\Users\leegg\Documents\StockFlow_final_logging\.venv\Lib\site-packages\pymysql\connections.py", line 826, in _read_query_result
    result.read()
  File "C:\Users\leegg\Documents\StockFlow_final_logging\.venv\Lib\site-packages\pymysql\connections.py", line 1203, in read
    first_packet = self.connection._read_packet()
                   ^^^^^^^^^^^^^^^^^^^^^^^^^^^^^^
  File "C:\Users\leegg\Documents\StockFlow_final_logging\.venv\Lib\site-packages\pymysql\connections.py", line 782, in _read_packet
    packet.raise_for_error()
  File "C:\Users\leegg\Documents\StockFlow_final_logging\.venv\Lib\site-packages\pymysql\protocol.py", line 219, in raise_for_error
    err.raise_mysql_exception(self._data)
  File "C:\Users\leegg\Documents\StockFlow_final_logging\.venv\Lib\site-packages\pymysql\err.py", line 150, in raise_mysql_exception
    raise errorclass(errno, errval)
pymysql.err.OperationalError: (1054, "Unknown column 'user.name' in 'field list'")

The above exception was the direct cause of the following exception:

Traceback (most recent call last):
  File "C:\Users\leegg\Documents\StockFlow_final_logging\.venv\Lib\site-packages\flask\app.py", line 1511, in wsgi_app
    response = self.full_dispatch_request()
               ^^^^^^^^^^^^^^^^^^^^^^^^^^^^
  File "C:\Users\leegg\Documents\StockFlow_final_logging\.venv\Lib\site-packages\flask\app.py", line 920, in full_dispatch_request
    return self.finalize_request(rv)
           ^^^^^^^^^^^^^^^^^^^^^^^^^
  File "C:\Users\leegg\Documents\StockFlow_final_logging\.venv\Lib\site-packages\flask\app.py", line 941, in finalize_request
    response = self.process_response(response)
               ^^^^^^^^^^^^^^^^^^^^^^^^^^^^^^^
  File "C:\Users\leegg\Documents\StockFlow_final_logging\.venv\Lib\site-packages\flask\app.py", line 1319, in process_response
    response = self.ensure_sync(func)(response)
               ^^^^^^^^^^^^^^^^^^^^^^^^^^^^^^^^
  File "C:\Users\leegg\Documents\StockFlow_final_logging\app\__init__.py", line 42, in _request_end
    getattr(current_user, "id", None) if current_user.is_authenticated else None
                                         ^^^^^^^^^^^^^^^^^^^^^^^^^^^^^
  File "C:\Users\leegg\Documents\StockFlow_final_logging\.venv\Lib\site-packages\werkzeug\local.py", line 318, in __get__
    obj = instance._get_current_object()
          ^^^^^^^^^^^^^^^^^^^^^^^^^^^^^^
  File "C:\Users\leegg\Documents\StockFlow_final_logging\.venv\Lib\site-packages\werkzeug\local.py", line 526, in _get_current_object
    return get_name(local())
                    ^^^^^^^
  File "C:\Users\leegg\Documents\StockFlow_final_logging\.venv\Lib\site-packages\flask_login\utils.py", line 25, in <lambda>
    current_user = LocalProxy(lambda: _get_user())
                                      ^^^^^^^^^^^
  File "C:\Users\leegg\Documents\StockFlow_final_logging\.venv\Lib\site-packages\flask_login\utils.py", line 370, in _get_user
    current_app.login_manager._load_user()
  File "C:\Users\leegg\Documents\StockFlow_final_logging\.venv\Lib\site-packages\flask_login\login_manager.py", line 364, in _load_user
    user = self._user_callback(user_id)
           ^^^^^^^^^^^^^^^^^^^^^^^^^^^^
  File "C:\Users\leegg\Documents\StockFlow_final_logging\app\__init__.py", line 86, in load_user
    return db.session.get(User, int(user_id))
           ^^^^^^^^^^^^^^^^^^^^^^^^^^^^^^^^^^
  File "C:\Users\leegg\Documents\StockFlow_final_logging\.venv\Lib\site-packages\sqlalchemy\orm\scoping.py", line 1043, in get
    return self._proxied.get(
           ^^^^^^^^^^^^^^^^^^
  File "C:\Users\leegg\Documents\StockFlow_final_logging\.venv\Lib\site-packages\sqlalchemy\orm\session.py", line 3702, in get
    return self._get_impl(
           ^^^^^^^^^^^^^^^
  File "C:\Users\leegg\Documents\StockFlow_final_logging\.venv\Lib\site-packages\sqlalchemy\orm\session.py", line 3881, in _get_impl
    return db_load_fn(
           ^^^^^^^^^^^
  File "C:\Users\leegg\Documents\StockFlow_final_logging\.venv\Lib\site-packages\sqlalchemy\orm\loading.py", line 695, in load_on_pk_identity
    session.execute(
  File "C:\Users\leegg\Documents\StockFlow_final_logging\.venv\Lib\site-packages\sqlalchemy\orm\session.py", line 2373, in execute
    return self._execute_internal(
           ^^^^^^^^^^^^^^^^^^^^^^^
  File "C:\Users\leegg\Documents\StockFlow_final_logging\.venv\Lib\site-packages\sqlalchemy\orm\session.py", line 2271, in _execute_internal
    result: Result[Any] = compile_state_cls.orm_execute_statement(
                          ^^^^^^^^^^^^^^^^^^^^^^^^^^^^^^^^^^^^^^^^
  File "C:\Users\leegg\Documents\StockFlow_final_logging\.venv\Lib\site-packages\sqlalchemy\orm\context.py", line 306, in orm_execute_statement
    result = conn.execute(
             ^^^^^^^^^^^^^
  File "C:\Users\leegg\Documents\StockFlow_final_logging\.venv\Lib\site-packages\sqlalchemy\engine\base.py", line 1421, in execute
    return meth(
           ^^^^^
  File "C:\Users\leegg\Documents\StockFlow_final_logging\.venv\Lib\site-packages\sqlalchemy\sql\elements.py", line 526, in _execute_on_connection
    return connection._execute_clauseelement(
           ^^^^^^^^^^^^^^^^^^^^^^^^^^^^^^^^^^
  File "C:\Users\leegg\Documents\StockFlow_final_logging\.venv\Lib\site-packages\sqlalchemy\engine\base.py", line 1643, in _execute_clauseelement
    ret = self._execute_context(
          ^^^^^^^^^^^^^^^^^^^^^^
  File "C:\Users\leegg\Documents\StockFlow_final_logging\.venv\Lib\site-packages\sqlalchemy\engine\base.py", line 1848, in _execute_context
    return self._exec_single_context(
           ^^^^^^^^^^^^^^^^^^^^^^^^^^
  File "C:\Users\leegg\Documents\StockFlow_final_logging\.venv\Lib\site-packages\sqlalchemy\engine\base.py", line 1988, in _exec_single_context
    self._handle_dbapi_exception(
  File "C:\Users\leegg\Documents\StockFlow_final_logging\.venv\Lib\site-packages\sqlalchemy\engine\base.py", line 2365, in _handle_dbapi_exception
    raise sqlalchemy_exception.with_traceback(exc_info[2]) from e
  File "C:\Users\leegg\Documents\StockFlow_final_logging\.venv\Lib\site-packages\sqlalchemy\engine\base.py", line 1969, in _exec_single_context
    self.dialect.do_execute(
  File "C:\Users\leegg\Documents\StockFlow_final_logging\.venv\Lib\site-packages\sqlalchemy\engine\default.py", line 952, in do_execute
    cursor.execute(statement, parameters)
  File "C:\Users\leegg\Documents\StockFlow_final_logging\.venv\Lib\site-packages\pymysql\cursors.py", line 153, in execute
    result = self._query(query)
             ^^^^^^^^^^^^^^^^^^
  File "C:\Users\leegg\Documents\StockFlow_final_logging\.venv\Lib\site-packages\pymysql\cursors.py", line 322, in _query
    conn.query(q)
  File "C:\Users\leegg\Documents\StockFlow_final_logging\.venv\Lib\site-packages\pymysql\connections.py", line 575, in query
    self._affected_rows = self._read_query_result(unbuffered=unbuffered)
                          ^^^^^^^^^^^^^^^^^^^^^^^^^^^^^^^^^^^^^^^^^^^^^^
  File "C:\Users\leegg\Documents\StockFlow_final_logging\.venv\Lib\site-packages\pymysql\connections.py", line 826, in _read_query_result
    result.read()
  File "C:\Users\leegg\Documents\StockFlow_final_logging\.venv\Lib\site-packages\pymysql\connections.py", line 1203, in read
    first_packet = self.connection._read_packet()
                   ^^^^^^^^^^^^^^^^^^^^^^^^^^^^^^
  File "C:\Users\leegg\Documents\StockFlow_final_logging\.venv\Lib\site-packages\pymysql\connections.py", line 782, in _read_packet
    packet.raise_for_error()
  File "C:\Users\leegg\Documents\StockFlow_final_logging\.venv\Lib\site-packages\pymysql\protocol.py", line 219, in raise_for_error
    err.raise_mysql_exception(self._data)
  File "C:\Users\leegg\Documents\StockFlow_final_logging\.venv\Lib\site-packages\pymysql\err.py", line 150, in raise_mysql_exception
    raise errorclass(errno, errval)
sqlalchemy.exc.OperationalError: (pymysql.err.OperationalError) (1054, "Unknown column 'user.name' in 'field list'")
[SQL: SELECT user.id AS user_id, user.username AS user_username, user.password_hash AS user_password_hash, user.`role` AS user_role, user.name AS user_name, user.position AS user_position, user.created_at AS user_created_at 
FROM user 
WHERE user.id = %(pk_1)s]
[parameters: {'pk_1': 6}]
(Background on this error at: https://sqlalche.me/e/20/e3q8)

During handling of the above exception, another exception occurred:

Traceback (most recent call last):
  File "C:\Users\leegg\Documents\StockFlow_final_logging\.venv\Lib\site-packages\sqlalchemy\engine\base.py", line 1969, in _exec_single_context
    self.dialect.do_execute(
  File "C:\Users\leegg\Documents\StockFlow_final_logging\.venv\Lib\site-packages\sqlalchemy\engine\default.py", line 952, in do_execute
    cursor.execute(statement, parameters)
  File "C:\Users\leegg\Documents\StockFlow_final_logging\.venv\Lib\site-packages\pymysql\cursors.py", line 153, in execute
    result = self._query(query)
             ^^^^^^^^^^^^^^^^^^
  File "C:\Users\leegg\Documents\StockFlow_final_logging\.venv\Lib\site-packages\pymysql\cursors.py", line 322, in _query
    conn.query(q)
  File "C:\Users\leegg\Documents\StockFlow_final_logging\.venv\Lib\site-packages\pymysql\connections.py", line 575, in query
    self._affected_rows = self._read_query_result(unbuffered=unbuffered)
                          ^^^^^^^^^^^^^^^^^^^^^^^^^^^^^^^^^^^^^^^^^^^^^^
  File "C:\Users\leegg\Documents\StockFlow_final_logging\.venv\Lib\site-packages\pymysql\connections.py", line 826, in _read_query_result
    result.read()
  File "C:\Users\leegg\Documents\StockFlow_final_logging\.venv\Lib\site-packages\pymysql\connections.py", line 1203, in read
    first_packet = self.connection._read_packet()
                   ^^^^^^^^^^^^^^^^^^^^^^^^^^^^^^
  File "C:\Users\leegg\Documents\StockFlow_final_logging\.venv\Lib\site-packages\pymysql\connections.py", line 782, in _read_packet
    packet.raise_for_error()
  File "C:\Users\leegg\Documents\StockFlow_final_logging\.venv\Lib\site-packages\pymysql\protocol.py", line 219, in raise_for_error
    err.raise_mysql_exception(self._data)
  File "C:\Users\leegg\Documents\StockFlow_final_logging\.venv\Lib\site-packages\pymysql\err.py", line 150, in raise_mysql_exception
    raise errorclass(errno, errval)
pymysql.err.OperationalError: (1054, "Unknown column 'user.name' in 'field list'")

The above exception was the direct cause of the following exception:

Traceback (most recent call last):
  File "C:\Users\leegg\Documents\StockFlow_final_logging\.venv\Lib\site-packages\flask\app.py", line 941, in finalize_request
    response = self.process_response(response)
               ^^^^^^^^^^^^^^^^^^^^^^^^^^^^^^^
  File "C:\Users\leegg\Documents\StockFlow_final_logging\.venv\Lib\site-packages\flask\app.py", line 1319, in process_response
    response = self.ensure_sync(func)(response)
               ^^^^^^^^^^^^^^^^^^^^^^^^^^^^^^^^
  File "C:\Users\leegg\Documents\StockFlow_final_logging\app\__init__.py", line 42, in _request_end
    getattr(current_user, "id", None) if current_user.is_authenticated else None
                                         ^^^^^^^^^^^^^^^^^^^^^^^^^^^^^
  File "C:\Users\leegg\Documents\StockFlow_final_logging\.venv\Lib\site-packages\werkzeug\local.py", line 318, in __get__
    obj = instance._get_current_object()
          ^^^^^^^^^^^^^^^^^^^^^^^^^^^^^^
  File "C:\Users\leegg\Documents\StockFlow_final_logging\.venv\Lib\site-packages\werkzeug\local.py", line 526, in _get_current_object
    return get_name(local())
                    ^^^^^^^
  File "C:\Users\leegg\Documents\StockFlow_final_logging\.venv\Lib\site-packages\flask_login\utils.py", line 25, in <lambda>
    current_user = LocalProxy(lambda: _get_user())
                                      ^^^^^^^^^^^
  File "C:\Users\leegg\Documents\StockFlow_final_logging\.venv\Lib\site-packages\flask_login\utils.py", line 370, in _get_user
    current_app.login_manager._load_user()
  File "C:\Users\leegg\Documents\StockFlow_final_logging\.venv\Lib\site-packages\flask_login\login_manager.py", line 364, in _load_user
    user = self._user_callback(user_id)
           ^^^^^^^^^^^^^^^^^^^^^^^^^^^^
  File "C:\Users\leegg\Documents\StockFlow_final_logging\app\__init__.py", line 86, in load_user
    return db.session.get(User, int(user_id))
           ^^^^^^^^^^^^^^^^^^^^^^^^^^^^^^^^^^
  File "C:\Users\leegg\Documents\StockFlow_final_logging\.venv\Lib\site-packages\sqlalchemy\orm\scoping.py", line 1043, in get
    return self._proxied.get(
           ^^^^^^^^^^^^^^^^^^
  File "C:\Users\leegg\Documents\StockFlow_final_logging\.venv\Lib\site-packages\sqlalchemy\orm\session.py", line 3702, in get
    return self._get_impl(
           ^^^^^^^^^^^^^^^
  File "C:\Users\leegg\Documents\StockFlow_final_logging\.venv\Lib\site-packages\sqlalchemy\orm\session.py", line 3881, in _get_impl
    return db_load_fn(
           ^^^^^^^^^^^
  File "C:\Users\leegg\Documents\StockFlow_final_logging\.venv\Lib\site-packages\sqlalchemy\orm\loading.py", line 695, in load_on_pk_identity
    session.execute(
  File "C:\Users\leegg\Documents\StockFlow_final_logging\.venv\Lib\site-packages\sqlalchemy\orm\session.py", line 2373, in execute
    return self._execute_internal(
           ^^^^^^^^^^^^^^^^^^^^^^^
  File "C:\Users\leegg\Documents\StockFlow_final_logging\.venv\Lib\site-packages\sqlalchemy\orm\session.py", line 2271, in _execute_internal
    result: Result[Any] = compile_state_cls.orm_execute_statement(
                          ^^^^^^^^^^^^^^^^^^^^^^^^^^^^^^^^^^^^^^^^
  File "C:\Users\leegg\Documents\StockFlow_final_logging\.venv\Lib\site-packages\sqlalchemy\orm\context.py", line 306, in orm_execute_statement
    result = conn.execute(
             ^^^^^^^^^^^^^
  File "C:\Users\leegg\Documents\StockFlow_final_logging\.venv\Lib\site-packages\sqlalchemy\engine\base.py", line 1421, in execute
    return meth(
           ^^^^^
  File "C:\Users\leegg\Documents\StockFlow_final_logging\.venv\Lib\site-packages\sqlalchemy\sql\elements.py", line 526, in _execute_on_connection
    return connection._execute_clauseelement(
           ^^^^^^^^^^^^^^^^^^^^^^^^^^^^^^^^^^
  File "C:\Users\leegg\Documents\StockFlow_final_logging\.venv\Lib\site-packages\sqlalchemy\engine\base.py", line 1643, in _execute_clauseelement
    ret = self._execute_context(
          ^^^^^^^^^^^^^^^^^^^^^^
  File "C:\Users\leegg\Documents\StockFlow_final_logging\.venv\Lib\site-packages\sqlalchemy\engine\base.py", line 1848, in _execute_context
    return self._exec_single_context(
           ^^^^^^^^^^^^^^^^^^^^^^^^^^
  File "C:\Users\leegg\Documents\StockFlow_final_logging\.venv\Lib\site-packages\sqlalchemy\engine\base.py", line 1988, in _exec_single_context
    self._handle_dbapi_exception(
  File "C:\Users\leegg\Documents\StockFlow_final_logging\.venv\Lib\site-packages\sqlalchemy\engine\base.py", line 2365, in _handle_dbapi_exception
    raise sqlalchemy_exception.with_traceback(exc_info[2]) from e
  File "C:\Users\leegg\Documents\StockFlow_final_logging\.venv\Lib\site-packages\sqlalchemy\engine\base.py", line 1969, in _exec_single_context
    self.dialect.do_execute(
  File "C:\Users\leegg\Documents\StockFlow_final_logging\.venv\Lib\site-packages\sqlalchemy\engine\default.py", line 952, in do_execute
    cursor.execute(statement, parameters)
  File "C:\Users\leegg\Documents\StockFlow_final_logging\.venv\Lib\site-packages\pymysql\cursors.py", line 153, in execute
    result = self._query(query)
             ^^^^^^^^^^^^^^^^^^
  File "C:\Users\leegg\Documents\StockFlow_final_logging\.venv\Lib\site-packages\pymysql\cursors.py", line 322, in _query
    conn.query(q)
  File "C:\Users\leegg\Documents\StockFlow_final_logging\.venv\Lib\site-packages\pymysql\connections.py", line 575, in query
    self._affected_rows = self._read_query_result(unbuffered=unbuffered)
                          ^^^^^^^^^^^^^^^^^^^^^^^^^^^^^^^^^^^^^^^^^^^^^^
  File "C:\Users\leegg\Documents\StockFlow_final_logging\.venv\Lib\site-packages\pymysql\connections.py", line 826, in _read_query_result
    result.read()
  File "C:\Users\leegg\Documents\StockFlow_final_logging\.venv\Lib\site-packages\pymysql\connections.py", line 1203, in read
    first_packet = self.connection._read_packet()
                   ^^^^^^^^^^^^^^^^^^^^^^^^^^^^^^
  File "C:\Users\leegg\Documents\StockFlow_final_logging\.venv\Lib\site-packages\pymysql\connections.py", line 782, in _read_packet
    packet.raise_for_error()
  File "C:\Users\leegg\Documents\StockFlow_final_logging\.venv\Lib\site-packages\pymysql\protocol.py", line 219, in raise_for_error
    err.raise_mysql_exception(self._data)
  File "C:\Users\leegg\Documents\StockFlow_final_logging\.venv\Lib\site-packages\pymysql\err.py", line 150, in raise_mysql_exception
    raise errorclass(errno, errval)
sqlalchemy.exc.OperationalError: (pymysql.err.OperationalError) (1054, "Unknown column 'user.name' in 'field list'")
[SQL: SELECT user.id AS user_id, user.username AS user_username, user.password_hash AS user_password_hash, user.`role` AS user_role, user.name AS user_name, user.position AS user_position, user.created_at AS user_created_at 
FROM user 
WHERE user.id = %(pk_1)s]
[parameters: {'pk_1': 6}]
(Background on this error at: https://sqlalche.me/e/20/e3q8)
2026-09-09 15:32:12 | ERROR | app | Unhandled exception | request_id=5c3567586fdb | method=POST | path=/login
Traceback (most recent call last):
  File "C:\Users\leegg\Documents\StockFlow_final_logging\.venv\Lib\site-packages\sqlalchemy\engine\base.py", line 1969, in _exec_single_context
    self.dialect.do_execute(
  File "C:\Users\leegg\Documents\StockFlow_final_logging\.venv\Lib\site-packages\sqlalchemy\engine\default.py", line 952, in do_execute
    cursor.execute(statement, parameters)
  File "C:\Users\leegg\Documents\StockFlow_final_logging\.venv\Lib\site-packages\pymysql\cursors.py", line 153, in execute
    result = self._query(query)
             ^^^^^^^^^^^^^^^^^^
  File "C:\Users\leegg\Documents\StockFlow_final_logging\.venv\Lib\site-packages\pymysql\cursors.py", line 322, in _query
    conn.query(q)
  File "C:\Users\leegg\Documents\StockFlow_final_logging\.venv\Lib\site-packages\pymysql\connections.py", line 575, in query
    self._affected_rows = self._read_query_result(unbuffered=unbuffered)
                          ^^^^^^^^^^^^^^^^^^^^^^^^^^^^^^^^^^^^^^^^^^^^^^
  File "C:\Users\leegg\Documents\StockFlow_final_logging\.venv\Lib\site-packages\pymysql\connections.py", line 826, in _read_query_result
    result.read()
  File "C:\Users\leegg\Documents\StockFlow_final_logging\.venv\Lib\site-packages\pymysql\connections.py", line 1203, in read
    first_packet = self.connection._read_packet()
                   ^^^^^^^^^^^^^^^^^^^^^^^^^^^^^^
  File "C:\Users\leegg\Documents\StockFlow_final_logging\.venv\Lib\site-packages\pymysql\connections.py", line 782, in _read_packet
    packet.raise_for_error()
  File "C:\Users\leegg\Documents\StockFlow_final_logging\.venv\Lib\site-packages\pymysql\protocol.py", line 219, in raise_for_error
    err.raise_mysql_exception(self._data)
  File "C:\Users\leegg\Documents\StockFlow_final_logging\.venv\Lib\site-packages\pymysql\err.py", line 150, in raise_mysql_exception
    raise errorclass(errno, errval)
pymysql.err.OperationalError: (1054, "Unknown column 'user.name' in 'field list'")

The above exception was the direct cause of the following exception:

Traceback (most recent call last):
  File "C:\Users\leegg\Documents\StockFlow_final_logging\.venv\Lib\site-packages\flask\app.py", line 917, in full_dispatch_request
    rv = self.dispatch_request()
         ^^^^^^^^^^^^^^^^^^^^^^^
  File "C:\Users\leegg\Documents\StockFlow_final_logging\.venv\Lib\site-packages\flask\app.py", line 902, in dispatch_request
    return self.ensure_sync(self.view_functions[rule.endpoint])(**view_args)  # type: ignore[no-any-return]
           ^^^^^^^^^^^^^^^^^^^^^^^^^^^^^^^^^^^^^^^^^^^^^^^^^^^^^^^^^^^^^^^^^
  File "C:\Users\leegg\Documents\StockFlow_final_logging\app\routes\auth.py", line 21, in login
    ).first()
      ^^^^^^^
  File "C:\Users\leegg\Documents\StockFlow_final_logging\.venv\Lib\site-packages\sqlalchemy\orm\query.py", line 2766, in first
    return self.limit(1)._iter().first()  # type: ignore
           ^^^^^^^^^^^^^^^^^^^^^
  File "C:\Users\leegg\Documents\StockFlow_final_logging\.venv\Lib\site-packages\sqlalchemy\orm\query.py", line 2864, in _iter
    result: Union[ScalarResult[_T], Result[_T]] = self.session.execute(
                                                  ^^^^^^^^^^^^^^^^^^^^^
  File "C:\Users\leegg\Documents\StockFlow_final_logging\.venv\Lib\site-packages\sqlalchemy\orm\session.py", line 2373, in execute
    return self._execute_internal(
           ^^^^^^^^^^^^^^^^^^^^^^^
  File "C:\Users\leegg\Documents\StockFlow_final_logging\.venv\Lib\site-packages\sqlalchemy\orm\session.py", line 2271, in _execute_internal
    result: Result[Any] = compile_state_cls.orm_execute_statement(
                          ^^^^^^^^^^^^^^^^^^^^^^^^^^^^^^^^^^^^^^^^
  File "C:\Users\leegg\Documents\StockFlow_final_logging\.venv\Lib\site-packages\sqlalchemy\orm\context.py", line 306, in orm_execute_statement
    result = conn.execute(
             ^^^^^^^^^^^^^
  File "C:\Users\leegg\Documents\StockFlow_final_logging\.venv\Lib\site-packages\sqlalchemy\engine\base.py", line 1421, in execute
    return meth(
           ^^^^^
  File "C:\Users\leegg\Documents\StockFlow_final_logging\.venv\Lib\site-packages\sqlalchemy\sql\elements.py", line 526, in _execute_on_connection
    return connection._execute_clauseelement(
           ^^^^^^^^^^^^^^^^^^^^^^^^^^^^^^^^^^
  File "C:\Users\leegg\Documents\StockFlow_final_logging\.venv\Lib\site-packages\sqlalchemy\engine\base.py", line 1643, in _execute_clauseelement
    ret = self._execute_context(
          ^^^^^^^^^^^^^^^^^^^^^^
  File "C:\Users\leegg\Documents\StockFlow_final_logging\.venv\Lib\site-packages\sqlalchemy\engine\base.py", line 1848, in _execute_context
    return self._exec_single_context(
           ^^^^^^^^^^^^^^^^^^^^^^^^^^
  File "C:\Users\leegg\Documents\StockFlow_final_logging\.venv\Lib\site-packages\sqlalchemy\engine\base.py", line 1988, in _exec_single_context
    self._handle_dbapi_exception(
  File "C:\Users\leegg\Documents\StockFlow_final_logging\.venv\Lib\site-packages\sqlalchemy\engine\base.py", line 2365, in _handle_dbapi_exception
    raise sqlalchemy_exception.with_traceback(exc_info[2]) from e
  File "C:\Users\leegg\Documents\StockFlow_final_logging\.venv\Lib\site-packages\sqlalchemy\engine\base.py", line 1969, in _exec_single_context
    self.dialect.do_execute(
  File "C:\Users\leegg\Documents\StockFlow_final_logging\.venv\Lib\site-packages\sqlalchemy\engine\default.py", line 952, in do_execute
    cursor.execute(statement, parameters)
  File "C:\Users\leegg\Documents\StockFlow_final_logging\.venv\Lib\site-packages\pymysql\cursors.py", line 153, in execute
    result = self._query(query)
             ^^^^^^^^^^^^^^^^^^
  File "C:\Users\leegg\Documents\StockFlow_final_logging\.venv\Lib\site-packages\pymysql\cursors.py", line 322, in _query
    conn.query(q)
  File "C:\Users\leegg\Documents\StockFlow_final_logging\.venv\Lib\site-packages\pymysql\connections.py", line 575, in query
    self._affected_rows = self._read_query_result(unbuffered=unbuffered)
                          ^^^^^^^^^^^^^^^^^^^^^^^^^^^^^^^^^^^^^^^^^^^^^^
  File "C:\Users\leegg\Documents\StockFlow_final_logging\.venv\Lib\site-packages\pymysql\connections.py", line 826, in _read_query_result
    result.read()
  File "C:\Users\leegg\Documents\StockFlow_final_logging\.venv\Lib\site-packages\pymysql\connections.py", line 1203, in read
    first_packet = self.connection._read_packet()
                   ^^^^^^^^^^^^^^^^^^^^^^^^^^^^^^
  File "C:\Users\leegg\Documents\StockFlow_final_logging\.venv\Lib\site-packages\pymysql\connections.py", line 782, in _read_packet
    packet.raise_for_error()
  File "C:\Users\leegg\Documents\StockFlow_final_logging\.venv\Lib\site-packages\pymysql\protocol.py", line 219, in raise_for_error
    err.raise_mysql_exception(self._data)
  File "C:\Users\leegg\Documents\StockFlow_final_logging\.venv\Lib\site-packages\pymysql\err.py", line 150, in raise_mysql_exception
    raise errorclass(errno, errval)
sqlalchemy.exc.OperationalError: (pymysql.err.OperationalError) (1054, "Unknown column 'user.name' in 'field list'")
[SQL: SELECT user.id AS user_id, user.username AS user_username, user.password_hash AS user_password_hash, user.`role` AS user_role, user.name AS user_name, user.position AS user_position, user.created_at AS user_created_at 
FROM user 
WHERE user.username = %(username_1)s 
 LIMIT %(param_1)s]
[parameters: {'username_1': 'y1234', 'param_1': 1}]
(Background on this error at: https://sqlalche.me/e/20/e3q8)
2026-09-09 15:32:28 | ERROR | app | Unhandled exception | request_id=1946b653fbe5 | method=POST | path=/register
Traceback (most recent call last):
  File "C:\Users\leegg\Documents\StockFlow_final_logging\.venv\Lib\site-packages\sqlalchemy\engine\base.py", line 1969, in _exec_single_context
    self.dialect.do_execute(
  File "C:\Users\leegg\Documents\StockFlow_final_logging\.venv\Lib\site-packages\sqlalchemy\engine\default.py", line 952, in do_execute
    cursor.execute(statement, parameters)
  File "C:\Users\leegg\Documents\StockFlow_final_logging\.venv\Lib\site-packages\pymysql\cursors.py", line 153, in execute
    result = self._query(query)
             ^^^^^^^^^^^^^^^^^^
  File "C:\Users\leegg\Documents\StockFlow_final_logging\.venv\Lib\site-packages\pymysql\cursors.py", line 322, in _query
    conn.query(q)
  File "C:\Users\leegg\Documents\StockFlow_final_logging\.venv\Lib\site-packages\pymysql\connections.py", line 575, in query
    self._affected_rows = self._read_query_result(unbuffered=unbuffered)
                          ^^^^^^^^^^^^^^^^^^^^^^^^^^^^^^^^^^^^^^^^^^^^^^
  File "C:\Users\leegg\Documents\StockFlow_final_logging\.venv\Lib\site-packages\pymysql\connections.py", line 826, in _read_query_result
    result.read()
  File "C:\Users\leegg\Documents\StockFlow_final_logging\.venv\Lib\site-packages\pymysql\connections.py", line 1203, in read
    first_packet = self.connection._read_packet()
                   ^^^^^^^^^^^^^^^^^^^^^^^^^^^^^^
  File "C:\Users\leegg\Documents\StockFlow_final_logging\.venv\Lib\site-packages\pymysql\connections.py", line 782, in _read_packet
    packet.raise_for_error()
  File "C:\Users\leegg\Documents\StockFlow_final_logging\.venv\Lib\site-packages\pymysql\protocol.py", line 219, in raise_for_error
    err.raise_mysql_exception(self._data)
  File "C:\Users\leegg\Documents\StockFlow_final_logging\.venv\Lib\site-packages\pymysql\err.py", line 150, in raise_mysql_exception
    raise errorclass(errno, errval)
pymysql.err.OperationalError: (1054, "Unknown column 'user.name' in 'field list'")

The above exception was the direct cause of the following exception:

Traceback (most recent call last):
  File "C:\Users\leegg\Documents\StockFlow_final_logging\.venv\Lib\site-packages\flask\app.py", line 917, in full_dispatch_request
    rv = self.dispatch_request()
         ^^^^^^^^^^^^^^^^^^^^^^^
  File "C:\Users\leegg\Documents\StockFlow_final_logging\.venv\Lib\site-packages\flask\app.py", line 902, in dispatch_request
    return self.ensure_sync(self.view_functions[rule.endpoint])(**view_args)  # type: ignore[no-any-return]
           ^^^^^^^^^^^^^^^^^^^^^^^^^^^^^^^^^^^^^^^^^^^^^^^^^^^^^^^^^^^^^^^^^
  File "C:\Users\leegg\Documents\StockFlow_final_logging\app\routes\auth.py", line 58, in register
    elif User.query.filter_by(username=username).first():
         ^^^^^^^^^^^^^^^^^^^^^^^^^^^^^^^^^^^^^^^^^^^^^^^
  File "C:\Users\leegg\Documents\StockFlow_final_logging\.venv\Lib\site-packages\sqlalchemy\orm\query.py", line 2766, in first
    return self.limit(1)._iter().first()  # type: ignore
           ^^^^^^^^^^^^^^^^^^^^^
  File "C:\Users\leegg\Documents\StockFlow_final_logging\.venv\Lib\site-packages\sqlalchemy\orm\query.py", line 2864, in _iter
    result: Union[ScalarResult[_T], Result[_T]] = self.session.execute(
                                                  ^^^^^^^^^^^^^^^^^^^^^
  File "C:\Users\leegg\Documents\StockFlow_final_logging\.venv\Lib\site-packages\sqlalchemy\orm\session.py", line 2373, in execute
    return self._execute_internal(
           ^^^^^^^^^^^^^^^^^^^^^^^
  File "C:\Users\leegg\Documents\StockFlow_final_logging\.venv\Lib\site-packages\sqlalchemy\orm\session.py", line 2271, in _execute_internal
    result: Result[Any] = compile_state_cls.orm_execute_statement(
                          ^^^^^^^^^^^^^^^^^^^^^^^^^^^^^^^^^^^^^^^^
  File "C:\Users\leegg\Documents\StockFlow_final_logging\.venv\Lib\site-packages\sqlalchemy\orm\context.py", line 306, in orm_execute_statement
    result = conn.execute(
             ^^^^^^^^^^^^^
  File "C:\Users\leegg\Documents\StockFlow_final_logging\.venv\Lib\site-packages\sqlalchemy\engine\base.py", line 1421, in execute
    return meth(
           ^^^^^
  File "C:\Users\leegg\Documents\StockFlow_final_logging\.venv\Lib\site-packages\sqlalchemy\sql\elements.py", line 526, in _execute_on_connection
    return connection._execute_clauseelement(
           ^^^^^^^^^^^^^^^^^^^^^^^^^^^^^^^^^^
  File "C:\Users\leegg\Documents\StockFlow_final_logging\.venv\Lib\site-packages\sqlalchemy\engine\base.py", line 1643, in _execute_clauseelement
    ret = self._execute_context(
          ^^^^^^^^^^^^^^^^^^^^^^
  File "C:\Users\leegg\Documents\StockFlow_final_logging\.venv\Lib\site-packages\sqlalchemy\engine\base.py", line 1848, in _execute_context
    return self._exec_single_context(
           ^^^^^^^^^^^^^^^^^^^^^^^^^^
  File "C:\Users\leegg\Documents\StockFlow_final_logging\.venv\Lib\site-packages\sqlalchemy\engine\base.py", line 1988, in _exec_single_context
    self._handle_dbapi_exception(
  File "C:\Users\leegg\Documents\StockFlow_final_logging\.venv\Lib\site-packages\sqlalchemy\engine\base.py", line 2365, in _handle_dbapi_exception
    raise sqlalchemy_exception.with_traceback(exc_info[2]) from e
  File "C:\Users\leegg\Documents\StockFlow_final_logging\.venv\Lib\site-packages\sqlalchemy\engine\base.py", line 1969, in _exec_single_context
    self.dialect.do_execute(
  File "C:\Users\leegg\Documents\StockFlow_final_logging\.venv\Lib\site-packages\sqlalchemy\engine\default.py", line 952, in do_execute
    cursor.execute(statement, parameters)
  File "C:\Users\leegg\Documents\StockFlow_final_logging\.venv\Lib\site-packages\pymysql\cursors.py", line 153, in execute
    result = self._query(query)
             ^^^^^^^^^^^^^^^^^^
  File "C:\Users\leegg\Documents\StockFlow_final_logging\.venv\Lib\site-packages\pymysql\cursors.py", line 322, in _query
    conn.query(q)
  File "C:\Users\leegg\Documents\StockFlow_final_logging\.venv\Lib\site-packages\pymysql\connections.py", line 575, in query
    self._affected_rows = self._read_query_result(unbuffered=unbuffered)
                          ^^^^^^^^^^^^^^^^^^^^^^^^^^^^^^^^^^^^^^^^^^^^^^
  File "C:\Users\leegg\Documents\StockFlow_final_logging\.venv\Lib\site-packages\pymysql\connections.py", line 826, in _read_query_result
    result.read()
  File "C:\Users\leegg\Documents\StockFlow_final_logging\.venv\Lib\site-packages\pymysql\connections.py", line 1203, in read
    first_packet = self.connection._read_packet()
                   ^^^^^^^^^^^^^^^^^^^^^^^^^^^^^^
  File "C:\Users\leegg\Documents\StockFlow_final_logging\.venv\Lib\site-packages\pymysql\connections.py", line 782, in _read_packet
    packet.raise_for_error()
  File "C:\Users\leegg\Documents\StockFlow_final_logging\.venv\Lib\site-packages\pymysql\protocol.py", line 219, in raise_for_error
    err.raise_mysql_exception(self._data)
  File "C:\Users\leegg\Documents\StockFlow_final_logging\.venv\Lib\site-packages\pymysql\err.py", line 150, in raise_mysql_exception
    raise errorclass(errno, errval)
sqlalchemy.exc.OperationalError: (pymysql.err.OperationalError) (1054, "Unknown column 'user.name' in 'field list'")
[SQL: SELECT user.id AS user_id, user.username AS user_username, user.password_hash AS user_password_hash, user.`role` AS user_role, user.name AS user_name, user.position AS user_position, user.created_at AS user_created_at 
FROM user 
WHERE user.username = %(username_1)s 
 LIMIT %(param_1)s]
[parameters: {'username_1': 'y123', 'param_1': 1}]
(Background on this error at: https://sqlalche.me/e/20/e3q8)
2026-09-09 15:32:46 | ERROR | app | Unhandled exception | request_id=9ffd6888f804 | method=POST | path=/register
Traceback (most recent call last):
  File "C:\Users\leegg\Documents\StockFlow_final_logging\.venv\Lib\site-packages\sqlalchemy\engine\base.py", line 1969, in _exec_single_context
    self.dialect.do_execute(
  File "C:\Users\leegg\Documents\StockFlow_final_logging\.venv\Lib\site-packages\sqlalchemy\engine\default.py", line 952, in do_execute
    cursor.execute(statement, parameters)
  File "C:\Users\leegg\Documents\StockFlow_final_logging\.venv\Lib\site-packages\pymysql\cursors.py", line 153, in execute
    result = self._query(query)
             ^^^^^^^^^^^^^^^^^^
  File "C:\Users\leegg\Documents\StockFlow_final_logging\.venv\Lib\site-packages\pymysql\cursors.py", line 322, in _query
    conn.query(q)
  File "C:\Users\leegg\Documents\StockFlow_final_logging\.venv\Lib\site-packages\pymysql\connections.py", line 575, in query
    self._affected_rows = self._read_query_result(unbuffered=unbuffered)
                          ^^^^^^^^^^^^^^^^^^^^^^^^^^^^^^^^^^^^^^^^^^^^^^
  File "C:\Users\leegg\Documents\StockFlow_final_logging\.venv\Lib\site-packages\pymysql\connections.py", line 826, in _read_query_result
    result.read()
  File "C:\Users\leegg\Documents\StockFlow_final_logging\.venv\Lib\site-packages\pymysql\connections.py", line 1203, in read
    first_packet = self.connection._read_packet()
                   ^^^^^^^^^^^^^^^^^^^^^^^^^^^^^^
  File "C:\Users\leegg\Documents\StockFlow_final_logging\.venv\Lib\site-packages\pymysql\connections.py", line 782, in _read_packet
    packet.raise_for_error()
  File "C:\Users\leegg\Documents\StockFlow_final_logging\.venv\Lib\site-packages\pymysql\protocol.py", line 219, in raise_for_error
    err.raise_mysql_exception(self._data)
  File "C:\Users\leegg\Documents\StockFlow_final_logging\.venv\Lib\site-packages\pymysql\err.py", line 150, in raise_mysql_exception
    raise errorclass(errno, errval)
pymysql.err.OperationalError: (1054, "Unknown column 'user.name' in 'field list'")

The above exception was the direct cause of the following exception:

Traceback (most recent call last):
  File "C:\Users\leegg\Documents\StockFlow_final_logging\.venv\Lib\site-packages\flask\app.py", line 917, in full_dispatch_request
    rv = self.dispatch_request()
         ^^^^^^^^^^^^^^^^^^^^^^^
  File "C:\Users\leegg\Documents\StockFlow_final_logging\.venv\Lib\site-packages\flask\app.py", line 902, in dispatch_request
    return self.ensure_sync(self.view_functions[rule.endpoint])(**view_args)  # type: ignore[no-any-return]
           ^^^^^^^^^^^^^^^^^^^^^^^^^^^^^^^^^^^^^^^^^^^^^^^^^^^^^^^^^^^^^^^^^
  File "C:\Users\leegg\Documents\StockFlow_final_logging\app\routes\auth.py", line 58, in register
    elif User.query.filter_by(username=username).first():
         ^^^^^^^^^^^^^^^^^^^^^^^^^^^^^^^^^^^^^^^^^^^^^^^
  File "C:\Users\leegg\Documents\StockFlow_final_logging\.venv\Lib\site-packages\sqlalchemy\orm\query.py", line 2766, in first
    return self.limit(1)._iter().first()  # type: ignore
           ^^^^^^^^^^^^^^^^^^^^^
  File "C:\Users\leegg\Documents\StockFlow_final_logging\.venv\Lib\site-packages\sqlalchemy\orm\query.py", line 2864, in _iter
    result: Union[ScalarResult[_T], Result[_T]] = self.session.execute(
                                                  ^^^^^^^^^^^^^^^^^^^^^
  File "C:\Users\leegg\Documents\StockFlow_final_logging\.venv\Lib\site-packages\sqlalchemy\orm\session.py", line 2373, in execute
    return self._execute_internal(
           ^^^^^^^^^^^^^^^^^^^^^^^
  File "C:\Users\leegg\Documents\StockFlow_final_logging\.venv\Lib\site-packages\sqlalchemy\orm\session.py", line 2271, in _execute_internal
    result: Result[Any] = compile_state_cls.orm_execute_statement(
                          ^^^^^^^^^^^^^^^^^^^^^^^^^^^^^^^^^^^^^^^^
  File "C:\Users\leegg\Documents\StockFlow_final_logging\.venv\Lib\site-packages\sqlalchemy\orm\context.py", line 306, in orm_execute_statement
    result = conn.execute(
             ^^^^^^^^^^^^^
  File "C:\Users\leegg\Documents\StockFlow_final_logging\.venv\Lib\site-packages\sqlalchemy\engine\base.py", line 1421, in execute
    return meth(
           ^^^^^
  File "C:\Users\leegg\Documents\StockFlow_final_logging\.venv\Lib\site-packages\sqlalchemy\sql\elements.py", line 526, in _execute_on_connection
    return connection._execute_clauseelement(
           ^^^^^^^^^^^^^^^^^^^^^^^^^^^^^^^^^^
  File "C:\Users\leegg\Documents\StockFlow_final_logging\.venv\Lib\site-packages\sqlalchemy\engine\base.py", line 1643, in _execute_clauseelement
    ret = self._execute_context(
          ^^^^^^^^^^^^^^^^^^^^^^
  File "C:\Users\leegg\Documents\StockFlow_final_logging\.venv\Lib\site-packages\sqlalchemy\engine\base.py", line 1848, in _execute_context
    return self._exec_single_context(
           ^^^^^^^^^^^^^^^^^^^^^^^^^^
  File "C:\Users\leegg\Documents\StockFlow_final_logging\.venv\Lib\site-packages\sqlalchemy\engine\base.py", line 1988, in _exec_single_context
    self._handle_dbapi_exception(
  File "C:\Users\leegg\Documents\StockFlow_final_logging\.venv\Lib\site-packages\sqlalchemy\engine\base.py", line 2365, in _handle_dbapi_exception
    raise sqlalchemy_exception.with_traceback(exc_info[2]) from e
  File "C:\Users\leegg\Documents\StockFlow_final_logging\.venv\Lib\site-packages\sqlalchemy\engine\base.py", line 1969, in _exec_single_context
    self.dialect.do_execute(
  File "C:\Users\leegg\Documents\StockFlow_final_logging\.venv\Lib\site-packages\sqlalchemy\engine\default.py", line 952, in do_execute
    cursor.execute(statement, parameters)
  File "C:\Users\leegg\Documents\StockFlow_final_logging\.venv\Lib\site-packages\pymysql\cursors.py", line 153, in execute
    result = self._query(query)
             ^^^^^^^^^^^^^^^^^^
  File "C:\Users\leegg\Documents\StockFlow_final_logging\.venv\Lib\site-packages\pymysql\cursors.py", line 322, in _query
    conn.query(q)
  File "C:\Users\leegg\Documents\StockFlow_final_logging\.venv\Lib\site-packages\pymysql\connections.py", line 575, in query
    self._affected_rows = self._read_query_result(unbuffered=unbuffered)
                          ^^^^^^^^^^^^^^^^^^^^^^^^^^^^^^^^^^^^^^^^^^^^^^
  File "C:\Users\leegg\Documents\StockFlow_final_logging\.venv\Lib\site-packages\pymysql\connections.py", line 826, in _read_query_result
    result.read()
  File "C:\Users\leegg\Documents\StockFlow_final_logging\.venv\Lib\site-packages\pymysql\connections.py", line 1203, in read
    first_packet = self.connection._read_packet()
                   ^^^^^^^^^^^^^^^^^^^^^^^^^^^^^^
  File "C:\Users\leegg\Documents\StockFlow_final_logging\.venv\Lib\site-packages\pymysql\connections.py", line 782, in _read_packet
    packet.raise_for_error()
  File "C:\Users\leegg\Documents\StockFlow_final_logging\.venv\Lib\site-packages\pymysql\protocol.py", line 219, in raise_for_error
    err.raise_mysql_exception(self._data)
  File "C:\Users\leegg\Documents\StockFlow_final_logging\.venv\Lib\site-packages\pymysql\err.py", line 150, in raise_mysql_exception
    raise errorclass(errno, errval)
sqlalchemy.exc.OperationalError: (pymysql.err.OperationalError) (1054, "Unknown column 'user.name' in 'field list'")
[SQL: SELECT user.id AS user_id, user.username AS user_username, user.password_hash AS user_password_hash, user.`role` AS user_role, user.name AS user_name, user.position AS user_position, user.created_at AS user_created_at 
FROM user 
WHERE user.username = %(username_1)s 
 LIMIT %(param_1)s]
[parameters: {'username_1': 'yksoo00', 'param_1': 1}]
(Background on this error at: https://sqlalche.me/e/20/e3q8)
